# Made in Blockbench 5.1.4
mtllib arvore.mtl

o cylinder
v -0.010638297872340424 -0.1108870967741935 -0.01111111111111111
v 0.08877359042553191 -0.1108870967741935 0.3513888888888889
v 0.11086521276595743 1.372983870967742 0.43194444444444446
v 0.2609604521276596 -0.1108870967741935 0.25425741666666674
v 0.28619082446808514 1.3183176008064517 0.2934138611111111
v 0.3603723404255319 -0.1108870967741935 0.08602036111111112
v 0.40769433510638303 1.3183176008064517 0.087791375
v 0.3603723404255319 -0.1108870967741935 -0.10824258333333334
v 0.44281914893617025 1.372983870967742 -0.12982744444444444
v 0.2609604521276596 -0.1108870967741935 -0.27647963888888893
v 0.3010361968085107 1.3646885685483872 -0.30113125
v 0.08877359042553191 -0.1108870967741935 -0.37361111111111117
v 0.0905861835106383 1.3646885685483872 -0.4198475833333334
v -0.11005018617021277 -0.1108870967741935 -0.37361111111111117
v -0.13214180851063828 1.372983870967742 -0.45416666666666666
v -0.28223704787234044 -0.1108870967741935 -0.27647963888888893
v -0.3425922340425532 1.3266129032258065 -0.33545033333333335
v -0.3816489361702128 -0.1108870967741935 -0.02768702777777778
v -0.4640957446808511 1.3266129032258065 -0.12982744444444444
v -0.3816489361702128 -0.1108870967741935 0.08602036111111112
v -0.4640957446808511 1.372983870967742 0.10760522222222224
v -0.28223704787234044 -0.1108870967741935 0.25425741666666674
v -0.3223127925531915 1.3183176008064517 0.2789090277777778
v -0.11005018617021277 -0.1108870967741935 0.3513888888888889
v -0.11186277925531916 1.3183176008064517 0.3976253611111112
v -0.28223704787234044 0.26008064516129037 -0.27647963888888893
v -0.11005018617021277 0.12096774193548376 -0.37361111111111117
v -0.25205945478723407 0.6310483870967745 -0.2469942916666667
v -0.099004375 0.6310483870967745 -0.3333333333333333
v -0.25205945478723407 1.002016129032258 -0.2469942916666667
v -0.099004375 1.002016129032258 -0.3333333333333333
v 0.08877359042553191 0.12096774193548376 -0.37361111111111117
v 0.07772777925531915 0.6310483870967745 -0.3333333333333333
v 0.07772777925531915 1.002016129032258 -0.3333333333333333
v 0.2609604521276596 0.26008064516129037 -0.27647963888888893
v 0.2307828590425532 0.6310483870967745 -0.2469942916666667
v 0.2307828590425532 1.002016129032258 -0.2469942916666667
v 0.3603723404255319 0.26008064516129037 -0.10824258333333334
v 0.3191489361702128 0.6310483870967745 -0.09745015277777778
v 0.3191489361702128 1.002016129032258 -0.09745015277777778
v 0.3603723404255319 0.21370967741935487 0.08602036111111112
v 0.3191489361702128 0.6310483870967745 0.07522793055555556
v 0.3191489361702128 1.002016129032258 0.07522793055555556
v 0.2609604521276596 0.21370967741935487 0.25425741666666674
v 0.2307828590425532 0.6310483870967745 0.2247720694444445
v 0.2307828590425532 1.002016129032258 0.2247720694444445
v 0.08877359042553191 0.26008064516129037 0.3513888888888889
v 0.07772777925531915 0.6310483870967745 0.31111111111111117
v 0.07772777925531915 1.002016129032258 0.31111111111111117
v -0.11005018617021277 0.12096774193548376 0.3513888888888889
v -0.099004375 0.6310483870967745 0.31111111111111117
v -0.099004375 1.002016129032258 0.31111111111111117
v -0.28223704787234044 0.12096774193548376 0.25425741666666674
v -0.25205945478723407 0.6310483870967745 0.2247720694444445
v -0.25205945478723407 1.002016129032258 0.2247720694444445
v -0.3816489361702128 0.26008064516129037 0.08602036111111112
v -0.34042553191489366 0.6310483870967745 0.07522793055555556
v -0.34042553191489366 1.002016129032258 0.07522793055555556
v -0.3816489361702128 0.26008064516129037 -0.02768702777777778
v -0.34042553191489366 0.6310483870967745 -0.09745015277777778
v -0.34042553191489366 1.002016129032258 -0.09745015277777778
v -0.06882678191489364 -0.2036290322580645 -0.6958333333333334
v -0.06882678191489364 -0.06451612903225801 -0.6958333333333334
v 0.04755018617021277 -0.06451612903225801 -0.6958333333333334
v 0.04755018617021277 -0.2036290322580645 -0.6958333333333334
v 0.5649162765957447 -0.1854409475806451 0.2479136666666667
v 0.6069249867021277 -0.014543064516128856 0.27161109722222226
v 0.5487365026595745 -0.014543064516128856 0.39956997222222224
v 0.5067277925531916 -0.1854409475806451 0.37587294444444447
v 0.616134295212766 1.5264462701612902 0.10760522222222224
v 0.6606411436170214 1.432192177419355 -0.09745015277777778
v 0.578194335106383 1.3858212096774194 0.07522793055555556
v 0.6573576994680852 1.5264462701612902 -0.12982744444444444
v -0.711436170212766 -0.25 0.08602036111111112
v -0.711436170212766 -0.157258064516129 0.08602036111111112
v -0.711436170212766 -0.157258064516129 0.012590750000000005
v -0.711436170212766 -0.25 0.012590750000000005
v -0.27494380319148937 -0.2036290322580645 0.630441388888889
v -0.27494380319148937 -0.01814516129032273 0.630441388888889
v -0.447130664893617 -0.01814516129032273 0.5333099166666667
v -0.447130664893617 -0.2036290322580645 0.5333099166666667
v 0.2160904255319149 1.3266129032258065 -0.07046927777777778
v 0.2160904255319149 1.280241935483871 0.04824705555555556
v 0.15533867021276596 1.280241935483871 0.1510585
v 0.05011345744680851 1.3266129032258065 0.2104166666666667
v -0.07139005319148936 1.280241935483871 0.2104166666666667
v -0.1766152659574468 1.280241935483871 0.1510585
v -0.23736702127659573 1.3266129032258065 0.04824705555555556
v -0.23736702127659573 1.280241935483871 -0.07046927777777778
v -0.1766152659574468 1.280241935483871 -0.17328072222222224
v -0.07139005319148936 1.3266129032258065 -0.23263888888888892
v 0.05011345744680851 1.3266129032258065 -0.23263888888888892
v 0.15533867021276596 1.3266129032258065 -0.17328072222222224
v 0.01697602393617021 1.1875 -0.11180555555555555
v -0.010638297872340424 1.1875 -0.01111111111111111
v 0.06480589095744681 1.1875 -0.08482468055555556
v 0.09242021276595745 1.1875 -0.038091986111111115
v 0.09242021276595745 1.1875 0.015869763888888895
v 0.06480589095744681 1.1875 0.06260245833333333
v 0.01697602393617021 1.1875 0.08958333333333335
v -0.03825261968085106 1.1875 0.08958333333333335
v -0.08608248670212768 1.1875 0.06260245833333333
v -0.11369680851063829 1.1875 0.015869763888888895
v -0.11369680851063829 1.1875 -0.038091986111111115
v -0.08608248670212768 1.1875 -0.08482468055555556
v -0.03825261968085106 1.1875 -0.11180555555555555
v -0.287186329787234 1.1601670967741935 0.25184034722222226
v -0.10543357712765958 1.1601670967741935 0.3543682361111111
v 0.09429670212765959 1.1875 0.3715277777777778
v 0.2584866356382979 1.1601670967741935 0.2590931666666667
v 0.3634216356382979 1.1601670967741935 0.08150965277777779
v 0.5971641090425532 1.4561335080645161 0.09141677777777778
v 0.6589992154255319 1.479318991935484 -0.113639
v 0.38098404255319146 1.1875 -0.113639
v 0.2659097340425532 1.1833525806451612 -0.27406256944444446
v 0.08415698138297872 1.1833525806451612 -0.3765904583333333
v -0.11557329787234044 1.1875 -0.39375000000000004
v -0.2973256382978724 1.1643145161290323 -0.2912221111111112
v -0.40226063829787234 1.1643145161290323 -0.113639
v -0.40226063829787234 1.1875 0.09141677777777778
v -0.34207941489361704 1.4906576209677422 0.5943045694444445
v -0.30695253989361704 1.3325071169354838 0.567235888888889
v -0.12519978723404257 1.3325071169354838 0.6697637777777778
v -0.13162898936170214 1.4906576209677422 0.7130209027777777
v -0.6639698936170213 1.5402012903225804 -0.4747941250000001
v -0.6187037101063829 1.3779029032258063 -0.43056630555555553
v -0.6824148936170213 1.3779029032258063 -0.373816125
v -0.74425 1.5402012903225804 -0.39000456944444445
v 0.12236654255319149 1.5772586491935483 -0.7432430972222223
v 0.11586726063829786 1.4405088104838708 -0.6995268055555556
v -0.08386301861702128 1.4446562298387098 -0.7166863472222224
v -0.10036103723404255 1.5855534879032258 -0.7775621805555555
v -0.07165140957446808 1.2764441532258064 -0.6041425833333334
v 0.10508115691489361 1.2764441532258064 -0.6041425833333334
v 0.10891905585106382 1.4881777016129034 -0.6010411944444445
v 0.10244285904255318 1.336565504032258 -0.5574779583333334
v 0.09975261968085108 1.4264338306451612 -0.5104455972222223
v 0.09329992021276595 1.2599597379032257 -0.46703541666666665
v 0.09596336436170214 1.1849690725806452 -0.5138736388888889
v 0.08684557180851064 1.0934935282258065 -0.42360469444444454
v -0.08076920212765958 1.1849690725806452 -0.5138736388888889
v -0.08988658244680851 1.0934935282258065 -0.42360469444444454
v -0.0972870079787234 1.340713387096774 -0.5746375
v -0.10642994680851063 1.2641076209677418 -0.4841949583333334
v -0.11380893617021277 1.496472540322581 -0.6353602777777778
v -0.12297537234042555 1.434729133064516 -0.5447642777777779
v 0.23676190159574467 1.5337598991935484 -0.6375372916666667
v 0.22759546542553194 1.472016491935484 -0.5469416944444445
v 0.2211427659574468 1.3055423991935484 -0.503531513888889
v 0.23028570478723404 1.3821481653225807 -0.5939740555555556
v 0.07180851063829786 1.1875 0.15000000000000002
v 0.07180851063829786 2.4858870967741935 0.15000000000000002
v 0.17674351063829788 2.39891185483871 0.49236111111111114
v 0.2535608510638298 2.161290322580645 0.742986763888889
v 0.28167851063829785 1.836693548387097 0.8347222222222223
v 0.2535608510638298 1.5120967741935485 0.742986763888889
v 0.17674351063829788 1.274475241935484 0.49236111111111114
v 0.3584958510638298 2.39891185483871 0.40062565277777773
v 0.5683658510638298 2.161290322580645 0.5840965694444445
v 0.6451831914893618 1.836693548387097 0.6512517083333335
v 0.5683658510638298 1.5120967741935485 0.5840965694444445
v 0.3584958510638298 1.274475241935484 0.40062565277777773
v 0.4634308510638298 2.39891185483871 0.24173545833333332
v 0.7501181914893617 2.161290322580645 0.30889059722222223
v 0.8550531914893618 1.836693548387097 0.3334705138888889
v 0.7501181914893617 1.5120967741935485 0.30889059722222223
v 0.4634308510638298 1.274475241935484 0.24173545833333332
v 0.4634308510638298 2.39891185483871 0.05826454166666668
v 0.7501181914893617 2.161290322580645 -0.00889059722222222
v 0.8550531914893618 1.836693548387097 -0.03347051388888889
v 0.7501181914893617 1.5120967741935485 -0.00889059722222222
v 0.4634308510638298 1.274475241935484 0.05826454166666668
v 0.3584958510638298 2.39891185483871 -0.10062565277777778
v 0.5683658510638298 2.161290322580645 -0.28409656944444445
v 0.6451831914893618 1.836693548387097 -0.35125170833333336
v 0.5683658510638298 1.5120967741935485 -0.28409656944444445
v 0.3584958510638298 1.274475241935484 -0.10062565277777778
v 0.17674351063829788 2.39891185483871 -0.19236111111111112
v 0.2535608510638298 2.161290322580645 -0.44298676388888886
v 0.28167851063829785 1.836693548387097 -0.5347222222222223
v 0.2535608510638298 1.5120967741935485 -0.44298676388888886
v -0.03312648936170213 2.39891185483871 -0.19236111111111112
v -0.10994382978723405 2.161290322580645 -0.44298676388888886
v -0.21487882978723408 2.39891185483871 -0.10062565277777778
v -0.42474882978723405 2.161290322580645 -0.28409656944444445
v -0.31981382978723405 2.39891185483871 0.05826454166666668
v -0.6065011702127661 2.161290322580645 -0.00889059722222222
v -0.711436170212766 1.836693548387097 -0.03347051388888889
v -0.31981382978723405 1.274475241935484 0.05826454166666668
v -0.31981382978723405 2.39891185483871 0.24173545833333332
v -0.6065011702127661 2.161290322580645 0.30889059722222223
v -0.711436170212766 1.836693548387097 0.3334705138888889
v -0.31981382978723405 1.274475241935484 0.24173545833333332
v -0.21487882978723408 2.39891185483871 0.40062565277777773
v -0.42474882978723405 2.161290322580645 0.5840965694444445
v -0.501566170212766 1.836693548387097 0.6512517083333335
v -0.42474882978723405 1.5120967741935485 0.5840965694444445
v -0.21487882978723408 1.274475241935484 0.40062565277777773
v -0.03312648936170213 2.39891185483871 0.49236111111111114
v -0.10994382978723405 2.161290322580645 0.742986763888889
v -0.13806148936170215 1.836693548387097 0.8347222222222223
v -0.10994382978723405 1.5120967741935485 0.742986763888889
v -0.03312648936170213 1.274475241935484 0.49236111111111114
v -0.2613866622340426 1.2338709677419355 -0.25277777777777777
v -0.2613866622340426 2.2540322580645165 -0.25277777777777777
v -0.1624311170212766 1.302209254032258 0.08958333333333335
v 0.10792021276595745 1.302209254032258 -0.16104231944444447
v 0.10792021276595745 1.302209254032258 -0.3445132361111112
v 0.008964667553191495 2.185694435483871 -0.5034034305555556
v 0.20687575797872343 1.998991935483871 -0.6868743472222223
v 0.28132646276595746 1.74993439516129 -0.7551049027777778
v 0.20888581117021277 1.494894072580645 -0.6879505694444445
v 0.008964667553191495 1.302209254032258 -0.5034034305555556
v -0.1624311170212766 2.185694435483871 -0.595138888888889
v -0.08999046542553192 1.998991935483871 -0.8457645416666667
v -0.06347557180851064 1.7439516129032255 -0.9375000000000001
v -0.08999046542553192 1.4889112903225807 -0.8457645416666667
v -0.1624311170212766 1.302209254032258 -0.595138888888889
v -0.36034179521276594 2.185694435483871 -0.595138888888889
v -0.4327824468085106 1.998991935483871 -0.8457645416666667
v -0.4592973404255319 1.7439516129032255 -0.9375000000000001
v -0.4327824468085106 1.4889112903225807 -0.8457645416666667
v -0.36034179521276594 1.302209254032258 -0.595138888888889
v -0.5317379920212766 2.185694435483871 -0.5034034305555556
v -0.729648670212766 1.998991935483871 -0.6868743472222223
v -0.8020893218085106 1.7439516129032255 -0.7540294861111112
v -0.729648670212766 1.4889112903225807 -0.6868743472222223
v -0.5317379920212766 1.302209254032258 -0.5034034305555556
v -0.6306931250000001 2.185694435483871 -0.3445132361111112
v -0.901044454787234 1.998991935483871 -0.41166837500000003
v -1 1.7439516129032255 -0.4362482916666668
v -0.901044454787234 1.4889112903225807 -0.41166837500000003
v -0.6306931250000001 1.302209254032258 -0.3445132361111112
v -0.6306931250000001 2.185694435483871 -0.16104231944444447
v -0.901044454787234 1.998991935483871 -0.09388718055555556
v -1 1.7439516129032255 -0.06930726388888889
v -0.901044454787234 1.4889112903225807 -0.09388718055555556
v -0.6306931250000001 1.302209254032258 -0.16104231944444447
v -0.5317379920212766 2.185694435483871 -0.002152124999999998
v -0.729648670212766 1.998991935483871 0.1813187916666667
v -0.8020893218085106 1.7439516129032255 0.2484739305555556
v -0.729648670212766 1.4889112903225807 0.1813187916666667
v -0.5317379920212766 1.302209254032258 -0.002152124999999998
v -0.36034179521276594 2.185694435483871 0.08958333333333335
v -0.4327824468085106 1.998991935483871 0.3402089861111111
v -0.4592973404255319 1.7439516129032255 0.43194444444444446
v -0.4327824468085106 1.4889112903225807 0.3402089861111111
v -0.36034179521276594 1.302209254032258 0.08958333333333335
v 0.012826888297872346 1.2338709677419355 -0.25277777777777777
v 0.26059232712765956 1.745511068548387 0.43194444444444446
v 0.22739800531914894 1.4896907862903226 0.3402089861111111
v 0.13670940159574468 1.3024179233870967 0.08958333333333335
v 0.3771259441489362 2.2458074395161294 -0.002152124999999998
v 0.5990459574468086 2.001330887096774 0.1813187916666667
v 0.6897345611702127 1.745511068548387 0.2484739305555556
v 0.5990459574468086 1.4896907862903226 0.1813187916666667
v 0.3512809308510638 1.3024179233870967 -0.002152124999999998
v 0.5010084574468086 2.2458074395161294 -0.16104231944444447
v 0.8136174867021276 2.001330887096774 -0.09388718055555556
v 0.9375 1.745511068548387 -0.06930726388888889
v 0.8136174867021276 1.4896907862903226 -0.09388718055555556
v 0.4751634441489362 1.3024179233870967 -0.16104231944444447
v 0.5010084574468086 2.2458074395161294 -0.3445132361111112
v 0.8136174867021276 2.001330887096774 -0.41166837500000003
v 0.9375 1.745511068548387 -0.4362482916666668
v 0.8136174867021276 1.4896907862903226 -0.41166837500000003
v 0.4751634441489362 1.3024179233870967 -0.3445132361111112
v 0.3771259441489362 2.2458074395161294 -0.5034034305555556
v 0.5990459574468086 2.001330887096774 -0.6868743472222223
v 0.6897345611702127 1.745511068548387 -0.7540294861111112
v 0.5990459574468086 1.4896907862903226 -0.6868743472222223
v 0.3512809308510638 1.3024179233870967 -0.5034034305555556
v 0.16255523936170213 2.2458074395161294 -0.595138888888889
v 0.22739800531914894 2.001330887096774 -0.8457645416666667
v 0.26059232712765956 1.745511068548387 -0.9375000000000001
v 0.22739800531914894 1.4896907862903226 -0.8457645416666667
v 0.13670940159574468 1.3024179233870967 -0.595138888888889
v -0.08521061170212767 2.2458074395161294 -0.595138888888889
v -0.20174422872340425 2.001330887096774 -0.8457645416666667
v -0.2349385505319149 1.745511068548387 -0.9375000000000001
v -0.20174422872340425 1.4896907862903226 -0.8457645416666667
v -0.11105562499999999 1.3024179233870967 -0.595138888888889
v -0.32562715425531913 2.1886042137096773 -0.5034034305555556
v -0.5733921808510638 2.001330887096774 -0.6868743472222223
v -0.6640807845744681 1.745511068548387 -0.7540294861111112
v -0.5733921808510638 1.4896907862903226 -0.6868743472222223
v -0.32562715425531913 1.3024179233870967 -0.5034034305555556
v -0.787963710106383 1.4896907862903226 -0.41166837500000003
v -0.44950966755319155 1.3024179233870967 -0.3445132361111112
v -0.787963710106383 1.4896907862903226 -0.09388718055555556
v -0.44950966755319155 1.3024179233870967 -0.16104231944444447
v -0.5733921808510638 1.4896907862903226 0.1813187916666667
v -0.32562715425531913 1.3024179233870967 -0.002152124999999998
v -0.17553191489361702 1.2338709677419355 0.15289194444444446
v -0.17553191489361702 2.2540322580645165 0.15289194444444446
v -0.08164272606382977 2.185694435483871 0.5139459722222223
v -0.01291094414893617 1.998991935483871 0.7782560000000001
v 0.012246050531914895 1.7439516129032255 0.8750000000000001
v -0.01291094414893617 1.4889112903225807 0.7782560000000001
v -0.08164272606382977 1.302209254032258 0.5139459722222223
v 0.0809778324468085 2.185694435483871 0.4172019722222222
v 0.26875621010638295 1.998991935483871 0.6106899722222223
v 0.3374879920212766 1.7439516129032255 0.6815115972222223
v 0.26875621010638295 1.4889112903225807 0.6106899722222223
v 0.0809778324468085 1.302209254032258 0.4172019722222222
v 0.17486702127659573 2.185694435483871 0.24963594444444448
v 0.43137676861702123 1.998991935483871 0.3204575694444444
v 0.5252659574468085 1.7439516129032255 0.34637994444444453
v 0.43137676861702123 1.4889112903225807 0.3204575694444444
v 0.17486702127659573 1.302209254032258 0.24963594444444448
v 0.5252659574468085 1.7439516129032255 -0.040596458333333335
v 0.43137676861702123 1.4889112903225807 -0.01467408333333333
v 0.17486702127659573 1.302209254032258 0.056147541666666675
v -0.2694211037234042 1.302209254032258 -0.20816208333333333
v -0.43204166223404256 2.185694435483871 -0.11141808333333335
v -0.6198200398936171 1.998991935483871 -0.30490648611111115
v -0.6885518218085107 1.7439516129032255 -0.37572811111111115
v -0.6198200398936171 1.4889112903225807 -0.30490648611111115
v -0.43204166223404256 1.302209254032258 -0.11141808333333335
v -0.5259308510638299 2.185694435483871 0.056147541666666675
v -0.7824405984042554 1.998991935483871 -0.01467408333333333
v -0.8763297872340426 1.7439516129032255 -0.040596458333333335
v -0.7824405984042554 1.4889112903225807 -0.01467408333333333
v -0.5259308510638299 1.302209254032258 0.056147541666666675
v -0.5259308510638299 2.185694435483871 0.24963594444444448
v -0.7824405984042554 1.998991935483871 0.3204575694444444
v -0.8763297872340426 1.7439516129032255 0.34637994444444453
v -0.7824405984042554 1.4889112903225807 0.3204575694444444
v -0.5259308510638299 1.302209254032258 0.24963594444444448
v -0.43204166223404256 2.185694435483871 0.4172019722222222
v -0.6198200398936171 1.998991935483871 0.6106899722222223
v -0.6885518218085107 1.7439516129032255 0.6815115972222223
v -0.6198200398936171 1.4889112903225807 0.6106899722222223
v -0.43204166223404256 1.302209254032258 0.4172019722222222
v -0.2694211037234042 2.185694435483871 0.5139459722222223
v -0.3381528856382979 1.998991935483871 0.7782560000000001
v -0.36330988031914896 1.7439516129032255 0.8750000000000001
v -0.3381528856382979 1.4889112903225807 0.7782560000000001
v -0.2694211037234042 1.302209254032258 0.5139459722222223
v -0.05186170212765957 2.625 -0.09166666666666667
v 0.042027486702127664 2.5504493951612908 0.2506944444444445
v 0.11075926861702126 2.346774193548387 0.5013200972222223
v 0.13591626329787235 2.068548387096774 0.5930555555555556
v 0.11075926861702126 1.7903225806451615 0.5013200972222223
v 0.20464804521276597 2.5504493951612908 0.15895898611111112
v 0.3924264228723404 2.346774193548387 0.34242990277777785
v 0.46115820478723407 2.068548387096774 0.40958504166666676
v 0.2985372340425532 2.5504493951612908 0.00006879166666666492
v 0.5550469813829787 2.346774193548387 0.06722393055555556
v 0.648936170212766 2.068548387096774 0.09180384722222222
v 0.5550469813829787 1.7903225806451615 0.06722393055555556
v 0.2985372340425532 2.5504493951612908 -0.183402125
v 0.5550469813829787 2.346774193548387 -0.2505572638888889
v 0.648936170212766 2.068548387096774 -0.2751371805555556
v 0.5550469813829787 1.7903225806451615 -0.2505572638888889
v 0.20464804521276597 2.5504493951612908 -0.34229231944444444
v 0.3924264228723404 2.346774193548387 -0.5257632361111112
v 0.46115820478723407 2.068548387096774 -0.592918375
v 0.3924264228723404 1.7903225806451615 -0.5257632361111112
v 0.042027486702127664 2.5504493951612908 -0.43402777777777785
v 0.11075926861702126 2.346774193548387 -0.6846534305555556
v 0.13591626329787235 2.068548387096774 -0.7763888888888889
v 0.11075926861702126 1.7903225806451615 -0.6846534305555556
v -0.1457508909574468 2.5504493951612908 -0.43402777777777785
v -0.2144826728723404 2.346774193548387 -0.6846534305555556
v -0.23963966755319152 2.068548387096774 -0.7763888888888889
v -0.2144826728723404 1.7903225806451615 -0.6846534305555556
v -0.30837144946808515 2.5504493951612908 -0.34229231944444444
v -0.49614982712765965 2.346774193548387 -0.5257632361111112
v -0.5648816090425531 2.068548387096774 -0.592918375
v -0.49614982712765965 1.7903225806451615 -0.5257632361111112
v -0.40226063829787234 2.5504493951612908 -0.183402125
v -0.6587703856382979 2.346774193548387 -0.2505572638888889
v -0.7526595744680851 2.068548387096774 -0.2751371805555556
v -0.6587703856382979 1.7903225806451615 -0.2505572638888889
v -0.40226063829787234 2.5504493951612908 0.00006879166666666492
v -0.6587703856382979 2.346774193548387 0.06722393055555556
v -0.7526595744680851 2.068548387096774 0.09180384722222222
v -0.6587703856382979 1.7903225806451615 0.06722393055555556
v -0.30837144946808515 2.5504493951612908 0.15895898611111112
v -0.49614982712765965 2.346774193548387 0.34242990277777785
v -0.5648816090425531 2.068548387096774 0.40958504166666676
v -0.49614982712765965 1.7903225806451615 0.34242990277777785
v -0.1457508909574468 2.5504493951612908 0.2506944444444445
v -0.2144826728723404 2.346774193548387 0.5013200972222223
v -0.23963966755319152 2.068548387096774 0.5930555555555556
v -0.2144826728723404 1.7903225806451615 0.5013200972222223
vt 0.37727984375 0.71745859375
vt 0.34464703125 0.7362984375
vt 0.3258071875 0.6659859375
vt 0.2883515625 0.21005593749999996
vt 0.28521171875 0.23784062500000003
vt 0.2469403125 0.23727734374999998
vt 0.255301875 0.20485265625000004
vt 0.193541640625 0.802412890625
vt 0.1754415625 0.7861757031250001
vt 0.194254921875 0.7451153125000001
vt 0.222061484375 0.77841078125
vt 0.3961196875 0.68482578125
vt 0.37727984375 0.71745859375
vt 0.3258071875 0.6659859375
vt 0.3218453125 0.21005625000000006
vt 0.32498515625 0.23784062500000003
vt 0.28521171875 0.23784062500000003
vt 0.2883515625 0.21005625000000006
vt 0.88733515625 0.109375
vt 0.91036171875 0.109375
vt 0.921875 0.1484375
vt 0.875821875 0.1484375
vt 0.3961196875 0.64714609375
vt 0.3961196875 0.68482578125
vt 0.3258071875 0.6659859375
vt 0.134722421875 0.756755546875
vt 0.137628671875 0.7647899218750001
vt 0.096168515625 0.760836796875
vt 0.098101328125 0.749797734375
vt 0.20382546875 0.8488340624999999
vt 0.199328203125 0.82493765625
vt 0.23502484375 0.812925859375
vt 0.24824375 0.854123515625
vt 0.37727984375 0.61451328125
vt 0.3961196875 0.64714609375
vt 0.3258071875 0.6659859375
vt 0.253433203125 0.55839890625
vt 0.254656796875 0.5900810937500001
vt 0.216684453125 0.591646171875
vt 0.220046171875 0.55839890625
vt 0.1953640625 0.8702496875
vt 0.20382546875 0.8488340624999999
vt 0.248674140625 0.854174765625
vt 0.226839921875 0.89093328125
vt 0.34464703125 0.5956734375
vt 0.37727984375 0.61451328125
vt 0.3258071875 0.6659859375
vt 0.534032890625 0.38640906249999996
vt 0.537172734375 0.41795906250000003
vt 0.497399296875 0.41795906250000003
vt 0.500539140625 0.38640906249999996
vt 0.01151328125 0.4921875
vt 0.03453984375 0.4921875
vt 0.046053125 0.53125
vt 0 0.53125
vt 0.30696734375 0.5956734375
vt 0.34464703125 0.5956734375
vt 0.3258071875 0.6659859375
vt 0.614756484375 0.20295835937499995
vt 0.618797421875 0.2385771875
vt 0.5808 0.23783187500000003
vt 0.581359609375 0.20457031250000002
vt 0.1357159375 0.884428203125
vt 0.158723515625 0.885363203125
vt 0.1648903125 0.92251921875
vt 0.12243890625 0.927597421875
vt 0.27433453125 0.61451328125
vt 0.30696734375 0.5956734375
vt 0.3258071875 0.6659859375
vt 0.601020390625 0.38640906249999996
vt 0.604163203125 0.41615773437500003
vt 0.564359765625 0.4197546875
vt 0.567551171875 0.38640906249999996
vt 0.115646484375 0.870699453125
vt 0.13571609375 0.8844278125
vt 0.12243890625 0.927597421875
vt 0.084012109375 0.90208140625
vt 0.2554946875 0.66277109375
vt 0.27433453125 0.61451328125
vt 0.3258071875 0.6659859375
vt 0.23123515625 0.328125
vt 0.234375 0.359375
vt 0.1946015625 0.359375
vt 0.19774140625 0.328125
vt 0.104562578125 0.8503315625
vt 0.116076640625 0.870272734375
vt 0.084012109375 0.90208140625
vt 0.0609840625 0.862199140625
vt 0.2554946875 0.68482578125
vt 0.2554946875 0.66277109375
vt 0.3258071875 0.6659859375
vt 0.125845 0.6691340625
vt 0.128986953125 0.702508828125
vt 0.089189296875 0.698855859375
vt 0.092371796875 0.6691340625
vt 0.102644921875 0.826091796875
vt 0.104562578125 0.8503315625
vt 0.0609840625 0.862199140625
vt 0.059190859375 0.816074609375
vt 0.27433453125 0.71745859375
vt 0.2554946875 0.68482578125
vt 0.3258071875 0.6659859375
vt 0.387528828125 0.75
vt 0.4140625 0.752730625
vt 0.4140625 0.79100625
vt 0.3828125 0.783122734375
vt 0.7573146875 0.90244453125
vt 0.7792028125 0.8918534375
vt 0.810062421875 0.924831875
vt 0.768709375 0.9379359375
vt 0.30696734375 0.7362984375
vt 0.27433453125 0.71745859375
vt 0.3258071875 0.6659859375
vt 0.410451875 0.565893828125
vt 0.409080546875 0.59382140625
vt 0.369825234375 0.5874221875000001
vt 0.37739453125 0.560504921875
vt 0.73416953125 0.902075
vt 0.75719609375 0.902075
vt 0.768709375 0.9379359375
vt 0.72265625 0.9379359375
vt 0.34464703125 0.7362984375
vt 0.30696734375 0.7362984375
vt 0.3258071875 0.6659859375
vt 0.443917109375 0.566042578125
vt 0.4469434375 0.599427890625
vt 0.409080546875 0.59382140625
vt 0.4104503125 0.56592625
vt 0.1754415625 0.7861757031250001
vt 0.151315625 0.783141875
vt 0.150808046875 0.7454818750000001
vt 0.194074453125 0.7455091406250001
vt 0.03814015625 0.20837304687500002
vt 0.04252203125 0.27071921875000005
vt 0.003291796875 0.24998109375
vt 0.000553203125 0.211014765625
vt 0.04252203125 0.27071921875000005
vt 0.04463125 0.33370539062500004
vt 0.011211953125 0.3359375
vt 0.00337625 0.25002570312500005
vt 0.601020390625 0.32390906249999996
vt 0.601020390625 0.38640906249999996
vt 0.567526640625 0.38640906249999996
vt 0.567526640625 0.32390906249999996
vt 0.234375 0.6328125
vt 0.234375 0.65625
vt 0.2109375 0.65625
vt 0.2109375 0.6328125
vt 0.569619609375 0.23761687499999995
vt 0.567526640625 0.32390906249999996
vt 0.534032890625 0.32390906249999996
vt 0.531939921875 0.23761687499999995
vt 0.567526640625 0.32390906249999996
vt 0.567526640625 0.38640906249999996
vt 0.534032890625 0.38640906249999996
vt 0.534032890625 0.32390906249999996
vt 0.0376796875 0.069892421875
vt 0.0376796875 0.108954921875
vt 0 0.132392421875
vt 0 0.069892421875
vt 0.0376796875 0.108954921875
vt 0.035745546875 0.19525085937499997
vt 0.002251875 0.1953125
vt 0.000043046875 0.13236570312499996
vt 0.534032890625 0.32390906249999996
vt 0.534032890625 0.38640906249999996
vt 0.500539140625 0.38640906249999996
vt 0.500539140625 0.32390906249999996
vt 0.255526171875 0.37041218750000005
vt 0.255526171875 0.43291218750000005
vt 0.217846484375 0.43291218750000005
vt 0.217846484375 0.37041218750000005
vt 0.255526171875 0.43291218750000005
vt 0.253433203125 0.49589890625
vt 0.219939453125 0.49589890625
vt 0.217846484375 0.43291218750000005
vt 0.253433203125 0.49589890625
vt 0.253433203125 0.55839890625
vt 0.219939453125 0.55839890625
vt 0.219939453125 0.49589890625
vt 0.217846484375 0.37041218750000005
vt 0.217846484375 0.43291218750000005
vt 0.180166796875 0.42509968750000005
vt 0.180166796875 0.37041218750000005
vt 0.217846484375 0.43291218750000005
vt 0.215657109375 0.49589562499999995
vt 0.182163359375 0.495844296875
vt 0.18017875 0.42510210937500004
vt 0.215657109375 0.49589562499999995
vt 0.21556140625 0.5583955468749999
vt 0.18206765625 0.5583442187500001
vt 0.182163359375 0.495844296875
vt 0.265625 0.890625
vt 0.265625 0.9208490625
vt 0.2421875 0.92171890625
vt 0.2421875 0.89149484375
vt 0.18017859375 0.42509585937500005
vt 0.182163359375 0.495844296875
vt 0.148725234375 0.49777328125
vt 0.14256140625 0.42726593749999997
vt 0.3218453125 0.14755625000000006
vt 0.3218453125 0.21005625000000006
vt 0.2883515625 0.21005625000000006
vt 0.2883515625 0.14755625000000006
vt 0.4841259375 0.37806390624999997
vt 0.4841259375 0.43275140624999997
vt 0.44644625 0.44056390624999997
vt 0.44644625 0.37806390624999997
vt 0.4841259375 0.43275140624999997
vt 0.48211875 0.50349921875
vt 0.448625 0.50353984375
vt 0.446455625 0.440561953125
vt 0.48211875 0.50349921875
vt 0.48219453125 0.565999140625
vt 0.448700859375 0.566039765625
vt 0.448625 0.50353984375
vt 0.44644625 0.37806390624999997
vt 0.44644625 0.44056390624999997
vt 0.4087665625 0.41712640624999997
vt 0.4087665625 0.37806390624999997
vt 0.44644625 0.44056390624999997
vt 0.444134296875 0.5035429687499999
vt 0.41064078125 0.5034265625000001
vt 0.408847578125 0.417176796875
vt 0.444134296875 0.5035429687499999
vt 0.443917109375 0.566042578125
vt 0.410423515625 0.5659261718749999
vt 0.41064078125 0.5034265625000001
vt 0.09375 0.4765625
vt 0.09375 0.5078125
vt 0.0546875 0.5078125
vt 0.0546875 0.4765625
vt 0.4088465625 0.417127578125
vt 0.41064078125 0.5034265625000001
vt 0.377181015625 0.504934453125
vt 0.371205078125 0.41882406250000004
vt 0.171875 0.53125
vt 0.171875 0.59375
vt 0.140625 0.59375
vt 0.140625 0.53125
vt 0.5689296875 0.101142421875
vt 0.5689296875 0.140204921875
vt 0.53125 0.163642421875
vt 0.53125 0.101142421875
vt 0.5689296875 0.140204921875
vt 0.566995546875 0.22650085937499997
vt 0.533501875 0.2265625
vt 0.531293046875 0.16361570312499996
vt 0.15933875 0.6066340625
vt 0.15933875 0.6691340625
vt 0.125845 0.6691340625
vt 0.125845 0.6066340625
vt 0.0859375 0.921875
vt 0.0859375 0.9375
vt 0.0703125 0.9375
vt 0.0703125 0.921875
vt 0.12793796875 0.54364734375
vt 0.125845 0.6066340625
vt 0.09235125 0.6066340625
vt 0.10588328125 0.54364734375
vt 0.125845 0.6066340625
vt 0.125845 0.6691340625
vt 0.09235125 0.6691340625
vt 0.09235125 0.6066340625
vt 0.09375 0.20870539062500004
vt 0.09375 0.27120539062500004
vt 0.04194609375 0.27120539062500004
vt 0.04194609375 0.20870539062500004
vt 0.09375 0.27120539062500004
vt 0.078125 0.33370539062500004
vt 0.04463125 0.33370539062500004
vt 0.04253828125 0.27120539062500004
vt 0.09235125 0.6066340625
vt 0.09235125 0.6691340625
vt 0.0588575 0.6691340625
vt 0.0588575 0.6066340625
vt 0.796875390625 0.1484375
vt 0.786458671875 0.12744203124999998
vt 0.849826328125 0.11344507812500004
vt 0.8671875 0.1484375
vt 0.274245546875 0.06250054687499995
vt 0.296163671875 0.06005000000000005
vt 0.311691953125 0.12862585937500004
vt 0.274245546875 0.1328125
vt 0.185871953125 0.575521171875
vt 0.203125 0.585937890625
vt 0.203125 0.65625
vt 0.171875 0.638888828125
vt 0.31477984375 0.53125
vt 0.33683453125 0.53125
vt 0.34464703125 0.5956734375
vt 0.30696734375 0.5956734375
vt 0.633097421875 0.14735054687500004
vt 0.625 0.11823101562500005
vt 0.67366953125 0.1015625
vt 0.703465078125 0.14735054687500004
vt 0.865092578125 0.2421875
vt 0.866447890625 0.21506195312499998
vt 0.936079453125 0.20459945312500005
vt 0.9375 0.2421875
vt 0.063936875 0.109375
vt 0.09375 0.11687781249999996
vt 0.09375 0.18931867187499996
vt 0.046875 0.16028734374999998
vt 0.4362553125 0.7169936718750001
vt 0.425155859375 0.74178140625
vt 0.377286015625 0.7174478125
vt 0.3961196875 0.68482578125
vt 0.42031234375 0.860316953125
vt 0.4234184375 0.872705078125
vt 0.379148046875 0.822779140625
vt 0.369901171875 0.796875
vt 0.953125 0.25
vt 0.93745453125 0.284372109375
vt 0.856266796875 0.284372109375
vt 0.856266796875 0.251734921875
vt 0.36874296875 0.7421875
vt 0.35759296875 0.7738015625
vt 0.30544375 0.8235382812500001
vt 0.3046875 0.8152265625
vt 0.286788125 0.805104140625
vt 0.296243359375 0.85084890625
vt 0.248154375 0.8538449218749999
vt 0.23502484375 0.812925859375
vt 0.841614140625 0.5703125
vt 0.829935859375 0.5599317968749999
vt 0.888976015625 0.528789765625
vt 0.935689140625 0.5703125
vt 0.11369578125 0.44957234375
vt 0.12793796875 0.44957234375
vt 0.12793796875 0.54364734375
vt 0.10588328125 0.54364734375
vt 0.031276640625 0.62052578125
vt 0.0390625 0.632163984375
vt 0.0390625 0.7265625
vt 0 0.6800095312500001
vt 0.1887446875 0.68482578125
vt 0.1887446875 0.67058359375
vt 0.2554946875 0.66277109375
vt 0.2554946875 0.68482578125
vt 0.7109375 0.125
vt 0.7109375 0.09375
vt 0.7734375 0.109375
vt 0.7734375 0.1484375
vt 0.8671875 0.7109375
vt 0.90625 0.7109375
vt 0.90625 0.78125
vt 0.8671875 0.78125
vt 0.265625 0.109375
vt 0.265625 0.140625
vt 0.203125 0.1640625
vt 0.203125 0.125
vt 0.274756484375 0.7920913281249999
vt 0.242124609375 0.77325203125
vt 0.27433546875 0.7174591406249999
vt 0.30696734375 0.7362984375
vt 0.171159453125 0.84168453125
vt 0.151628203125 0.8364509375
vt 0.171159453125 0.83121734375
vt 0.171159453125 0.83121734375
vt 0.151628203125 0.8364509375
vt 0.165925859375 0.82215328125
vt 0.165925859375 0.82215328125
vt 0.151628203125 0.8364509375
vt 0.156861796875 0.8169196875
vt 0.156861796875 0.8169196875
vt 0.151628203125 0.8364509375
vt 0.146394609375 0.8169196875
vt 0.146394609375 0.8169196875
vt 0.151628203125 0.8364509375
vt 0.137330546875 0.82215328125
vt 0.137330546875 0.82215328125
vt 0.151628203125 0.8364509375
vt 0.132096953125 0.83121734375
vt 0.132096953125 0.83121734375
vt 0.151628203125 0.8364509375
vt 0.132096953125 0.84168453125
vt 0.132096953125 0.84168453125
vt 0.151628203125 0.8364509375
vt 0.137330546875 0.85074859375
vt 0.137330546875 0.85074859375
vt 0.151628203125 0.8364509375
vt 0.146394609375 0.8559821875
vt 0.146394609375 0.8559821875
vt 0.151628203125 0.8364509375
vt 0.156861796875 0.8559821875
vt 0.156861796875 0.8559821875
vt 0.151628203125 0.8364509375
vt 0.165925859375 0.85074859375
vt 0.165925859375 0.85074859375
vt 0.151628203125 0.8364509375
vt 0.171159453125 0.84168453125
vt 0.1601409375 0.859052734375
vt 0.16729546875 0.851412421875
vt 0.1957815625 0.86948421875
vt 0.180042421875 0.886291953125
vt 0.16729546875 0.851412421875
vt 0.171159453125 0.84168453125
vt 0.204281875 0.848083984375
vt 0.1957815625 0.86948421875
vt 0.171159453125 0.84168453125
vt 0.171159453125 0.83121734375
vt 0.199328203125 0.82493765625
vt 0.203661796875 0.84796421875
vt 0.171159453125 0.83121734375
vt 0.166713515625 0.82174125
vt 0.189547578125 0.804091484375
vt 0.199328203125 0.82493765625
vt 0.166713515625 0.82174125
vt 0.15863546875 0.815084921875
vt 0.1748671875 0.785511640625
vt 0.189124921875 0.804418203125
vt 0.15863546875 0.815084921875
vt 0.14867078125 0.811880625
vt 0.151315625 0.783141875
vt 0.174563359375 0.786065234375
vt 0.14867078125 0.811880625
vt 0.138288671875 0.8132123437500001
vt 0.128476171875 0.786071484375
vt 0.151315625 0.783141875
vt 0.138288671875 0.8132123437500001
vt 0.129478984375 0.818864921875
vt 0.106294375 0.794359375
vt 0.128657890625 0.78657390625
vt 0.129478984375 0.818864921875
vt 0.123378125 0.8273703125
vt 0.096828671875 0.81605484375
vt 0.106728359375 0.7948181249999999
vt 0.132096953125 0.84168453125
vt 0.137330859375 0.8507491406250001
vt 0.116076640625 0.870272734375
vt 0.104562578125 0.8503315625
vt 0.1119171875 0.07240093749999998
vt 0.12165890625 0.07622968750000003
vt 0.11537921875 0.109375
vt 0.09596921875 0.09581078124999998
vt 0.12165890625 0.07622968750000003
vt 0.13212609375 0.07622968750000003
vt 0.13840578125 0.109375
vt 0.11537921875 0.109375
vt 0.3515625 0.40625
vt 0.35470234375 0.375
vt 0.39447578125 0.375
vt 0.397615625 0.40625
vt 0.40770484375 0.621749140625
vt 0.409080546875 0.59382140625
vt 0.44694328125 0.599427890625
vt 0.449975546875 0.632775859375
vt 0.449978828125 0.6328125
vt 0.44694328125 0.599427890625
vt 0.483177109375 0.5870934375
vt 0.489549765625 0.614286328125
vt 0.282071875 0.265625
vt 0.28521171875 0.23784062500000003
vt 0.32498515625 0.23784062500000003
vt 0.328125 0.265625
vt 0.387523046875 0.849457265625
vt 0.379148046875 0.822779140625
vt 0.423418359375 0.872704921875
vt 0.426973828125 0.884693984375
vt 0.094086640625 0.7734375
vt 0.096168515625 0.760836796875
vt 0.137628515625 0.76478984375
vt 0.140625 0.77187796875
vt 0.306372734375 0.832031796875
vt 0.30544375 0.8235382812500001
vt 0.357593046875 0.773801484375
vt 0.34605546875 0.805009453125
vt 0.213327421875 0.625
vt 0.216684453125 0.591646171875
vt 0.254657109375 0.5900810937500001
vt 0.25587609375 0.621660546875
vt 0.494259453125 0.4495090625
vt 0.497399296875 0.41795906250000003
vt 0.537172734375 0.41795906250000003
vt 0.540312578125 0.4495090625
vt 0.58025703125 0.26240687500000004
vt 0.5808 0.23783187500000003
vt 0.61879765625 0.2385771875
vt 0.62286796875 0.26483890624999995
vt 0.56117078125 0.453125
vt 0.564359765625 0.4197546875
vt 0.6041625 0.41615781249999995
vt 0.607303046875 0.4458840625
vt 0.5011140625 0.24393437500000004
vt 0.50055390625 0.21402578125000005
vt 0.51689296875 0.21402578125000005
vt 0.5234375 0.24316328124999997
vt 0.0860053125 0.7286
vt 0.089189296875 0.698855859375
vt 0.12898765625 0.7025089062500001
vt 0.13213203125 0.7358589843750001
vt 0.132134296875 0.735883203125
vt 0.12898765625 0.7025089062500001
vt 0.165180234375 0.690053984375
vt 0.171643359375 0.717225546875
vt 0.227695546875 0.716348828125
vt 0.2341659375 0.743551328125
vt 0.171650703125 0.717256484375
vt 0.165180234375 0.690053984375
vt 0.34948078125 0.421875
vt 0.33344484375 0.4609375
vt 0.265625 0.4609375
vt 0.2816609375 0.421875
vt 0.6015625 0.125
vt 0.578125 0.10595750000000004
vt 0.578125 0.03813687499999996
vt 0.6015625 0.05718015624999995
vt 0.741365625 1
vt 0.6953125 1
vt 0.72265625 0.9379359375
vt 0.768709375 0.9379359375
vt 0.92729203125 0.6875
vt 0.950246328125 0.703125
vt 0.874516875 0.703125
vt 0.8515625 0.6875
vt 0.51689296875 0.21402578125000005
vt 0.50055390625 0.21402578125000005
vt 0.473753125 0.143196875
vt 0.51165546875 0.1328125
vt 0.0236465625 0.78125
vt 0.02683078125 0.7515059374999999
vt 0.089189375 0.6988552343750001
vt 0.0860053125 0.7286
vt 0.01547796875 0.933985546875
vt 0.000631640625 0.917205859375
vt 0.06109359375 0.86238875
vt 0.084012109375 0.90208140625
vt 0.201970390625 0.9289934375
vt 0.219595390625 0.941905234375
vt 0.228084140625 0.96995828125
vt 0.210428984375 0.959550390625
vt 0.064336875 0.5790919531250001
vt 0.046793125 0.589686484375
vt 0.0576165625 0.5604107031250001
vt 0.075130625 0.547358359375
vt 0.1648903125 0.92251921875
vt 0.16596859375 0.942985390625
vt 0.123516171875 0.948064453125
vt 0.12243859375 0.927597421875
vt 0.075135625 0.5473546874999999
vt 0.0576165625 0.5604107031250001
vt 0.06843453125 0.5311328125
vt 0.0859375 0.515625
vt 0.19351140625 0.8984375
vt 0.21110234375 0.91385375
vt 0.219595390625 0.941905234375
vt 0.201970703125 0.928993671875
vt 0.616560390625 0.1328125
vt 0.615958828125 0.15619445312500002
vt 0.5825040625 0.15780921874999998
vt 0.583105625 0.13442726562499996
vt 0.2734375 0.99537875
vt 0.24573984375 0.980366328125
vt 0.23722015625 0.954816640625
vt 0.2648871875 0.97233296875
vt 0.2265625 0.984375
vt 0.211487265625 0.9982584375
vt 0.18217828125 0.9982584375
vt 0.199640546875 0.985128984375
vt 0.2648871875 0.97233296875
vt 0.23722 0.9548165625
vt 0.22869265625 0.92926890625
vt 0.2462825 0.9446853125
vt 0.23722 0.9548165625
vt 0.219595390625 0.941905234375
vt 0.211102109375 0.913853125
vt 0.228692734375 0.929269140625
vt 0.58130171875 0.20457312500000002
vt 0.5819025 0.181191171875
vt 0.615357265625 0.17957640625000004
vt 0.614756484375 0.20295835937499995
vt 0.5819025 0.181191171875
vt 0.5825040625 0.15780921874999998
vt 0.615958828125 0.15619445312500002
vt 0.615357265625 0.17957640625000004
vt 0.03340203125 0.562133515625
vt 0.050920859375 0.546636484375
vt 0.04010859375 0.5734746875000001
vt 0.012751484375 0.591377734375
vt 0.050920859375 0.546636484375
vt 0.06843453125 0.5311328125
vt 0.057616484375 0.5604109374999999
vt 0.040110546875 0.573469921875
vt 0.012632109375 0.59129640625
vt 0.0400934375 0.573460390625
vt 0.0292571875 0.600288046875
vt 0.0017734375 0.615679453125
vt 0.0400934375 0.573460390625
vt 0.0576165625 0.5604107031250001
vt 0.046793359375 0.589686015625
vt 0.029258828125 0.6002839843750001
vt 0.12607328125 1
vt 0.124593671875 0.968530703125
vt 0.167045546875 0.963451640625
vt 0.168526015625 0.9949209375
vt 0.124593671875 0.968530703125
vt 0.123516171875 0.948064453125
vt 0.16596859375 0.942985390625
vt 0.16704609375 0.963451640625
vt 0.190053984375 0.953755546875
vt 0.191131484375 0.9742215625
vt 0.16704609375 0.96345140625
vt 0.16596859375 0.942985390625
vt 0.509752578125 0.9765625
vt 0.5390625 0.9765625
vt 0.528668359375 1
vt 0.499359296875 1
vt 0.015625 0.778625234375
vt 0 0.768571328125
vt 0 0.7421875
vt 0.015625 0.75224171875
vt 0.0625 0.8031665625
vt 0.0625 0.776233828125
vt 0.0859375 0.765625
vt 0.0859375 0.79255765625
vt 0.538701484375 0.761576640625
vt 0.562433203125 0.772748046875
vt 0.525094296875 0.80606140625
vt 0.53870140625 0.76157671875
vt 0.548662421875 0.7170922656250001
vt 0.591685703125 0.7316864062499999
vt 0.5635409375 0.77000265625
vt 0.725695234375 0.86748546875
vt 0.71852 0.823432890625
vt 0.770591953125 0.8170689062500001
vt 0.7707909375 0.8619740625
vt 0.71852 0.823432890625
vt 0.7148746875 0.77894890625
vt 0.759970390625 0.7734375
vt 0.770591953125 0.8170689062500001
vt 0.667292421875 0.7190566406250001
vt 0.652381796875 0.675978125
vt 0.676113515625 0.664806640625
vt 0.70839703125 0.69970703125
vt 0.676113515625 0.664806640625
vt 0.652381796875 0.675978125
vt 0.638774921875 0.6314940625000001
vt 0.562433203125 0.772748046875
vt 0.57661265625 0.7922864843749999
vt 0.525095078125 0.806060703125
vt 0.563541015625 0.7700025
vt 0.591685703125 0.7316864062499999
vt 0.6233665625 0.7589763281249999
vt 0.581831953125 0.7857583593749999
vt 0.64056484375 0.2578125
vt 0.63921640625 0.2109375
vt 0.6875 0.2109375
vt 0.68237890625 0.2578125
vt 0.245892890625 0.35547703124999996
vt 0.255340078125 0.311575859375
vt 0.2964640625 0.31914101562499997
vt 0.2933796875 0.364212734375
vt 0.712312421875 0.695626953125
vt 0.676113515625 0.664806640625
vt 0.690292890625 0.6452680468750001
vt 0.736871640625 0.6617852343749999
vt 0.690292890625 0.6452680468750001
vt 0.676113515625 0.664806640625
vt 0.63877453125 0.63149375
vt 0.57661265625 0.7922864843749999
vt 0.577617421875 0.81529109375
vt 0.525094296875 0.8060609375
vt 0.58183171875 0.78575859375
vt 0.6233665625 0.7589763281249999
vt 0.638947109375 0.7956915625000001
vt 0.590826875 0.80695546875
vt 0.2964640625 0.40928476562500005
vt 0.2933796875 0.36421289062499995
vt 0.3394328125 0.36421289062499995
vt 0.3363484375 0.40928476562500005
vt 0.2933796875 0.36421289062499995
vt 0.2964640625 0.31914101562499997
vt 0.3363484375 0.31914101562499997
vt 0.3394328125 0.36421289062499995
vt 0.738575625 0.65581359375
vt 0.690292890625 0.6452680468750001
vt 0.6912975 0.6222634375
vt 0.74031578125 0.6159672656249999
vt 0.6912975 0.6222634375
vt 0.690292890625 0.6452680468750001
vt 0.638775234375 0.63149390625
vt 0.577617421875 0.81529109375
vt 0.56519515625 0.8359921875
vt 0.525094375 0.8060609375
vt 0.42306421875 0.3671875
vt 0.402273828125 0.32235265625
vt 0.4436365625 0.31621992187500003
vt 0.4469453125 0.36364671875
vt 0.402273828125 0.32235265625
vt 0.390625 0.27870320312499997
vt 0.438386484375 0.27162171874999996
vt 0.4436365625 0.31621992187500003
vt 0.3394328125 0.364212734375
vt 0.3363484375 0.31914101562499997
vt 0.377473203125 0.31157570312500005
vt 0.386919609375 0.35547703124999996
vt 0.3363484375 0.31914101562499997
vt 0.34153171875 0.269992890625
vt 0.365275546875 0.265625
vt 0.377473203125 0.31157570312500005
vt 0.678875078125 0.6015625
vt 0.6912975 0.6222634375
vt 0.63877453125 0.6314940625000001
vt 0.56519515625 0.8359921875
vt 0.54252765625 0.8491898437500001
vt 0.525094765625 0.80606125
vt 0.457981015625 0.36154593749999997
vt 0.443636484375 0.31621937499999997
vt 0.489067734375 0.31621937499999997
vt 0.484210703125 0.36154593749999997
vt 0.443636484375 0.31621937499999997
vt 0.438386484375 0.27162171874999996
vt 0.490845859375 0.27162171874999996
vt 0.489067734375 0.31621937499999997
vt 0.438386484375 0.27162171874999996
vt 0.443636484375 0.22702406249999996
vt 0.489067734375 0.22702406249999996
vt 0.490845859375 0.27162171874999996
vt 0.53477125 0.8515625
vt 0.50766078125 0.849190078125
vt 0.5250940625 0.80606125
vt 0.50766078125 0.849190078125
vt 0.484993359375 0.8359921875
vt 0.52509390625 0.8060615625
vt 0.27221984375 0.514392421875
vt 0.26736203125 0.469065859375
vt 0.31279328125 0.469065859375
vt 0.29844953125 0.514392421875
vt 0.484993359375 0.8359921875
vt 0.47257125 0.81529109375
vt 0.525094375 0.80606125
vt 0.298449453125 0.5143925
vt 0.31279328125 0.469065859375
vt 0.3515625 0.48473203125
vt 0.32083328125 0.5234375
vt 0.47257125 0.81529109375
vt 0.473576171875 0.7922864843749999
vt 0.525094375 0.80606125
vt 0.47257125 0.81529109375
vt 0.423552890625 0.82158671875
vt 0.425293515625 0.781740390625
vt 0.473576171875 0.7922864843749999
vt 0.003189375 0.992434921875
vt 0.000105 0.9473630468750001
vt 0.046158125 0.9473630468750001
vt 0.04307375 0.992434921875
vt 0.58725671875 0.6452680468750001
vt 0.586252109375 0.6222634375
vt 0.638774375 0.63149390625
vt 0.473576171875 0.7922864843749999
vt 0.487755625 0.772748046875
vt 0.525094375 0.80606125
vt 0.473576171875 0.7922864843749999
vt 0.42699703125 0.77576953125
vt 0.45155703125 0.741927421875
vt 0.487755625 0.772748046875
vt 0.043073671875 0.99243546875
vt 0.046158125 0.9473630468750001
vt 0.093645 0.9560978125
vt 0.08419859375 1
vt 0.60143609375 0.664806640625
vt 0.58725671875 0.6452680468750001
vt 0.638775 0.63149375
vt 0.487755625 0.772748046875
vt 0.511487421875 0.761576640625
vt 0.52509453125 0.80606140625
vt 0.487755625 0.772748046875
vt 0.45547296875 0.737847265625
vt 0.496576875 0.718498046875
vt 0.511487421875 0.761576640625
vt 0.622643828125 0.87342921875
vt 0.6120215625 0.8297971875
vt 0.6640934375 0.82343328125
vt 0.66773875 0.867918046875
vt 0.57218421875 0.70586859375
vt 0.60032828125 0.6675521875
vt 0.625167734375 0.675978125
vt 0.615206796875 0.720462578125
vt 0.625167734375 0.675978125
vt 0.60143609375 0.664806640625
vt 0.6387746875 0.6314940625000001
vt 0.511487421875 0.761576640625
vt 0.538701484375 0.761576640625
vt 0.525094453125 0.806061015625
vt 0.511487421875 0.761576640625
vt 0.501526484375 0.7170922656250001
vt 0.548662421875 0.7170922656250001
vt 0.538701484375 0.761576640625
vt 0.66773875 0.8679184375
vt 0.6640934375 0.82343328125
vt 0.71852 0.82343328125
vt 0.7148746875 0.8679184375
vt 0.6640934375 0.82343328125
vt 0.66773875 0.77894890625
vt 0.7148746875 0.77894890625
vt 0.71852 0.82343328125
vt 0.615206796875 0.7204625
vt 0.625167734375 0.675978125
vt 0.652381796875 0.675978125
vt 0.662342734375 0.7204625
vt 0.652381796875 0.675978125
vt 0.625167734375 0.675978125
vt 0.638774765625 0.63149375
vt 0.23703046875 0.25947624999999996
vt 0.238943671875 0.282423203125
vt 0.194361875 0.27458703124999995
vt 0.224074765625 0.24043921874999996
vt 0.23703046875 0.25947624999999996
vt 0.19436171875 0.27458710937499997
vt 0.622390703125 0.32291703125000004
vt 0.64243796875 0.31158874999999997
vt 0.65395125 0.35536609374999995
vt 0.622390703125 0.32291703125000004
vt 0.595917578125 0.293201640625
vt 0.630640859375 0.27358031250000003
vt 0.64243796875 0.31158874999999997
vt 0.76899265625 0.3984375
vt 0.759816171875 0.36688687499999995
vt 0.805110390625 0.35780507812499995
vt 0.80819453125 0.391106015625
vt 0.72062875 0.757086484375
vt 0.729777734375 0.724915859375
vt 0.769257109375 0.731510390625
vt 0.7661728125 0.76481375
vt 0.729777734375 0.724915859375
vt 0.7453209375 0.687588125
vt 0.767970703125 0.691736484375
vt 0.769254375 0.7315099218750001
vt 0.203430390625 0.230239609375
vt 0.224074765625 0.24043921874999996
vt 0.19436171875 0.27458710937499997
vt 0.64243796875 0.31158874999999997
vt 0.66546453125 0.31158874999999997
vt 0.65395125 0.35536609374999995
vt 0.64243796875 0.31158874999999997
vt 0.6340090625 0.272695
vt 0.6738934375 0.272695
vt 0.66546453125 0.31158874999999997
vt 0.808194765625 0.39110820312500005
vt 0.805110390625 0.35780507812499995
vt 0.851163515625 0.35780507812499995
vt 0.848079140625 0.39110820312500005
vt 0.766172734375 0.764814296875
vt 0.769257109375 0.731510390625
vt 0.809141484375 0.731510390625
vt 0.812225859375 0.764814296875
vt 0.769257109375 0.731510390625
vt 0.777686015625 0.692615859375
vt 0.800712578125 0.692615859375
vt 0.809141484375 0.731510390625
vt 0.180439296875 0.23151601562500002
vt 0.203430390625 0.230239609375
vt 0.1943615625 0.2745878125
vt 0.66546453125 0.31158874999999997
vt 0.68551171875 0.32291710937499996
vt 0.65395140625 0.35536539062500005
vt 0.665464375 0.31158953125
vt 0.6738934375 0.272695
vt 0.710198828125 0.28920625
vt 0.686425078125 0.3211221875
vt 0.848079140625 0.39110828124999997
vt 0.851163515625 0.35780507812499995
vt 0.896433828125 0.366264140625
vt 0.887284140625 0.398433984375
vt 0.812225859375 0.764814375
vt 0.809141484375 0.731510390625
vt 0.8483465625 0.724184765625
vt 0.85749625 0.75635546875
vt 0.809141484375 0.731510390625
vt 0.810283125 0.691729375
vt 0.832917890625 0.6875
vt 0.8483465625 0.724184765625
vt 0.16105078125 0.243938125
vt 0.180439296875 0.23151601562500002
vt 0.1943615625 0.2745878125
vt 0.68551171875 0.32291710937499996
vt 0.69739234375 0.342643046875
vt 0.6539509375 0.3553659375
vt 0.686425078125 0.3211221875
vt 0.710198828125 0.28920625
vt 0.736412890625 0.319264921875
vt 0.70156015625 0.33847695312500004
vt 0.347102734375 0.21875
vt 0.337953046875 0.186579375
vt 0.3832234375 0.17812046874999998
vt 0.3863078125 0.21142445312500002
vt 0.627015546875 0.18841984374999998
vt 0.6361653125 0.15625
vt 0.6753703125 0.16357570312500003
vt 0.6722859375 0.19687890625000004
vt 0.113663828125 0.2265625
vt 0.1497153125 0.24341796875
vt 0.144601328125 0.26587031250000004
vt 0.104806328125 0.265450078125
vt 0.150281875 0.26429218750000005
vt 0.16105078125 0.243938125
vt 0.194361015625 0.27458734375000005
vt 0.69739234375 0.342643046875
vt 0.698030859375 0.365660703125
vt 0.65395109375 0.355365859375
vt 0.70156 0.33847703124999995
vt 0.736412890625 0.319264921875
vt 0.747832421875 0.35747953125
vt 0.7081528125 0.36053960937499996
vt 0.3863078125 0.211424375
vt 0.3832234375 0.17812046874999998
vt 0.4292765625 0.17812046874999998
vt 0.4261921875 0.211424375
vt 0.6722859375 0.19687882812500002
vt 0.6753703125 0.16357570312500003
vt 0.7152546875 0.16357570312500003
vt 0.7183390625 0.19687882812500002
vt 0.104806875 0.265450078125
vt 0.144601328125 0.26587031250000004
vt 0.149240390625 0.28842468750000005
vt 0.11284234375 0.30451664062499995
vt 0.1509203125 0.28730992187500004
vt 0.150281875 0.26429218750000005
vt 0.19436078125 0.274587265625
vt 0.698030859375 0.365660703125
vt 0.687262578125 0.38601515625000005
vt 0.65395109375 0.355365859375
vt 0.70815296875 0.36053960937499996
vt 0.747832421875 0.35747953125
vt 0.742408125 0.396992578125
vt 0.70502125 0.38335296875
vt 0.426192265625 0.211423671875
vt 0.4292765625 0.17812046874999998
vt 0.474546953125 0.18657945312500002
vt 0.46539734375 0.218749296875
vt 0.7183390625 0.19687890625000004
vt 0.7152546875 0.16357570312500003
vt 0.7544596875 0.15625
vt 0.763609453125 0.18841984374999998
vt 0.112841796875 0.304516875
vt 0.149240390625 0.28842468750000005
vt 0.162800625 0.3070359375
vt 0.13632828125 0.336751796875
vt 0.162800625 0.3070359375
vt 0.1509203125 0.28730992187500004
vt 0.19436078125 0.274587265625
vt 0.687262578125 0.38601515625000005
vt 0.66787421875 0.3984375
vt 0.653951796875 0.3553665625
vt 0.01151328125 0.8671875
vt 0.00308515625 0.82829296875
vt 0.04296875 0.82829296875
vt 0.03453984375 0.8671875
vt 0.00308515625 0.82829296875
vt 0 0.7949890625
vt 0.04605390625 0.7949890625
vt 0.04296875 0.82829296875
vt 0.3515625 0.546875
vt 0.35464765625 0.515625
vt 0.39453125 0.515625
vt 0.39761640625 0.546875
vt 0.13632828125 0.336751796875
vt 0.162800625 0.3070359375
vt 0.182847890625 0.31836421875
vt 0.171051484375 0.35637312499999996
vt 0.182847890625 0.31836421875
vt 0.162800625 0.3070359375
vt 0.194361171875 0.274586875
vt 0.205874453125 0.31836421875
vt 0.182847890625 0.31836421875
vt 0.194361171875 0.274586875
vt 0.43758453125 0.11966539062500003
vt 0.43758453125 0.086060625
vt 0.49163828125 0.0859375
vt 0.5 0.11952320312499998
vt 0.3337478125 0.8359375
vt 0.36111234375 0.866174453125
vt 0.338081640625 0.88723421875
vt 0.2938571875 0.872414375
vt 0.351456328125 0.88616578125
vt 0.380078984375 0.87372921875
vt 0.39849421875 0.91683125
vt 0.705042421875 0.60156234375
vt 0.69122453125 0.5553980468749999
vt 0.733964296875 0.5409846093749999
vt 0.729717734375 0.5932409375000001
vt 0.69122453125 0.5553980468749999
vt 0.681528671875 0.522173046875
vt 0.730879921875 0.50553
vt 0.733964296875 0.5409846093749999
vt 0.41590359375 0.673850625
vt 0.42559953125 0.640625625
vt 0.46833921875 0.655039140625
vt 0.465254765625 0.69049375
vt 0.2938575 0.87241453125
vt 0.338081640625 0.88723421875
vt 0.3277690625 0.911145859375
vt 0.275995234375 0.9138315625
vt 0.33522625 0.906529921875
vt 0.351456328125 0.88616578125
vt 0.398493515625 0.916830859375
vt 0.742393203125 0.5927315625
vt 0.733964296875 0.5409846875
vt 0.773848671875 0.5409846875
vt 0.765419765625 0.5927315625
vt 0.733964296875 0.5409846875
vt 0.730879921875 0.50553
vt 0.776933046875 0.50553
vt 0.773848671875 0.5409846875
vt 0.46525484375 0.690493046875
vt 0.46833921875 0.655039140625
vt 0.50822359375 0.655039140625
vt 0.51130796875 0.690493046875
vt 0.275995 0.9138315625
vt 0.3277690625 0.911145859375
vt 0.332684765625 0.9336415625
vt 0.28450953125 0.952796484375
vt 0.335668125 0.929552265625
vt 0.33522625 0.906529921875
vt 0.398494140625 0.9168309375
vt 0.778093125 0.59324015625
vt 0.77384875 0.5409840625
vt 0.81658734375 0.555398359375
vt 0.80276890625 0.6015625
vt 0.77384875 0.5409840625
vt 0.776933046875 0.50553
vt 0.826283828125 0.5221743750000001
vt 0.81658734375 0.555398359375
vt 0.511308046875 0.69049390625
vt 0.50822359375 0.655039140625
vt 0.550962265625 0.640625
vt 0.56065890625 0.6738496875
vt 0.284510078125 0.95279625
vt 0.332684765625 0.9336415625
vt 0.352031640625 0.95107296875
vt 0.318018984375 0.9829875
vt 0.352668125 0.949279296875
vt 0.335668125 0.929552265625
vt 0.39849421875 0.9168309375
vt 0.67311078125 0.4921875
vt 0.647910390625 0.45111398437500005
vt 0.701462578125 0.4437725
vt 0.704029453125 0.48794882812499996
vt 0.647910390625 0.45111398437500005
vt 0.635137734375 0.418946015625
vt 0.696975 0.410468671875
vt 0.701462578125 0.4437725
vt 0.7523253125 0.664979765625
vt 0.765097734375 0.6328125
vt 0.81865 0.64015390625
vt 0.81416265625 0.6734568750000001
vt 0.31801953125 0.98298703125
vt 0.352031640625 0.95107296875
vt 0.3817471875 0.960607734375
vt 0.369488046875 0.99950171875
vt 0.3817471875 0.960607734375
vt 0.352668125 0.949279296875
vt 0.398493828125 0.916831171875
vt 0.710228125 0.48714601562500004
vt 0.7014625 0.443771796875
vt 0.759475 0.443771796875
vt 0.743721875 0.48714601562500004
vt 0.7014625 0.443771796875
vt 0.696975 0.410468671875
vt 0.7639625 0.410468671875
vt 0.759475 0.443771796875
vt 0.8141625 0.6734578124999999
vt 0.81865 0.64015390625
vt 0.8766625 0.64015390625
vt 0.88115 0.6734578124999999
vt 0.3694878125 0.999502265625
vt 0.3817471875 0.960607734375
vt 0.4152409375 0.960607734375
vt 0.4275003125 0.999502265625
vt 0.4152409375 0.960607734375
vt 0.3817471875 0.960607734375
vt 0.3984940625 0.916830390625
vt 0.7502115625 0.48897929687499997
vt 0.759474921875 0.4437725
vt 0.813027109375 0.45111398437500005
vt 0.785095625 0.488197578125
vt 0.759474921875 0.4437725
vt 0.7639625 0.410468671875
vt 0.825799765625 0.418946015625
vt 0.813027109375 0.45111398437500005
vt 0.88114984375 0.6734568750000001
vt 0.8766625 0.64015390625
vt 0.930214765625 0.6328125
vt 0.9429871875 0.664979765625
vt 0.429849921875 0.998682265625
vt 0.4152409375 0.960607734375
vt 0.44431984375 0.94927875
vt 0.480215625 0.979060078125
vt 0.44431984375 0.94927875
vt 0.4152409375 0.960607734375
vt 0.398494375 0.916831171875
vt 0.482077734375 0.976660234375
vt 0.44431984375 0.94927875
vt 0.461319765625 0.92955171875
vt 0.51152171875 0.9424928125
vt 0.461319765625 0.92955171875
vt 0.44431984375 0.94927875
vt 0.39849359375 0.916830625
vt 0.512301796875 0.9389604687499999
vt 0.461319765625 0.92955171875
vt 0.4617615625 0.906529375
vt 0.51306703125 0.8990834375
vt 0.4617615625 0.906529375
vt 0.461319765625 0.92955171875
vt 0.398493671875 0.916830703125
vt 0.5130675 0.8990833593750001
vt 0.4617615625 0.906529375
vt 0.44699078125 0.885083203125
vt 0.487483203125 0.86193671875
vt 0.0978165625 0.38431203125
vt 0.11786375 0.39564046875000003
vt 0.08630328125 0.42808859374999997
vt 0.0978165625 0.38431203125
vt 0.10624546875 0.34541750000000004
vt 0.142551640625 0.36192890624999996
vt 0.118777265625 0.393844609375
vt 0.9105671875 0.617674375
vt 0.9136515625 0.58437125
vt 0.95892140625 0.5928291406249999
vt 0.949773203125 0.624999296875
vt 0.913651484375 0.50937875
vt 0.910567109375 0.47607484375
vt 0.949773125 0.468750078125
vt 0.958921328125 0.5009210937499999
vt 0.640682734375 0.992044375
vt 0.628886328125 0.95403546875
vt 0.64893359375 0.942707265625
vt 0.67540671875 0.97242265625
vt 0.64893359375 0.942707265625
vt 0.628886328125 0.95403546875
vt 0.617373046875 0.910258125
vt 0.11786375 0.39564046875000003
vt 0.12974375 0.41536578125
vt 0.08630328125 0.42808859374999997
vt 0.118777265625 0.393844609375
vt 0.142551640625 0.36192890624999996
vt 0.1687646875 0.3919884375
vt 0.13391125 0.411199296875
vt 0.53515625 0.6328125
vt 0.53207109375 0.6015625
vt 0.578125 0.6015625
vt 0.57503984375 0.6328125
vt 0.33715078125 0.14935734374999998
vt 0.346300390625 0.1171875
vt 0.38550546875 0.124513125
vt 0.382421171875 0.15781632812500002
vt 0.6779028125 0.969994921875
vt 0.64893359375 0.942707265625
vt 0.660813984375 0.922982109375
vt 0.698480390625 0.9358296875
vt 0.660813984375 0.922982109375
vt 0.64893359375 0.942707265625
vt 0.617373046875 0.910258125
vt 0.38242109375 0.15781703125000002
vt 0.38550546875 0.124513125
vt 0.42538984375 0.124513125
vt 0.42847421875 0.15781703125000002
vt 0.698480546875 0.935829765625
vt 0.660813984375 0.922982109375
vt 0.663463125 0.9001084375
vt 0.7030690625 0.89621015625
vt 0.584061328125 0.87961046875
vt 0.603449296875 0.8671875
vt 0.6173734375 0.91025875
vt 0.0529915625 0.458737109375
vt 0.04222375 0.43838328125000003
vt 0.086302890625 0.42808914062500003
vt 0.0529915625 0.458737109375
vt 0.0225528125 0.484375
vt 0.003902265625 0.44912078125
vt 0.04222375 0.43838328125000003
vt 0.7846028125 1
vt 0.775453046875 0.967829375
vt 0.8207234375 0.959370390625
vt 0.823807890625 0.992674375
vt 0.759828046875 0.32904484375
vt 0.768977734375 0.296875
vt 0.808182734375 0.304200625
vt 0.8050984375 0.337503828125
vt 0.52892015625 0.86863109375
vt 0.566306171875 0.8822729687499999
vt 0.563173125 0.905085390625
vt 0.5234934375 0.90814375
vt 0.573293515625 0.89996421875
vt 0.584061328125 0.87961046875
vt 0.6173734375 0.91025875
vt 0.04222375 0.43838328125000003
vt 0.042862578125 0.41536562499999996
vt 0.086303671875 0.428088984375
vt 0.04222375 0.43838328125000003
vt 0.0031103125 0.44572984375
vt 0.004216875 0.40586085937500005
vt 0.042862578125 0.41536562499999996
vt 0.8238078125 0.992673515625
vt 0.8207234375 0.959370390625
vt 0.8667765625 0.959370390625
vt 0.8636921875 0.992673515625
vt 0.805098359375 0.33750453125
vt 0.808182734375 0.304200625
vt 0.848067109375 0.304200625
vt 0.851151484375 0.33750453125
vt 0.523494140625 0.908143671875
vt 0.563173125 0.905085390625
vt 0.569765078125 0.927148203125
vt 0.5349121875 0.94635875
vt 0.573932421875 0.922981953125
vt 0.573293515625 0.89996421875
vt 0.61737265625 0.91025859375
vt 0.042862578125 0.41536562499999996
vt 0.054742734375 0.395640390625
vt 0.08630296875 0.42808875
vt 0.042862578125 0.41536562499999996
vt 0.00519609375 0.402518359375
vt 0.025773359375 0.36835296875
vt 0.054742734375 0.395640390625
vt 0.8636921875 0.99267359375
vt 0.8667765625 0.959370390625
vt 0.912046953125 0.967829453125
vt 0.9028971875 0.999999296875
vt 0.8511515625 0.33750460937500004
vt 0.848067109375 0.304200625
vt 0.8872721875 0.296875078125
vt 0.896421953125 0.32904570312500003
vt 0.53491171875 0.9463590625
vt 0.569765078125 0.927148203125
vt 0.5848990625 0.944502890625
vt 0.561124765625 0.976418671875
vt 0.585812578125 0.9427071875
vt 0.573932421875 0.922981953125
vt 0.6173734375 0.910258359375
vt 0.054742734375 0.395640390625
vt 0.07479 0.38431203125
vt 0.0863034375 0.42808929687499997
vt 0.054742734375 0.395640390625
vt 0.02826953125 0.36592507812499997
vt 0.0629934375 0.34630320312499996
vt 0.07479 0.38431203125
vt 0.831476875 0.625
vt 0.82232859375 0.592828984375
vt 0.8675984375 0.58437125
vt 0.870682890625 0.61767515625
vt 0.822328671875 0.500920234375
vt 0.831476796875 0.46875
vt 0.870682734375 0.47607484375
vt 0.8675984375 0.509378046875
vt 0.561124765625 0.976418671875
vt 0.5848990625 0.944502890625
vt 0.605859765625 0.95403546875
vt 0.597430859375 0.99293
vt 0.605859765625 0.95403546875
vt 0.585812578125 0.9427071875
vt 0.617372890625 0.9102589062499999
vt 0.07479 0.38431203125
vt 0.0978165625 0.38431203125
vt 0.08630328125 0.42808859374999997
vt 0.07479 0.38431203125
vt 0.06636109375 0.34541750000000004
vt 0.10624546875 0.34541750000000004
vt 0.0978165625 0.38431203125
vt 0.8706828125 0.617674375
vt 0.8675984375 0.58437125
vt 0.9136515625 0.58437125
vt 0.9105671875 0.617674375
vt 0.867598359375 0.50937875
vt 0.870682734375 0.47607484375
vt 0.910567109375 0.47607484375
vt 0.913651484375 0.50937875
vt 0.597430859375 0.99293
vt 0.605859765625 0.95403546875
vt 0.628886328125 0.95403546875
vt 0.637315234375 0.99293
vt 0.628886328125 0.95403546875
vt 0.605859765625 0.95403546875
vt 0.617373046875 0.910258125
vt 0.588200078125 0.501497421875
vt 0.60824734375 0.51282578125
vt 0.57668703125 0.5452739843750001
vt 0.588200078125 0.501497421875
vt 0.596628984375 0.46260289062500004
vt 0.632934453125 0.47911390625000005
vt 0.609160859375 0.51103
vt 0.9105671875 0.937986796875
vt 0.9136515625 0.90468359375
vt 0.958921953125 0.91314265625
vt 0.9497721875 0.9453125
vt 0.60824734375 0.51282578125
vt 0.620127578125 0.532551796875
vt 0.576686328125 0.5452746875000001
vt 0.609160859375 0.51103
vt 0.632934453125 0.47911390625000005
vt 0.659148671875 0.5091725
vt 0.6242959375 0.5283846875
vt 0.1127278125 0.218749296875
vt 0.103578046875 0.18657945312500002
vt 0.1488484375 0.17812039062499996
vt 0.1519328125 0.21142359374999997
vt 0.620127578125 0.532551796875
vt 0.620766015625 0.55556953125
vt 0.576687109375 0.545274453125
vt 0.624295859375 0.528384765625
vt 0.659148671875 0.5091725
vt 0.67056828125 0.547387109375
vt 0.63088875 0.5504473437499999
vt 0.1519328125 0.21142351562499995
vt 0.1488484375 0.17812039062499996
vt 0.1949015625 0.17812039062499996
vt 0.1918171875 0.21142351562499995
vt 0.102775703125 0.15781625
vt 0.105860078125 0.124513125
vt 0.145744453125 0.124513125
vt 0.148828828125 0.15781625
vt 0.620766015625 0.55556953125
vt 0.6099971875 0.575923671875
vt 0.576686171875 0.545274296875
vt 0.63088890625 0.550447265625
vt 0.67056828125 0.547387109375
vt 0.66514421875 0.58690015625
vt 0.627757265625 0.573260703125
vt 0.191817109375 0.211424375
vt 0.1949015625 0.17812039062499996
vt 0.240171953125 0.186579375
vt 0.2310221875 0.21875
vt 0.14882890625 0.15781710937500004
vt 0.145744453125 0.124513125
vt 0.18494953125 0.1171875
vt 0.194099296875 0.149358125
vt 0.6099971875 0.575923671875
vt 0.590608828125 0.5883459375
vt 0.576686171875 0.545274296875
vt 0.73753140625 0.2890625
vt 0.722102734375 0.252377734375
vt 0.7613078125 0.245052109375
vt 0.76016625 0.284833125
vt 0.722102734375 0.252377734375
vt 0.712953046875 0.22020703124999996
vt 0.7582234375 0.21174812499999995
vt 0.7613078125 0.245052109375
vt 0.783265546875 0.875920625
vt 0.792415234375 0.84375
vt 0.8316203125 0.851075546875
vt 0.8285359375 0.88437953125
vt 0.58575578125 0.5896224999999999
vt 0.562764609375 0.588346015625
vt 0.576687109375 0.545275
vt 0.76973671875 0.28394656250000005
vt 0.7613078125 0.24505203124999997
vt 0.8011921875 0.24505203124999997
vt 0.79276328125 0.28394656250000005
vt 0.7613078125 0.24505203124999997
vt 0.7582234375 0.21174812499999995
vt 0.8042765625 0.21174812499999995
vt 0.8011921875 0.24505203124999997
vt 0.8285359375 0.884379453125
vt 0.8316203125 0.851075546875
vt 0.8715046875 0.851075546875
vt 0.8745890625 0.884379453125
vt 0.562764609375 0.588346015625
vt 0.54337625 0.575923671875
vt 0.57668734375 0.545274296875
vt 0.802333046875 0.28483296874999997
vt 0.8011921875 0.245052109375
vt 0.840397265625 0.252377734375
vt 0.8249678125 0.28906234374999995
vt 0.8011921875 0.245052109375
vt 0.8042765625 0.21174812499999995
vt 0.849546953125 0.22020703124999996
vt 0.840397265625 0.252377734375
vt 0.8745890625 0.88437953125
vt 0.8715046875 0.851075546875
vt 0.910709765625 0.84375
vt 0.919859453125 0.875920625
vt 0.54337625 0.575923671875
vt 0.5326075 0.55556953125
vt 0.57668671875 0.54527484375
vt 0.54337625 0.575923671875
vt 0.51293828125 0.6015625
vt 0.49428671875 0.5663088281249999
vt 0.5326075 0.55556953125
vt 0.792415234375 0.8359375
vt 0.783265546875 0.803766875
vt 0.8285359375 0.79530796875
vt 0.8316203125 0.828611953125
vt 0.775453046875 0.18841984374999998
vt 0.7846028125 0.15625
vt 0.8238078125 0.16357570312500003
vt 0.8207234375 0.19687890625000004
vt 0.5326075 0.55556953125
vt 0.53324609375 0.532551796875
vt 0.576687265625 0.5452746875000001
vt 0.5326075 0.55556953125
vt 0.49349421875 0.5629165625
vt 0.494600234375 0.523047578125
vt 0.53324609375 0.532551796875
vt 0.8316203125 0.828611875
vt 0.8285359375 0.79530796875
vt 0.8745890625 0.79530796875
vt 0.8715046875 0.828611875
vt 0.8207234375 0.19687882812500002
vt 0.8238078125 0.16357570312500003
vt 0.8636921875 0.16357570312500003
vt 0.8667765625 0.19687882812500002
vt 0.53324609375 0.532551796875
vt 0.545126328125 0.51282578125
vt 0.576687265625 0.5452746875000001
vt 0.53324609375 0.532551796875
vt 0.495579296875 0.5197052343749999
vt 0.516156015625 0.485539453125
vt 0.545126328125 0.51282578125
vt 0.871504765625 0.828611171875
vt 0.8745890625 0.79530796875
vt 0.919859453125 0.803766953125
vt 0.91070984375 0.835936796875
vt 0.8667765625 0.19687890625000004
vt 0.8636921875 0.16357570312500003
vt 0.9028971875 0.15625
vt 0.912046953125 0.18841984374999998
vt 0.545126328125 0.51282578125
vt 0.565173515625 0.501497421875
vt 0.576686640625 0.5452739843750001
vt 0.545126328125 0.51282578125
vt 0.518653515625 0.48311109375000005
vt 0.553376640625 0.46348960937499994
vt 0.565173515625 0.501497421875
vt 0.8314778125 0.9453125
vt 0.822328046875 0.91314265625
vt 0.8675984375 0.90468359375
vt 0.8706828125 0.937986796875
vt 0.83715078125 0.44623234375
vt 0.84630046875 0.4140625
vt 0.88550546875 0.421388203125
vt 0.88242109375 0.45469140625000004
vt 0.565173515625 0.501497421875
vt 0.588200078125 0.501497421875
vt 0.576686796875 0.545274765625
vt 0.565173515625 0.501497421875
vt 0.556744609375 0.46260289062500004
vt 0.596628984375 0.46260289062500004
vt 0.588200078125 0.501497421875
vt 0.8706828125 0.93798671875
vt 0.8675984375 0.90468359375
vt 0.9136515625 0.90468359375
vt 0.9105671875 0.93798671875
vt 0.88242109375 0.454691328125
vt 0.88550546875 0.421388203125
vt 0.92538984375 0.421388203125
vt 0.92847421875 0.454691328125
vn 0 -1 0
vn 0.5138568424951282 -0.26694311337540455 0.8152867714138279
vn 0.25942012754218147 0.9285500891275053 -0.26551069546686945
vn 0 -1 0
vn 0.8329786699815653 -0.252734142008071 0.49221132536664236
vn -0.17348692483390166 0.9794861516437612 -0.10251422169519284
vn 0 -1 0
vn 0.9441683221163386 0.13598196400828944 0.30009179425046995
vn -0.2518071321302363 0.9014500974065103 0.35210920194470763
vn 0 -1 0
vn 0.792238324077354 -0.23737771231587362 -0.5621478982961583
vn -0.17348764121507698 0.9794859804532617 0.10251464500812374
vn 0 -1 0
vn 0.4793209085830166 -0.21968670695566947 -0.8496994865139825
vn -0.10011493635115584 0.9790196501090103 0.17747541863546987
vn 0 -1 0
vn 0.059985703852524545 -0.5520626620194117 -0.8316420699660149
vn 0 0.9799373567576667 0.19930573707447008
vn 0 -1 0
vn -0.4269193129288199 -0.3466706716165614 -0.8352001830036359
vn -0.2594201275421814 0.9285500891275053 0.2655106954668695
vn 0 -1 0
vn -0.8051133946814903 -0.3541998391008423 -0.4757466717543954
vn 0.1734876412150771 0.9794859804532617 0.10251464500812374
vn 0 -1 0
vn -0.9471070671581355 -0.31888580627539953 0.03605614920098129
vn 0.2747592125659843 0.8956150589068824 -0.3498300178220018
vn 0 -1 0
vn -0.8036891466453637 -0.2693238294447859 0.53061137422566
vn 0.2594201275421814 0.9285500891275051 0.26551069546686945
vn 0 -1 0
vn -0.4757218650313757 -0.250002169443196 0.8433194071078676
vn 0.10011493635115583 0.9790196501090103 -0.17747541863546984
vn 0 -1 0
vn -0.03980439740338128 -0.3062473774931168 0.9511194213798507
vn -0.34448208097418337 0.9026290420179753 -0.25805601793681987
vn -0.4913228063769022 0 -0.8709775542078712
vn -0.4884191472928594 0.10855026397925228 -0.8658311479426868
vn -0.4913223900996674 0 -0.870977789031816
vn 0 0 -1
vn 0 0.07871851539887799 -0.9968968829991378
vn 0 0 -1
vn 0.4913228063769021 0 -0.8709775542078714
vn 0.48978035457451313 0.07916584997506719 -0.8682441894251809
vn 0.49132239009966744 0 -0.870977789031816
vn 0.8609285840490221 0 -0.5087258330057028
vn 0.8557232312517951 0.10980177298623349 -0.5056494063529261
vn 0.8609288328982462 0 -0.5087254118721257
vn 1 0 0
vn 0.993882333053767 0.11044413992422165 0
vn 1 0 0
vn 0.8763196941587504 -0.2706675137640194 0.3985008037913082
vn 0.8568079157710596 0.09772552024286126 0.5062903496663896
vn 0.8609288328982461 0 0.5087254118721255
vn 0.49132280637690195 0 0.8709775542078715
vn 0.48902420219064646 0.09660865451189762 0.8669037417990552
vn 0.49132239009966766 0 0.8709777890318159
vn 0 0 1
vn 0 0.10794051468567187 0.9941573543908392
vn 0 0 1
vn -0.49132280637690234 0 0.870977554207871
vn -0.48978035457451335 0.07916584997506701 0.8682441894251808
vn -0.49132239009966755 0 0.8709777890318158
vn -0.8609285840490218 0 0.5087258330057028
vn -0.8581636607970458 0.08008357505118763 0.507091463440703
vn -0.8609288328982461 0 0.5087254118721255
vn -1 0 0
vn -0.993882333053767 0.11044413992422164 0
vn -1 0 0
vn -0.9286119715062279 0 -0.3710522960113799
vn -0.8609288328981825 3.849782521133214e-7 -0.508725411872088
vn -0.8609288328982462 0 -0.5087254118721257
vn -0.9919154630980137 0 -0.1269004100350081
vn 0 0.8666666660709221 -0.4988876526047851
vn 0.9919154630980137 0 -0.12690041003500815
vn 0 -0.9609876520378975 0.27659127359822694
vn 0.6109742666505512 -0.04055516602297838 -0.7906109814565377
vn 0.549727119720262 0.7970618790742722 0.24998490908583865
vn -0.4575426187772488 -0.010817984971997483 0.889121883210397
vn -0.2389455009157237 -0.9649343788110907 -0.10865860380378842
vn 0.3379794980072906 -0.2968189626914774 0.8931228147984439
vn 0.8049648558580559 -0.5433029752103039 0.2384396316912341
vn 0.13832990105680523 -0.1317865266432823 -0.981578906593308
vn -0.5788461953662662 0.8092198765781666 -0.10050011672040529
vn 0 0 1
vn -0.7845998741243833 0.6200024496112917 0
vn -0.1212317937952396 0 -0.9926242250586012
vn 0.38866235288521817 -0.9213802556218179 0
vn 0.8609279363012141 0 0.5087269292028216
vn -0.19381001650359517 0.9189106466803906 0.34357080917956767
vn -0.860927936301214 0 -0.5087269292028217
vn 0.135181699985246 -0.9614046703604663 -0.23963924511269516
vn 0 1 0
vn 0 1 0
vn 0 1 0
vn 0 1 0
vn 0 1 0
vn 0 1 0
vn 0 1 0
vn 0 1 0
vn 0 1 0
vn 0 1 0
vn 0 1 0
vn 0 1 0
vn -0.37001940288370766 0.6578916106717366 0.6559453255396616
vn -0.6451073400761278 0.6622144647495257 0.3811935498620121
vn -0.5999555990315917 0.8000332988011464 0
vn -0.5184717472488252 0.7983280949724927 -0.306364652142412
vn -0.3700188051878144 0.6578930032527623 -0.6559442659848802
vn 0 0.7932795913731462 -0.6088575284176541
vn 0.2980707870011567 0.7949512996863607 -0.5283996944203101
vn 0.645107340076128 0.6622144647495257 -0.3811935498620119
vn 0.5999555990315917 0.8000332988011463 0
vn 0.5184717472488254 0.7983280949724927 0.3063646521424118
vn 0.37001880518781394 0.6578930032527626 0.6559442659848803
vn 0 0.6557632529646157 0.7549665926789513
vn -0.4757217168703286 -0.2500033373463731 0.8433191444605194
vn -0.046432906412533184 -0.2652991215974041 0.963047434595893
vn 0.502083111747757 -0.3080637989795018 0.8080898741204511
vn 0.832978668757411 -0.25273414745149814 0.49221132464328327
vn 0.012239246589902476 -0.043106260662049346 0.9989955210783715
vn 0.9209281557630533 -0.30447569867319646 0.24328148478733505
vn 0.3135356253983585 -0.29870455147084185 -0.9013717338238778
vn 0.7770674362443257 -0.30700803258807663 -0.549465437907672
vn 0.4793209167231963 -0.219686633382203 -0.8496995009442034
vn 0.07514059024221811 -0.30687734229616864 -0.948778260966856
vn -0.4358500751397046 -0.3137066409319031 -0.8435774152002508
vn -0.6198867627894961 -0.36253617351251083 -0.6959223550176168
vn -0.935047827394489 -0.3522768799728444 0.039831649745449754
vn -0.7966101895823243 -0.3108173196437043 0.5184638846275766
vn -0.9719410106322257 -0.22664971675054485 0.06293312123282542
vn -0.25461931295332335 -0.855240521213793 0.4513675401988247
vn 0.9984900817628106 0.027600253060090597 0.04749508029591047
vn 0.2546191252424476 0.855240559770547 -0.451367573031263
vn 0.2914613272795601 -0.17498828049910126 -0.9404410648139548
vn -0.3710098065568753 -0.8299785824539985 -0.41651803815234856
vn -0.7492638124220233 -0.2232759145394284 0.6234994830642581
vn 0.35415915655575175 0.8730002340770346 0.33532354991733176
vn 0.9960592359288505 -0.015853579476262016 0.08726203377543183
vn -0.962510211778495 -0.1687288337456385 -0.21237860740892292
vn -0.05522872960077536 0.8276685806397756 0.5584930689349903
vn -0.9513992696502683 -0.18078837592833039 -0.249309030799393
vn 0.9963583647812451 -0.016823538234482037 0.08358814205206534
vn 0 -0.7023991380103393 -0.7117832892969126
vn 0.9964206963170288 -0.01888761290011656 0.08239571609023685
vn 0.9957802394612268 -0.01498862246684836 0.0905375938220599
vn 0.9966162379889753 -0.019639726202466058 0.07981450577053256
vn 0.9960589509896328 -0.015852518865047974 0.08726547885083545
vn 0 -0.7023986307015356 -0.711783789917
vn 0 -0.7023968267592908 -0.7117855700690194
vn -0.9218368813564042 -0.22177854302326172 -0.31785380605803415
vn -0.9366019049062031 -0.19435548627055466 -0.29155242527306796
vn -0.9543406740729701 -0.19082714416338167 -0.22982358203717304
vn -0.9514142408611665 -0.18075194962148058 -0.24927830831142103
vn -0.049579832255418774 0.848509909851825 0.5268517563003585
vn -0.0552281819295721 0.8276706741404816 0.5584900205810261
vn -0.1375993986991605 0.8249027090459733 0.5482717629846022
vn 0.18592775265442632 0.24117095589666887 0.9525058744305788
vn 0.09032574366294276 -0.7644294756643147 -0.6383485229616476
vn -0.17620130143977578 -0.2648795856744902 -0.9480463630349729
vn 0.10781902487244509 0.9709491944537394 0.2136181632380302
vn 0.305026838463893 0.7360229002046524 0.604341723026844
vn 0.432601858940007 0.27970187002617963 0.8571012166281813
vn 0.43260122369011805 -0.2797019026074699 0.8571015266230564
vn 0.3050278629751595 -0.7360228064453355 0.6043413201173155
vn 0.10781902487244559 -0.9709491944537391 0.21361816323803118
vn 0.18742095811048 0.9744498626932594 0.12377741941904254
vn 0.5441716065721914 0.7581034369471505 0.3593834184955643
vn 0.7966919770090027 0.2973956921710435 0.5261536810168611
vn 0.7966919836489346 -0.29739569171560865 0.5261536712202248
vn 0.5441711332452183 -0.7581034884273 0.3593840266024268
vn 0.18742095811048096 -0.9744498626932592 0.12377741941904315
vn 0.21680706432240188 0.9762144727773205 0
vn 0.6381461887108427 0.7699152173024154 0
vn 0.9515145523222496 0.3076037332656894 0
vn 0.9515145523222496 -0.30760373326568896 0
vn 0.6381461887108419 -0.7699152173024161 0
vn 0.21680706432240293 -0.9762144727773203 0
vn 0.18742095811048 0.9744498626932594 -0.1237774194190425
vn 0.544171860549926 0.7581031751254745 -0.3593835862282894
vn 0.796691974160149 0.29739570313149044 -0.5261536791354129
vn 0.7966919803593544 -0.29739570437167095 -0.5261536690477107
vn 0.5441715731470499 -0.7581030349389634 -0.35938431712443697
vn 0.18742095811048093 -0.9744498626932592 -0.1237774194190431
vn 0.107819024872445 0.9709491944537394 -0.2136181632380302
vn 0.3050266276126645 0.7360233306006073 -0.6043413052728019
vn 0.43260195184693606 0.27970116226613745 -0.85710140070192
vn 0.4326013309694323 -0.2797010853580963 -0.8571017391727651
vn 0 0.9692129437093542 -0.24622402349536993
vn -0.107819024872445 0.9709491944537394 -0.21361816323803023
vn -0.305026838463893 0.7360229002046522 -0.6043417230268441
vn -0.18742095811048 0.9744498626932594 -0.12377741941904247
vn -0.5441716065721913 0.7581034369471505 -0.35938341849556454
vn -0.21680706432240193 0.9762144727773205 0
vn -0.6381461887108425 0.7699152173024155 0
vn -0.9515145523222497 0.3076037332656888 0
vn -0.21680706432240296 -0.9762144727773203 0
vn -0.18742095811048004 0.9744498626932594 0.12377741941904254
vn -0.5441718605499257 0.7581031751254745 0.35938358622828936
vn -0.7966919741601493 0.2973957031314899 0.5261536791354128
vn -0.18742095811048096 -0.9744498626932592 0.12377741941904313
vn -0.10781902487244507 0.9709491944537394 0.2136181632380302
vn -0.3050266276126644 0.7360233306006075 0.6043413052728018
vn -0.43260195184693584 0.2797011622661372 0.8571014007019202
vn -0.3050274977684629 -0.736023551913845 0.604340596545721
vn -0.10781902487244559 -0.9709491944537392 0.21361816323803123
vn 0 0.9692129437093542 0.24622402349536993
vn 0 0.72568272431523 0.6880294932852996
vn 0 0.27196136311447733 0.9623081715193504
vn 0 -0.271961363114477 0.9623081715193504
vn 0 -0.7256827243152305 0.6880294932852988
vn 0 -0.9692129437093537 0.2462240234953711
vn 0.1819557151854192 -0.9833067261599315 0
vn 0.1574716347075242 -0.982641619244697 -0.09807207752821415
vn 0.09079314426509762 0.9813157015921061 -0.1696351931742053
vn 0.27866037616057165 0.807019618042448 -0.5206416530135386
vn 0.43209732455143396 0.35614511169744084 -0.8285243276630507
vn 0.4438166214332627 -0.3439436292404747 -0.8274838889334675
vn 0.2830370697722504 -0.8001509552371278 -0.5288179894518062
vn 0.09079373753922716 -0.9813154550872064 -0.1696363016298314
vn 0 0.980654639006552 -0.1957459552453874
vn 0 0.8019413588516424 -0.5974027594204612
vn 0 0.3384612344228957 -0.94098033602883
vn 0 -0.33846123442289655 -0.9409803360288296
vn 0 -0.8019420696937157 -0.5974018051992809
vn 0 -0.9806543840371842 -0.19574723259512763
vn -0.09079300466431724 0.9813156890671398 -0.1696353403471994
vn -0.2786604807897801 0.8070194557980229 -0.5206418484999755
vn -0.44311137131070927 0.34385437245969525 -0.8278988363051926
vn -0.4431119225823773 -0.3438543299886477 -0.8278985588907664
vn -0.2786598935696501 -0.8070201694033639 -0.520641056671405
vn -0.09079359793751943 -0.9813154425620795 -0.16963644880375886
vn -0.15747084111541992 0.9826418365227158 -0.0980711747337953
vn -0.48890561568545454 0.8174714574661625 -0.30448598519369435
vn -0.7934030378159996 0.3554634707186007 -0.4941227990783568
vn -0.7934023756028468 -0.35546354797233465 -0.49412380680420465
vn -0.4889052036566206 -0.8174720741592667 -0.3044849911033787
vn -0.15747187286789274 -0.9826416070507509 -0.09807181729832554
vn -0.18195471778123123 0.9833069107237844 0
vn -0.5682553156627518 0.8228522930763615 0
vn -0.9322844520100341 0.3617260020241156 0
vn -0.9322844520100338 -0.3617260020241164 0
vn -0.5682543600458487 -0.8228529530170521 0
vn -0.18195591156695065 -0.9833066898205464 0
vn -0.15747084111541998 0.9826418365227158 0.09807117473379531
vn -0.488905364845623 0.8174716656740108 0.3044858289729212
vn -0.7934034700016218 0.3554621319122334 0.49412306823887053
vn -0.7934028746481048 -0.35546200204963907 0.4941241176050672
vn -0.4889047691886054 -0.8174724347852389 0.30448472052129283
vn -0.15747187286789283 -0.9826416070507509 0.09807181729832554
vn -0.0907930046643172 0.9813156890671398 0.16963534034719943
vn -0.27866051452625995 0.8070194034841621 0.5206419115323194
vn -0.44311124720747314 0.34385509066332043 0.8278986044336332
vn -0.44311177928000983 -0.34385515929940763 0.8278982911484253
vn -0.27865995200279836 -0.8070200787935116 0.5206411658464135
vn -0.09079359793751939 -0.9813154425620795 0.1696364488037589
vn 0 -0.9806543840371842 0.19574723259512772
vn 0.36738264223742184 -0.35581554918779146 0.8593167571616656
vn 0.22624634937705893 -0.8177801210795234 0.5291958644591946
vn 0.07284702689520804 -0.9826801169694726 0.17039101615224012
vn 0.5105424678512154 0.7621655942639597 0.3980577790229151
vn 0.7215816612920887 0.4034893249909533 0.5625977876825455
vn 0.721580806028192 -0.40348869667067666 0.5625993352561869
vn 0.40951699092743593 -0.854605145986956 0.31928964686370914
vn 0.12672998351742917 -0.9870037904106964 0.09880804113325194
vn 0.6160363272019106 0.7877177435906727 0
vn 0.9000230198661495 0.43584236107911384 0
vn 0.9000233297675302 -0.4358417211261075 0
vn 0.4841464353738486 -0.8749869879688474 0
vn 0.1466588899029248 -0.9891871258828847 0
vn 0.5105421593183014 0.7621659265724675 -0.3980575384671647
vn 0.7215823548729645 0.4034873306096723 -0.562598328448875
vn 0.7215816069034081 -0.40348639375738715 -0.5625999596794816
vn 0.4095164876347466 -0.8546055337650964 -0.31928925445961215
vn 0.12672998351742917 -0.9870037904106964 -0.09880804113325194
vn 0.27153192272209975 0.7231137244263355 -0.6351196395082689
vn 0.3673822657251895 0.3558164745878881 -0.8593165349523264
vn 0.36738258050603506 -0.35581596163943396 -0.8593166127704803
vn 0.2262463902599833 -0.8177800478879667 -0.5291959600853757
vn 0.07284702689520804 -0.9826801169694724 -0.17039101615224003
vn 0 0.7158337412203295 -0.6982707604722588
vn 0 0.33754759054409067 -0.9413084638511858
vn 0 -0.3375470484055781 -0.9413086582586409
vn 0 -0.8010671193255232 -0.598574531980361
vn 0 -0.9805394924981973 -0.19632193879283574
vn -0.2605200102502628 0.7488702498354612 -0.6093625137556272
vn -0.3673823191862471 0.3558161173939539 -0.8593166599991104
vn -0.36738264223742184 -0.3558155491877916 -0.8593167571616654
vn -0.2262463493770591 -0.8177801210795232 -0.5291958644591946
vn -0.07284702689520804 -0.9826801169694724 -0.17039101615224003
vn -0.40951699092743576 -0.8546051459869559 -0.31928964686370936
vn -0.12672998351742912 -0.9870037904106964 -0.09880804113325195
vn -0.48414643537384855 -0.8749869879688474 0
vn -0.14665888990292475 -0.9891871258828847 0
vn -0.40951648763474663 -0.8546055337650966 0.3192892544596122
vn 0.09578758107102248 0.9822930276762019 0.16101287865038358
vn 0.2964882940483605 0.8146872383427618 0.4983767602665045
vn 0.478494114692261 0.35229915189480854 0.8043187737328205
vn 0.47849525667278864 -0.3522990275017094 0.80431814884596
vn 0.2964871438336585 -0.8146880134053028 0.4983761775557501
vn 0.09578820822791001 -0.9822927937173055 0.16101393286153182
vn 0.1658206368445137 0.9817693316003622 0.09291122604646963
vn 0.5109271481136298 0.810554221610807 0.2862783665409801
vn 0.8179576484842387 0.34770186330647523 0.4583107019690245
vn 0.8179574711795943 -0.3477018964194866 0.45831099328706504
vn 0.51092629115372 -0.8105549171128615 0.2862779267636027
vn 0.1658217213764978 -0.9817690909139947 0.09291183372231898
vn 0.9384302623197439 -0.34546872906602816 0
vn 0.5884798434256018 -0.8085118885222278 0
vn -0.09578820822790995 -0.9822927937173055 -0.16101393286153187
vn -0.1658204927831501 0.9817693424360278 -0.09291136865789484
vn -0.5109268923464647 0.8105544334469402 -0.28627822323169144
vn -0.8179576484842387 0.3477018633064751 -0.4583107019690246
vn -0.8179574711795942 -0.34770189641948646 -0.4583109932870651
vn -0.5109256394018571 -0.8105552138796299 -0.2862782497053365
vn -0.16582157731421596 -0.9817691017497993 -0.09291197633469032
vn -0.19142211740598858 0.9815078058618831 0
vn -0.5884807988601848 0.8085111931030263 0
vn -0.9384302623197441 0.3454687290660274 0
vn -0.9384302623197439 -0.3454687290660282 0
vn -0.5884798434256017 -0.8085118885222278 0
vn -0.19142336871476864 -0.9815075618200249 0
vn -0.16582063684451362 0.9817693316003622 0.09291122604646969
vn -0.5109271631250104 0.8105542091778033 0.2862783749520296
vn -0.8179577749223386 0.3477014724832454 0.4583107728136881
vn -0.817957617177739 -0.3477014451355962 0.4583110750915074
vn -0.5109263171541518 -0.810554895578355 0.2862779413319465
vn -0.16582172137649775 -0.9817690909139947 0.09291183372231902
vn -0.09578758107102246 0.9822930276762019 0.1610128786503836
vn -0.29648846310814847 0.8146870029738197 0.4983770444445689
vn -0.4784938328767994 0.35230061617042174 0.8043183000186003
vn -0.47849493125911235 -0.35230071830395127 0.8043176018475896
vn -0.2964874366535078 -0.8146876057349539 0.498376669767437
vn -0.09578820822791 -0.9822927937173055 0.16101393286153184
vn 0 0.9825551796769076 0.18597128512240746
vn 0 0.8167775094365891 0.5769527710987813
vn 0 0.3546688719917367 0.9349919738907438
vn 0 -0.35466887199173747 0.9349919738907435
vn 0 -0.8167781847110474 0.576951815128548
vn 0 -0.9825549490897708 0.18597250339552307
vn 0.10397063577548987 0.977353533095517 0.1843100058112713
vn 0.30879877006999773 0.7778064848911179 0.5474124511413491
vn 0.46635146042311637 0.3147468454443186 0.8267107950450852
vn 0.18017465613542566 0.9778558271227947 0.10646630757416413
vn 0.5372946215308282 0.7813543195573792 0.3174900265883472
vn 0.8162237125482116 0.3180512257925073 0.482309308272086
vn 0.2081013412267861 0.9781072700780895 0
vn 0.6218377392534513 0.7831461077220244 0
vn 0.9475046817725241 0.31974189281223037 0
vn 0.9475046817725241 -0.31974189281223087 0
vn 0.18017465613542563 0.9778558271227947 -0.10646630757416413
vn 0.5372948361427737 0.7813541204512011 -0.31749015340359804
vn 0.8162240427658956 0.318050082443137 -0.48230950339881484
vn 0.8162235070172147 -0.3180499872933004 -0.4823104728027892
vn 0.1039706357754899 0.977353533095517 -0.1843100058112713
vn 0.30879864784385813 0.7778066859080762 -0.5474122344691431
vn 0.4663512756511685 0.3147479795502532 -0.8267104674960646
vn 0.4663522035679203 -0.314748073777103 -0.8267099081787689
vn 0 0.9771026790466303 -0.21276831202013635
vn 0 0.7760505617714774 -0.6306706950336082
vn 0 0.31313408602583326 -0.9497089260235296
vn 0 -0.31313408602583376 -0.9497089260235295
vn -0.10397063577548989 0.977353533095517 -0.18431000581127133
vn -0.3087987700699976 0.777806484891118 -0.5474124511413491
vn -0.46635146042311676 0.3147468454443186 -0.826710795045085
vn -0.4663524169249626 -0.31474676422229514 -0.826710286400164
vn -0.18017465613542563 0.9778558271227947 -0.10646630757416406
vn -0.5372946215308281 0.7813543195573793 -0.3174900265883471
vn -0.8162237125482115 0.3180512257925067 -0.4823093082720864
vn -0.8162231257143578 -0.3180513075214821 -0.48231024748906137
vn -0.2081013412267861 0.9781072700780895 0
vn -0.6218377392534512 0.7831461077220246 0
vn -0.9475046817725242 0.31974189281223 0
vn -0.9475046817725242 -0.3197418928122305 0
vn -0.18017465613542566 0.9778558271227947 0.10646630757416406
vn -0.5372948361427736 0.7813541204512012 0.3174901534035981
vn -0.8162240427658957 0.3180500824431366 0.4823095033988148
vn -0.8162235070172149 -0.3180499872933001 0.48231047280278944
vn -0.10397063577548986 0.977353533095517 0.18431000581127133
vn -0.308798647843858 0.7778066859080762 0.5474122344691432
vn -0.4663512756511685 0.3147479795502532 0.8267104674960646
vn -0.4663522035679201 -0.31474807377710295 0.8267099081787691
vn 0 0.9771026790466303 0.21276831202013635
vn 0 0.7760505617714774 0.6306706950336082
vn 0 0.31313408602583326 0.9497089260235296
vn 0 -0.3131340860258337 0.9497089260235295
usemtl m_76b3df82-841a-0d87-82a3-6ee5412b1c31
f 4/1/1 2/2/1 1/3/1
f 46/4/2 110/5/2 109/6/2 49/7/2
f 84/8/3 85/9/3 3/10/3 5/11/3
f 6/12/4 4/13/4 1/14/4
f 43/15/5 111/16/5 110/17/5 46/18/5
f 83/19/6 84/20/6 5/21/6 7/22/6
f 8/23/7 6/24/7 1/25/7
f 71/26/8 113/27/8 112/28/8 72/29/8
f 82/30/9 83/31/9 7/32/9 9/33/9
f 10/34/10 8/35/10 1/36/10
f 37/37/11 115/38/11 114/39/11 40/40/11
f 93/41/12 82/42/12 9/43/12 11/44/12
f 12/45/13 10/46/13 1/47/13
f 34/48/14 116/49/14 115/50/14 37/51/14
f 92/52/15 93/53/15 11/54/15 13/55/15
f 14/56/16 12/57/16 1/58/16
f 133/59/17 131/60/17 130/61/17 134/62/17
f 91/63/18 92/64/18 13/65/18 15/66/18
f 16/67/19 14/68/19 1/69/19
f 30/70/20 118/71/20 117/72/20 31/73/20
f 90/74/21 91/75/21 15/76/21 17/77/21
f 18/78/22 16/79/22 1/80/22
f 61/81/23 119/82/23 118/83/23 30/84/23
f 89/85/24 90/86/24 17/87/24 19/88/24
f 20/89/25 18/90/25 1/91/25
f 58/92/26 120/93/26 119/94/26 61/95/26
f 88/96/27 89/97/27 19/98/27 21/99/27
f 22/100/28 20/101/28 1/102/28
f 55/103/29 107/104/29 120/105/29 58/106/29
f 87/107/30 88/108/30 21/109/30 23/110/30
f 24/111/31 22/112/31 1/113/31
f 52/114/32 108/115/32 107/116/32 55/117/32
f 86/118/33 87/119/33 23/120/33 25/121/33
f 2/122/34 24/123/34 1/124/34
f 49/125/35 109/126/35 108/127/35 52/128/35
f 85/129/36 86/130/36 25/131/36 3/132/36
f 16/133/37 26/134/37 27/135/37 14/136/37
f 26/137/38 28/138/38 29/139/38 27/140/38
f 28/141/39 30/142/39 31/143/39 29/144/39
f 62/145/40 63/146/40 64/147/40 65/148/40
f 27/149/41 29/150/41 33/151/41 32/152/41
f 29/153/42 31/154/42 34/155/42 33/156/42
f 12/157/43 32/158/43 35/159/43 10/160/43
f 32/161/44 33/162/44 36/163/44 35/164/44
f 33/165/45 34/166/45 37/167/45 36/168/45
f 10/169/46 35/170/46 38/171/46 8/172/46
f 35/173/47 36/174/47 39/175/47 38/176/47
f 36/177/48 37/178/48 40/179/48 39/180/48
f 8/181/49 38/182/49 41/183/49 6/184/49
f 38/185/50 39/186/50 42/187/50 41/188/50
f 39/189/51 40/190/51 43/191/51 42/192/51
f 66/193/52 67/194/52 68/195/52 69/196/52
f 41/197/53 42/198/53 45/199/53 44/200/53
f 42/201/54 43/202/54 46/203/54 45/204/54
f 4/205/55 44/206/55 47/207/55 2/208/55
f 44/209/56 45/210/56 48/211/56 47/212/56
f 45/213/57 46/214/57 49/215/57 48/216/57
f 2/217/58 47/218/58 50/219/58 24/220/58
f 47/221/59 48/222/59 51/223/59 50/224/59
f 48/225/60 49/226/60 52/227/60 51/228/60
f 78/229/61 79/230/61 80/231/61 81/232/61
f 50/233/62 51/234/62 54/235/62 53/236/62
f 51/237/63 52/238/63 55/239/63 54/240/63
f 22/241/64 53/242/64 56/243/64 20/244/64
f 53/245/65 54/246/65 57/247/65 56/248/65
f 54/249/66 55/250/66 58/251/66 57/252/66
f 74/253/67 75/254/67 76/255/67 77/256/67
f 56/257/68 57/258/68 60/259/68 59/260/68
f 57/261/69 58/262/69 61/263/69 60/264/69
f 18/265/70 59/266/70 26/267/70 16/268/70
f 59/269/71 60/270/71 28/271/71 26/272/71
f 60/273/72 61/274/72 30/275/72 28/276/72
f 63/277/73 62/278/73 14/279/73 27/280/73
f 64/281/74 63/282/74 27/283/74 32/284/74
f 65/285/75 64/286/75 32/287/75 12/288/75
f 62/289/76 65/290/76 12/291/76 14/292/76
f 67/293/77 66/294/77 6/295/77 41/296/77
f 68/297/78 67/298/78 41/299/78 44/300/78
f 69/301/79 68/302/79 44/303/79 4/304/79
f 66/305/80 69/306/80 4/307/80 6/308/80
f 72/309/81 112/310/81 111/311/81 43/312/81
f 71/313/82 72/314/82 43/315/82 40/316/82
f 40/317/83 114/318/83 113/319/83 71/320/83
f 70/321/84 73/322/84 9/323/84 7/324/84
f 75/325/85 74/326/85 20/327/85 56/328/85
f 76/329/86 75/330/86 56/331/86 59/332/86
f 77/333/87 76/334/87 59/335/87 18/336/87
f 74/337/88 77/338/88 18/339/88 20/340/88
f 79/341/89 78/342/89 24/343/89 50/344/89
f 80/345/90 79/346/90 50/347/90 53/348/90
f 81/349/91 80/350/91 53/351/91 22/352/91
f 78/353/92 81/354/92 22/355/92 24/356/92
f 97/357/93 95/358/93 98/359/93
f 98/360/94 95/361/94 99/362/94
f 99/363/95 95/364/95 100/365/95
f 100/366/96 95/367/96 101/368/96
f 101/369/97 95/370/97 102/371/97
f 102/372/98 95/373/98 103/374/98
f 103/375/99 95/376/99 104/377/99
f 104/378/100 95/379/100 105/380/100
f 105/381/101 95/382/101 106/383/101
f 106/384/102 95/385/102 94/386/102
f 94/387/103 95/388/103 96/389/103
f 96/390/104 95/391/104 97/392/104
f 94/393/105 96/394/105 93/395/105 92/396/105
f 96/397/106 97/398/106 82/399/106 93/400/106
f 97/401/107 98/402/107 83/403/107 82/404/107
f 98/405/108 99/406/108 84/407/108 83/408/108
f 99/409/109 100/410/109 85/411/109 84/412/109
f 100/413/110 101/414/110 86/415/110 85/416/110
f 101/417/111 102/418/111 87/419/111 86/420/111
f 102/421/112 103/422/112 88/423/112 87/424/112
f 103/425/113 104/426/113 89/427/113 88/428/113
f 104/429/114 105/430/114 90/431/114 89/432/114
f 105/433/115 106/434/115 91/435/115 90/436/115
f 106/437/116 94/438/116 92/439/116 91/440/116
f 121/441/117 122/442/117 123/443/117 124/444/117
f 25/445/118 108/446/118 109/447/118 3/448/118
f 3/449/119 109/450/119 110/451/119 5/452/119
f 5/453/120 110/454/120 111/455/120 7/456/120
f 7/457/121 111/458/121 112/459/121 70/460/121
f 70/461/122 112/462/122 113/463/122 73/464/122
f 73/465/123 113/466/123 114/467/123 9/468/123
f 9/469/124 114/470/124 115/471/124 11/472/124
f 11/473/125 115/474/125 116/475/125 13/476/125
f 129/477/126 130/478/126 131/479/126 132/480/126
f 15/481/127 117/482/127 118/483/127 17/484/127
f 125/485/128 126/486/128 127/487/128 128/488/128
f 19/489/129 119/490/129 120/491/129 21/492/129
f 21/493/130 120/494/130 107/495/130 23/496/130
f 122/497/131 121/498/131 23/499/131 107/500/131
f 123/501/132 122/502/132 107/503/132 108/504/132
f 124/505/133 123/506/133 108/507/133 25/508/133
f 121/509/134 124/510/134 25/511/134 23/512/134
f 126/513/135 125/514/135 17/515/135 118/516/135
f 127/517/136 126/518/136 118/519/136 119/520/136
f 128/521/137 127/522/137 119/523/137 19/524/137
f 125/525/138 128/526/138 19/527/138 17/528/138
f 116/529/139 138/530/139 137/531/139 13/532/139
f 15/533/140 146/534/140 144/535/140 117/536/140
f 13/537/141 137/538/141 146/539/141 15/540/141
f 117/541/142 144/542/142 142/543/142 31/544/142
f 34/545/143 140/546/143 138/547/143 116/548/143
f 31/549/144 142/550/144 140/551/144 34/552/144
f 129/553/145 135/554/145 136/555/145 130/556/145
f 147/557/146 148/558/146 149/559/146 150/560/146
f 130/561/147 136/562/147 139/563/147 134/564/147
f 136/565/148 138/566/148 140/567/148 139/568/148
f 134/569/149 139/570/149 141/571/149 133/572/149
f 139/573/150 140/574/150 142/575/150 141/576/150
f 133/577/151 141/578/151 143/579/151 131/580/151
f 141/581/152 142/582/152 144/583/152 143/584/152
f 131/585/153 143/586/153 145/587/153 132/588/153
f 143/589/154 144/590/154 146/591/154 145/592/154
f 132/593/155 145/594/155 135/595/155 129/596/155
f 145/597/156 146/598/156 137/599/156 135/600/156
f 148/601/157 147/602/157 135/603/157 137/604/157
f 149/605/158 148/606/158 137/607/158 138/608/158
f 150/609/159 149/610/159 138/611/159 136/612/159
f 147/613/160 150/614/160 136/615/160 135/616/160
f 153/617/161 158/618/161 152/619/161
f 153/620/162 154/621/162 159/622/162 158/623/162
f 154/624/163 155/625/163 160/626/163 159/627/163
f 155/628/164 156/629/164 161/630/164 160/631/164
f 156/632/165 157/633/165 162/634/165 161/635/165
f 162/636/166 157/637/166 151/638/166
f 158/639/167 163/640/167 152/641/167
f 158/642/168 159/643/168 164/644/168 163/645/168
f 159/646/169 160/647/169 165/648/169 164/649/169
f 160/650/170 161/651/170 166/652/170 165/653/170
f 161/654/171 162/655/171 167/656/171 166/657/171
f 167/658/172 162/659/172 151/660/172
f 163/661/173 168/662/173 152/663/173
f 163/664/174 164/665/174 169/666/174 168/667/174
f 164/668/175 165/669/175 170/670/175 169/671/175
f 165/672/176 166/673/176 171/674/176 170/675/176
f 166/676/177 167/677/177 172/678/177 171/679/177
f 172/680/178 167/681/178 151/682/178
f 168/683/179 173/684/179 152/685/179
f 168/686/180 169/687/180 174/688/180 173/689/180
f 169/690/181 170/691/181 175/692/181 174/693/181
f 170/694/182 171/695/182 176/696/182 175/697/182
f 171/698/183 172/699/183 177/700/183 176/701/183
f 177/702/184 172/703/184 151/704/184
f 173/705/185 178/706/185 152/707/185
f 173/708/186 174/709/186 179/710/186 178/711/186
f 174/712/187 175/713/187 180/714/187 179/715/187
f 175/716/188 176/717/188 181/718/188 180/719/188
f 178/720/189 182/721/189 152/722/189
f 182/723/190 184/724/190 152/725/190
f 182/726/191 183/727/191 185/728/191 184/729/191
f 184/730/192 186/731/192 152/732/192
f 184/733/193 185/734/193 187/735/193 186/736/193
f 186/737/194 190/738/194 152/739/194
f 186/740/195 187/741/195 191/742/195 190/743/195
f 187/744/196 188/745/196 192/746/196 191/747/196
f 193/748/197 189/749/197 151/750/197
f 190/751/198 194/752/198 152/753/198
f 190/754/199 191/755/199 195/756/199 194/757/199
f 191/758/200 192/759/200 196/760/200 195/761/200
f 198/762/201 193/763/201 151/764/201
f 194/765/202 199/766/202 152/767/202
f 194/768/203 195/769/203 200/770/203 199/771/203
f 195/772/204 196/773/204 201/774/204 200/775/204
f 197/776/205 198/777/205 203/778/205 202/779/205
f 203/780/206 198/781/206 151/782/206
f 199/783/207 153/784/207 152/785/207
f 199/786/208 200/787/208 154/788/208 153/789/208
f 200/790/209 201/791/209 155/792/209 154/793/209
f 201/794/210 202/795/210 156/796/210 155/797/210
f 202/798/211 203/799/211 157/800/211 156/801/211
f 157/802/212 203/803/212 151/804/212
f 208/805/213 207/806/213 204/807/213
f 213/808/214 208/809/214 204/810/214
f 209/811/215 214/812/215 205/813/215
f 209/814/216 210/815/216 215/816/216 214/817/216
f 210/818/217 211/819/217 216/820/217 215/821/217
f 211/822/218 212/823/218 217/824/218 216/825/218
f 212/826/219 213/827/219 218/828/219 217/829/219
f 218/830/220 213/831/220 204/832/220
f 214/833/221 219/834/221 205/835/221
f 214/836/222 215/837/222 220/838/222 219/839/222
f 215/840/223 216/841/223 221/842/223 220/843/223
f 216/844/224 217/845/224 222/846/224 221/847/224
f 217/848/225 218/849/225 223/850/225 222/851/225
f 223/852/226 218/853/226 204/854/226
f 219/855/227 224/856/227 205/857/227
f 219/858/228 220/859/228 225/860/228 224/861/228
f 220/862/229 221/863/229 226/864/229 225/865/229
f 221/866/230 222/867/230 227/868/230 226/869/230
f 222/870/231 223/871/231 228/872/231 227/873/231
f 228/874/232 223/875/232 204/876/232
f 224/877/233 229/878/233 205/879/233
f 224/880/234 225/881/234 230/882/234 229/883/234
f 225/884/235 226/885/235 231/886/235 230/887/235
f 226/888/236 227/889/236 232/890/236 231/891/236
f 227/892/237 228/893/237 233/894/237 232/895/237
f 233/896/238 228/897/238 204/898/238
f 229/899/239 234/900/239 205/901/239
f 229/902/240 230/903/240 235/904/240 234/905/240
f 230/906/241 231/907/241 236/908/241 235/909/241
f 231/910/242 232/911/242 237/912/242 236/913/242
f 232/914/243 233/915/243 238/916/243 237/917/243
f 238/918/244 233/919/244 204/920/244
f 234/921/245 239/922/245 205/923/245
f 234/924/246 235/925/246 240/926/246 239/927/246
f 235/928/247 236/929/247 241/930/247 240/931/247
f 236/932/248 237/933/248 242/934/248 241/935/248
f 237/936/249 238/937/249 243/938/249 242/939/249
f 243/940/250 238/941/250 204/942/250
f 239/943/251 244/944/251 205/945/251
f 239/946/252 240/947/252 245/948/252 244/949/252
f 240/950/253 241/951/253 246/952/253 245/953/253
f 241/954/254 242/955/254 247/956/254 246/957/254
f 242/958/255 243/959/255 248/960/255 247/961/255
f 248/962/256 243/963/256 204/964/256
f 206/965/257 248/966/257 204/967/257
f 250/968/258 251/969/258 256/970/258 255/971/258
f 251/972/259 252/973/259 257/974/259 256/975/259
f 257/976/260 252/977/260 249/978/260
f 253/979/261 254/980/261 259/981/261 258/982/261
f 254/983/262 255/984/262 260/985/262 259/986/262
f 255/987/263 256/988/263 261/989/263 260/990/263
f 256/991/264 257/992/264 262/993/264 261/994/264
f 262/995/265 257/996/265 249/997/265
f 258/998/266 259/999/266 264/1000/266 263/1001/266
f 259/1002/267 260/1003/267 265/1004/267 264/1005/267
f 260/1006/268 261/1007/268 266/1008/268 265/1009/268
f 261/1010/269 262/1011/269 267/1012/269 266/1013/269
f 267/1014/270 262/1015/270 249/1016/270
f 263/1017/271 264/1018/271 269/1019/271 268/1020/271
f 264/1021/272 265/1022/272 270/1023/272 269/1024/272
f 265/1025/273 266/1026/273 271/1027/273 270/1028/273
f 266/1029/274 267/1030/274 272/1031/274 271/1032/274
f 272/1033/275 267/1034/275 249/1035/275
f 268/1036/276 269/1037/276 274/1038/276 273/1039/276
f 269/1040/277 270/1041/277 275/1042/277 274/1043/277
f 270/1044/278 271/1045/278 276/1046/278 275/1047/278
f 271/1048/279 272/1049/279 277/1050/279 276/1051/279
f 277/1052/280 272/1053/280 249/1054/280
f 273/1055/281 274/1056/281 279/1057/281 278/1058/281
f 274/1059/282 275/1060/282 280/1061/282 279/1062/282
f 275/1063/283 276/1064/283 281/1065/283 280/1066/283
f 276/1067/284 277/1068/284 282/1069/284 281/1070/284
f 282/1071/285 277/1072/285 249/1073/285
f 278/1074/286 279/1075/286 284/1076/286 283/1077/286
f 279/1078/287 280/1079/287 285/1080/287 284/1081/287
f 280/1082/288 281/1083/288 286/1084/288 285/1085/288
f 281/1086/289 282/1087/289 287/1088/289 286/1089/289
f 287/1090/290 282/1091/290 249/1092/290
f 286/1093/291 287/1094/291 289/1095/291 288/1096/291
f 289/1097/292 287/1098/292 249/1099/292
f 288/1100/293 289/1101/293 291/1102/293 290/1103/293
f 291/1104/294 289/1105/294 249/1106/294
f 290/1107/295 291/1108/295 293/1109/295 292/1110/295
f 296/1111/296 301/1112/296 295/1113/296
f 296/1114/297 297/1115/297 302/1116/297 301/1117/297
f 297/1118/298 298/1119/298 303/1120/298 302/1121/298
f 298/1122/299 299/1123/299 304/1124/299 303/1125/299
f 299/1126/300 300/1127/300 305/1128/300 304/1129/300
f 305/1130/301 300/1131/301 294/1132/301
f 301/1133/302 306/1134/302 295/1135/302
f 301/1136/303 302/1137/303 307/1138/303 306/1139/303
f 302/1140/304 303/1141/304 308/1142/304 307/1143/304
f 303/1144/305 304/1145/305 309/1146/305 308/1147/305
f 304/1148/306 305/1149/306 310/1150/306 309/1151/306
f 310/1152/307 305/1153/307 294/1154/307
f 308/1155/308 309/1156/308 312/1157/308 311/1158/308
f 309/1159/309 310/1160/309 313/1161/309 312/1162/309
f 319/1163/310 314/1164/310 294/1165/310
f 315/1166/311 320/1167/311 295/1168/311
f 315/1169/312 316/1170/312 321/1171/312 320/1172/312
f 316/1173/313 317/1174/313 322/1175/313 321/1176/313
f 317/1177/314 318/1178/314 323/1179/314 322/1180/314
f 318/1181/315 319/1182/315 324/1183/315 323/1184/315
f 324/1185/316 319/1186/316 294/1187/316
f 320/1188/317 325/1189/317 295/1190/317
f 320/1191/318 321/1192/318 326/1193/318 325/1194/318
f 321/1195/319 322/1196/319 327/1197/319 326/1198/319
f 322/1199/320 323/1200/320 328/1201/320 327/1202/320
f 323/1203/321 324/1204/321 329/1205/321 328/1206/321
f 329/1207/322 324/1208/322 294/1209/322
f 325/1210/323 330/1211/323 295/1212/323
f 325/1213/324 326/1214/324 331/1215/324 330/1216/324
f 326/1217/325 327/1218/325 332/1219/325 331/1220/325
f 327/1221/326 328/1222/326 333/1223/326 332/1224/326
f 328/1225/327 329/1226/327 334/1227/327 333/1228/327
f 334/1229/328 329/1230/328 294/1231/328
f 330/1232/329 335/1233/329 295/1234/329
f 330/1235/330 331/1236/330 336/1237/330 335/1238/330
f 331/1239/331 332/1240/331 337/1241/331 336/1242/331
f 332/1243/332 333/1244/332 338/1245/332 337/1246/332
f 333/1247/333 334/1248/333 339/1249/333 338/1250/333
f 339/1251/334 334/1252/334 294/1253/334
f 335/1254/335 296/1255/335 295/1256/335
f 335/1257/336 336/1258/336 297/1259/336 296/1260/336
f 336/1261/337 337/1262/337 298/1263/337 297/1264/337
f 337/1265/338 338/1266/338 299/1267/338 298/1268/338
f 338/1269/339 339/1270/339 300/1271/339 299/1272/339
f 300/1273/340 339/1274/340 294/1275/340
f 341/1276/341 345/1277/341 340/1278/341
f 341/1279/342 342/1280/342 346/1281/342 345/1282/342
f 342/1283/343 343/1284/343 347/1285/343 346/1286/343
f 345/1287/344 348/1288/344 340/1289/344
f 345/1290/345 346/1291/345 349/1292/345 348/1293/345
f 346/1294/346 347/1295/346 350/1296/346 349/1297/346
f 348/1298/347 352/1299/347 340/1300/347
f 348/1301/348 349/1302/348 353/1303/348 352/1304/348
f 349/1305/349 350/1306/349 354/1307/349 353/1308/349
f 350/1309/350 351/1310/350 355/1311/350 354/1312/350
f 352/1313/351 356/1314/351 340/1315/351
f 352/1316/352 353/1317/352 357/1318/352 356/1319/352
f 353/1320/353 354/1321/353 358/1322/353 357/1323/353
f 354/1324/354 355/1325/354 359/1326/354 358/1327/354
f 356/1328/355 360/1329/355 340/1330/355
f 356/1331/356 357/1332/356 361/1333/356 360/1334/356
f 357/1335/357 358/1336/357 362/1337/357 361/1338/357
f 358/1339/358 359/1340/358 363/1341/358 362/1342/358
f 360/1343/359 364/1344/359 340/1345/359
f 360/1346/360 361/1347/360 365/1348/360 364/1349/360
f 361/1350/361 362/1351/361 366/1352/361 365/1353/361
f 362/1354/362 363/1355/362 367/1356/362 366/1357/362
f 364/1358/363 368/1359/363 340/1360/363
f 364/1361/364 365/1362/364 369/1363/364 368/1364/364
f 365/1365/365 366/1366/365 370/1367/365 369/1368/365
f 366/1369/366 367/1370/366 371/1371/366 370/1372/366
f 368/1373/367 372/1374/367 340/1375/367
f 368/1376/368 369/1377/368 373/1378/368 372/1379/368
f 369/1380/369 370/1381/369 374/1382/369 373/1383/369
f 370/1384/370 371/1385/370 375/1386/370 374/1387/370
f 372/1388/371 376/1389/371 340/1390/371
f 372/1391/372 373/1392/372 377/1393/372 376/1394/372
f 373/1395/373 374/1396/373 378/1397/373 377/1398/373
f 374/1399/374 375/1400/374 379/1401/374 378/1402/374
f 376/1403/375 380/1404/375 340/1405/375
f 376/1406/376 377/1407/376 381/1408/376 380/1409/376
f 377/1410/377 378/1411/377 382/1412/377 381/1413/377
f 378/1414/378 379/1415/378 383/1416/378 382/1417/378
f 380/1418/379 384/1419/379 340/1420/379
f 380/1421/380 381/1422/380 385/1423/380 384/1424/380
f 381/1425/381 382/1426/381 386/1427/381 385/1428/381
f 382/1429/382 383/1430/382 387/1431/382 386/1432/382
f 384/1433/383 341/1434/383 340/1435/383
f 384/1436/384 385/1437/384 342/1438/384 341/1439/384
f 385/1440/385 386/1441/385 343/1442/385 342/1443/385
f 386/1444/386 387/1445/386 344/1446/386 343/1447/386