# Made in Blockbench 5.1.4
mtllib agua.mtl

o plane
v 0.6764705882352942 0 0.7352941176470589
v 0.5 0 -1.5
v 0.5 0 -0.5
v 1.5 0 -0.5
v 1.5 0 -1.5
v -0.5 0 -1.5
v -0.5 0 -0.5
v 0.5 0 1.5
v 0.5 0 0.5
v -0.5 0 0.5
v -0.5 0 1.5
v 1.5 0 1.5
v 1.5 0 0.5
v -1.5 0 -0.5
v -1.5 0 -1.5
v -1.5 0 0.5
v -1.5 0 1.5
v 0.5588235294117647 0 -0.5
v 0.5588235294117647 0 -1.5
v 0.6176470588235294 0 -0.5
v 0.6176470588235294 0 -1.5
v 0.6764705882352942 0 -0.5
v 0.6764705882352942 0 -1.5
v 0.7352941176470589 0 -0.5
v 0.7352941176470589 0 -1.5
v 0.7941176470588235 0 -0.5
v 0.7941176470588235 0 -1.5
v 0.8529411764705882 0 -0.5
v 0.8529411764705882 0 -1.5
v 0.9117647058823529 0 -0.5
v 0.9117647058823529 0 -1.5
v 0.9705882352941176 0 -0.5
v 0.9705882352941176 0 -1.5
v 1.0294117647058822 0 -0.5
v 1.0294117647058822 0 -1.5
v 1.088235294117647 0 -0.5
v 1.088235294117647 0 -1.5
v 1.1470588235294117 0 -0.5
v 1.1470588235294117 0 -1.5
v 1.2058823529411764 0 -0.5
v 1.2058823529411764 0 -1.5
v 1.2647058823529411 0 -0.5
v 1.2647058823529411 0 -1.5
v 1.3235294117647058 0 -0.5
v 1.3235294117647058 0 -1.5
v 1.3823529411764706 0 -0.5
v 1.3823529411764706 0 -1.5
v 1.4411764705882353 0 -0.5
v 1.4411764705882353 0 -1.5
v 0.5588235294117647 0 0.5
v 0.6176470588235294 0 0.5
v 0.6764705882352942 0 0.5
v 0.7352941176470589 0 0.5
v 0.7941176470588235 0 0.5
v 0.8529411764705882 0 0.5
v 0.9117647058823529 0 0.5
v 0.9705882352941176 0 0.5
v 1.0294117647058822 0 0.5
v 1.088235294117647 0 0.5
v 1.1470588235294117 0 0.5
v 1.2058823529411764 0 0.5
v 1.2647058823529411 0 0.5
v 1.3235294117647058 0 0.5
v 1.3823529411764706 0 0.5
v 1.4411764705882353 0 0.5
v 0.5588235294117647 0 1.5
v 0.6176470588235294 0 1.5
v 0.6764705882352942 0 1.5
v 0.7352941176470589 0 1.5
v 0.7941176470588235 0 1.5
v 0.8529411764705882 0 1.5
v 0.9117647058823529 0 1.5
v 0.9705882352941176 0 1.5
v 1.0294117647058822 0 1.5
v 1.088235294117647 0 1.5
v 1.1470588235294117 0 1.5
v 1.2058823529411764 0 1.5
v 1.2647058823529411 0 1.5
v 1.3235294117647058 0 1.5
v 1.3823529411764706 0 1.5
v 1.4411764705882353 0 1.5
v -1.4411764705882353 0 -0.5
v -1.4411764705882353 0 -1.5
v -1.3823529411764706 0 -0.5
v -1.3823529411764706 0 -1.5
v -1.3235294117647058 0 -0.5
v -1.3235294117647058 0 -1.5
v -1.2647058823529411 0 -0.5
v -1.2647058823529411 0 -1.5
v -1.2058823529411766 0 -0.5
v -1.2058823529411766 0 -1.5
v -1.147058823529412 0 -0.5
v -1.147058823529412 0 -1.5
v -1.0882352941176472 0 -0.5
v -1.0882352941176472 0 -1.5
v -1.0294117647058825 0 -0.5
v -1.0294117647058825 0 -1.5
v -0.9705882352941178 0 -0.5
v -0.9705882352941178 0 -1.5
v -0.911764705882353 0 -0.5
v -0.911764705882353 0 -1.5
v -0.8529411764705883 0 -0.5
v -0.8529411764705883 0 -1.5
v -0.7941176470588236 0 -0.5
v -0.7941176470588236 0 -1.5
v -0.7352941176470589 0 -0.5
v -0.7352941176470589 0 -1.5
v -0.6764705882352942 0 -0.5
v -0.6764705882352942 0 -1.5
v -0.6176470588235294 0 -0.5
v -0.6176470588235294 0 -1.5
v -0.5588235294117647 0 -0.5
v -0.5588235294117647 0 -1.5
v -1.4411764705882353 0 0.5
v -1.3823529411764706 0 0.5
v -1.3235294117647058 0 0.5
v -1.2647058823529411 0 0.5
v -1.2058823529411766 0 0.5
v -1.147058823529412 0 0.5
v -1.0882352941176472 0 0.5
v -1.0294117647058825 0 0.5
v -0.9705882352941178 0 0.5
v -0.911764705882353 0 0.5
v -0.8529411764705883 0 0.5
v -0.7941176470588236 0 0.5
v -0.7352941176470589 0 0.5
v -0.6764705882352942 0 0.5
v -0.6176470588235294 0 0.5
v -0.5588235294117647 0 0.5
v -1.4411764705882353 0 1.5
v -1.3823529411764706 0 1.5
v -1.3235294117647058 0 1.5
v -1.2647058823529411 0 1.5
v -1.2058823529411766 0 1.5
v -1.147058823529412 0 1.5
v -1.0882352941176472 0 1.5
v -1.0294117647058825 0 1.5
v -0.9705882352941178 0 1.5
v -0.911764705882353 0 1.5
v -0.8529411764705883 0 1.5
v -0.7941176470588236 0 1.5
v -0.7352941176470589 0 1.5
v -0.6764705882352942 0 1.5
v -0.6176470588235294 0 1.5
v -0.5588235294117647 0 1.5
v 1.1470588235294117 0 -0.5588235294117647
v 1.088235294117647 0 -0.5588235294117647
v 1.1470588235294117 0 -0.6176470588235294
v 1.088235294117647 0 -0.6176470588235294
v 1.1470588235294117 0 -0.6764705882352942
v 1.088235294117647 0 -0.6764705882352942
v 1.1470588235294117 0 -0.7352941176470589
v 1.088235294117647 0 -0.7352941176470589
v 1.1470588235294117 0 -0.7941176470588235
v 1.088235294117647 0 -0.7941176470588235
v 1.1470588235294117 0 -0.8529411764705882
v 1.088235294117647 0 -0.8529411764705882
v 1.1470588235294117 0 -0.9117647058823529
v 1.088235294117647 0 -0.9117647058823529
v 1.1470588235294117 0 -0.9705882352941176
v 1.088235294117647 0 -0.9705882352941176
v 1.1470588235294117 0 -1.0294117647058822
v 1.088235294117647 0 -1.0294117647058822
v 1.1470588235294117 0 -1.088235294117647
v 1.088235294117647 0 -1.088235294117647
v 1.1470588235294117 0 -1.1470588235294117
v 1.088235294117647 0 -1.1470588235294117
v 1.1470588235294117 0 -1.2058823529411764
v 1.088235294117647 0 -1.2058823529411764
v 1.1470588235294117 0 -1.2647058823529411
v 1.088235294117647 0 -1.2647058823529411
v 1.1470588235294117 0 -1.3235294117647058
v 1.088235294117647 0 -1.3235294117647058
v 1.1470588235294117 0 -1.3823529411764706
v 1.088235294117647 0 -1.3823529411764706
v 1.1470588235294117 0 -1.4411764705882353
v 1.088235294117647 0 -1.4411764705882353
v 1.0294117647058822 0 -0.5588235294117647
v 1.0294117647058822 0 -0.6176470588235294
v 1.0294117647058822 0 -0.6764705882352942
v 1.0294117647058822 0 -0.7352941176470589
v 1.0294117647058822 0 -0.7941176470588235
v 1.0294117647058822 0 -0.8529411764705882
v 1.0294117647058822 0 -0.9117647058823529
v 1.0294117647058822 0 -0.9705882352941176
v 1.0294117647058822 0 -1.0294117647058822
v 1.0294117647058822 0 -1.088235294117647
v 1.0294117647058822 0 -1.1470588235294117
v 1.0294117647058822 0 -1.2058823529411764
v 1.0294117647058822 0 -1.2647058823529411
v 1.0294117647058822 0 -1.3235294117647058
v 1.0294117647058822 0 -1.3823529411764706
v 1.0294117647058822 0 -1.4411764705882353
v 0.9705882352941176 0 -0.5588235294117647
v 0.9705882352941176 0 -0.6176470588235294
v 0.9705882352941176 0 -0.6764705882352942
v 0.9705882352941176 0 -0.7352941176470589
v 0.9705882352941176 0 -0.7941176470588235
v 0.9705882352941176 0 -0.8529411764705882
v 0.9705882352941176 0 -0.9117647058823529
v 0.9705882352941176 0 -0.9705882352941176
v 0.9705882352941176 0 -1.0294117647058822
v 0.9705882352941176 0 -1.088235294117647
v 0.9705882352941176 0 -1.1470588235294117
v 0.9705882352941176 0 -1.2058823529411764
v 0.9705882352941176 0 -1.2647058823529411
v 0.9705882352941176 0 -1.3235294117647058
v 0.9705882352941176 0 -1.3823529411764706
v 0.9705882352941176 0 -1.4411764705882353
v 0.9117647058823529 0 -0.5588235294117647
v 0.9117647058823529 0 -0.6176470588235294
v 0.9117647058823529 0 -0.6764705882352942
v 0.9117647058823529 0 -0.7352941176470589
v 0.9117647058823529 0 -0.7941176470588235
v 0.9117647058823529 0 -0.8529411764705882
v 0.9117647058823529 0 -0.9117647058823529
v 0.9117647058823529 0 -0.9705882352941176
v 0.9117647058823529 0 -1.0294117647058822
v 0.9117647058823529 0 -1.088235294117647
v 0.9117647058823529 0 -1.1470588235294117
v 0.9117647058823529 0 -1.2058823529411764
v 0.9117647058823529 0 -1.2647058823529411
v 0.9117647058823529 0 -1.3235294117647058
v 0.9117647058823529 0 -1.3823529411764706
v 0.9117647058823529 0 -1.4411764705882353
v 0.8529411764705882 0 -0.5588235294117647
v 0.8529411764705882 0 -0.6176470588235294
v 0.8529411764705882 0 -0.6764705882352942
v 0.8529411764705882 0 -0.7352941176470589
v 0.8529411764705882 0 -0.7941176470588235
v 0.8529411764705882 0 -0.8529411764705882
v 0.8529411764705882 0 -0.9117647058823529
v 0.8529411764705882 0 -0.9705882352941176
v 0.8529411764705882 0 -1.0294117647058822
v 0.8529411764705882 0 -1.088235294117647
v 0.8529411764705882 0 -1.1470588235294117
v 0.8529411764705882 0 -1.2058823529411764
v 0.8529411764705882 0 -1.2647058823529411
v 0.8529411764705882 0 -1.3235294117647058
v 0.8529411764705882 0 -1.3823529411764706
v 0.8529411764705882 0 -1.4411764705882353
v 0.7941176470588235 0 -0.5588235294117647
v 0.7941176470588235 0 -0.6176470588235294
v 0.7941176470588235 0 -0.6764705882352942
v 0.7941176470588235 0 -0.7352941176470589
v 0.7941176470588235 0 -0.7941176470588235
v 0.7941176470588235 0 -0.8529411764705882
v 0.7941176470588235 0 -0.9117647058823529
v 0.7941176470588235 0 -0.9705882352941176
v 0.7941176470588235 0 -1.0294117647058822
v 0.7941176470588235 0 -1.088235294117647
v 0.7941176470588235 0 -1.1470588235294117
v 0.7941176470588235 0 -1.2058823529411764
v 0.7941176470588235 0 -1.2647058823529411
v 0.7941176470588235 0 -1.3235294117647058
v 0.7941176470588235 0 -1.3823529411764706
v 0.7941176470588235 0 -1.4411764705882353
v 0.7352941176470589 0 -0.5588235294117647
v 0.7352941176470589 0 -0.6176470588235294
v 0.7352941176470589 0 -0.6764705882352942
v 0.7352941176470589 0 -0.7352941176470589
v 0.7352941176470589 0 -0.7941176470588235
v 0.7352941176470589 0 -0.8529411764705882
v 0.7352941176470589 0 -0.9117647058823529
v 0.7352941176470589 0 -0.9705882352941176
v 0.7352941176470589 0 -1.0294117647058822
v 0.7352941176470589 0 -1.088235294117647
v 0.7352941176470589 0 -1.1470588235294117
v 0.7352941176470589 0 -1.2058823529411764
v 0.7352941176470589 0 -1.2647058823529411
v 0.7352941176470589 0 -1.3235294117647058
v 0.7352941176470589 0 -1.3823529411764706
v 0.7352941176470589 0 -1.4411764705882353
v 0.6764705882352942 0 -0.5588235294117647
v 0.6764705882352942 0 -0.6176470588235294
v 0.6764705882352942 0 -0.6764705882352942
v 0.6764705882352942 0 -0.7352941176470589
v 0.6764705882352942 0 -0.7941176470588235
v 0.6764705882352942 0 -0.8529411764705882
v 0.6764705882352942 0 -0.9117647058823529
v 0.6764705882352942 0 -0.9705882352941176
v 0.6764705882352942 0 -1.0294117647058822
v 0.6764705882352942 0 -1.088235294117647
v 0.6764705882352942 0 -1.1470588235294117
v 0.6764705882352942 0 -1.2058823529411764
v 0.6764705882352942 0 -1.2647058823529411
v 0.6764705882352942 0 -1.3235294117647058
v 0.6764705882352942 0 -1.3823529411764706
v 0.6764705882352942 0 -1.4411764705882353
v 0.6176470588235294 0 -0.5588235294117647
v 0.6176470588235294 0 -0.6176470588235294
v 0.6176470588235294 0 -0.6764705882352942
v 0.6176470588235294 0 -0.7352941176470589
v 0.6176470588235294 0 -0.7941176470588235
v 0.6176470588235294 0 -0.8529411764705882
v 0.6176470588235294 0 -0.9117647058823529
v 0.6176470588235294 0 -0.9705882352941176
v 0.6176470588235294 0 -1.0294117647058822
v 0.6176470588235294 0 -1.088235294117647
v 0.6176470588235294 0 -1.1470588235294117
v 0.6176470588235294 0 -1.2058823529411764
v 0.6176470588235294 0 -1.2647058823529411
v 0.6176470588235294 0 -1.3235294117647058
v 0.6176470588235294 0 -1.3823529411764706
v 0.6176470588235294 0 -1.4411764705882353
v 0.5588235294117647 0 -0.5588235294117647
v 0.5588235294117647 0 -0.6176470588235294
v 0.5588235294117647 0 -0.6764705882352942
v 0.5588235294117647 0 -0.7352941176470589
v 0.5588235294117647 0 -0.7941176470588235
v 0.5588235294117647 0 -0.8529411764705882
v 0.5588235294117647 0 -0.9117647058823529
v 0.5588235294117647 0 -0.9705882352941176
v 0.5588235294117647 0 -1.0294117647058822
v 0.5588235294117647 0 -1.088235294117647
v 0.5588235294117647 0 -1.1470588235294117
v 0.5588235294117647 0 -1.2058823529411764
v 0.5588235294117647 0 -1.2647058823529411
v 0.5588235294117647 0 -1.3235294117647058
v 0.5588235294117647 0 -1.3823529411764706
v 0.5588235294117647 0 -1.4411764705882353
v 0.5 0 -0.5588235294117647
v 0.5 0 -0.6176470588235294
v 0.5 0 -0.6764705882352942
v 0.5 0 -0.7352941176470589
v 0.5 0 -0.7941176470588235
v 0.5 0 -0.8529411764705882
v 0.5 0 -0.9117647058823529
v 0.5 0 -0.9705882352941176
v 0.5 0 -1.0294117647058822
v 0.5 0 -1.088235294117647
v 0.5 0 -1.1470588235294117
v 0.5 0 -1.2058823529411764
v 0.5 0 -1.2647058823529411
v 0.5 0 -1.3235294117647058
v 0.5 0 -1.3823529411764706
v 0.5 0 -1.4411764705882353
v -0.5 0 -0.5588235294117647
v -0.5 0 -0.6176470588235294
v -0.5 0 -0.6764705882352942
v -0.5 0 -0.7352941176470589
v -0.5 0 -0.7941176470588235
v -0.5 0 -0.8529411764705882
v -0.5 0 -0.9117647058823529
v -0.5 0 -0.9705882352941176
v -0.5 0 -1.0294117647058822
v -0.5 0 -1.088235294117647
v -0.5 0 -1.1470588235294117
v -0.5 0 -1.2058823529411764
v -0.5 0 -1.2647058823529411
v -0.5 0 -1.3235294117647058
v -0.5 0 -1.3823529411764706
v -0.5 0 -1.4411764705882353
v -0.5588235294117647 0 -0.5588235294117647
v -0.5588235294117647 0 -0.6176470588235294
v -0.5588235294117647 0 -0.6764705882352942
v -0.5588235294117647 0 -0.7352941176470589
v -0.5588235294117647 0 -0.7941176470588235
v -0.5588235294117647 0 -0.8529411764705882
v -0.5588235294117647 0 -0.9117647058823529
v -0.5588235294117647 0 -0.9705882352941176
v -0.5588235294117647 0 -1.0294117647058822
v -0.5588235294117647 0 -1.088235294117647
v -0.5588235294117647 0 -1.1470588235294117
v -0.5588235294117647 0 -1.2058823529411764
v -0.5588235294117647 0 -1.2647058823529411
v -0.5588235294117647 0 -1.3235294117647058
v -0.5588235294117647 0 -1.3823529411764706
v -0.5588235294117647 0 -1.4411764705882353
v -0.6176470588235294 0 -0.5588235294117647
v -0.6176470588235294 0 -0.6176470588235294
v -0.6176470588235294 0 -0.6764705882352942
v -0.6176470588235294 0 -0.7352941176470589
v -0.6176470588235294 0 -0.7941176470588235
v -0.6176470588235294 0 -0.8529411764705882
v -0.6176470588235294 0 -0.9117647058823529
v -0.6176470588235294 0 -0.9705882352941176
v -0.6176470588235294 0 -1.0294117647058822
v -0.6176470588235294 0 -1.088235294117647
v -0.6176470588235294 0 -1.1470588235294117
v -0.6176470588235294 0 -1.2058823529411764
v -0.6176470588235294 0 -1.2647058823529411
v -0.6176470588235294 0 -1.3235294117647058
v -0.6176470588235294 0 -1.3823529411764706
v -0.6176470588235294 0 -1.4411764705882353
v -0.6764705882352942 0 -0.5588235294117647
v -0.6764705882352942 0 -0.6176470588235294
v -0.6764705882352942 0 -0.6764705882352942
v -0.6764705882352942 0 -0.7352941176470589
v -0.6764705882352942 0 -0.7941176470588235
v -0.6764705882352942 0 -0.8529411764705882
v -0.6764705882352942 0 -0.9117647058823529
v -0.6764705882352942 0 -0.9705882352941176
v -0.6764705882352942 0 -1.0294117647058822
v -0.6764705882352942 0 -1.088235294117647
v -0.6764705882352942 0 -1.1470588235294117
v -0.6764705882352942 0 -1.2058823529411764
v -0.6764705882352942 0 -1.2647058823529411
v -0.6764705882352942 0 -1.3235294117647058
v -0.6764705882352942 0 -1.3823529411764706
v -0.6764705882352942 0 -1.4411764705882353
v -0.7352941176470589 0 -0.5588235294117647
v -0.7352941176470589 0 -0.6176470588235294
v -0.7352941176470589 0 -0.6764705882352942
v -0.7352941176470589 0 -0.7352941176470589
v -0.7352941176470589 0 -0.7941176470588235
v -0.7352941176470589 0 -0.8529411764705882
v -0.7352941176470589 0 -0.9117647058823529
v -0.7352941176470589 0 -0.9705882352941176
v -0.7352941176470589 0 -1.0294117647058822
v -0.7352941176470589 0 -1.088235294117647
v -0.7352941176470589 0 -1.1470588235294117
v -0.7352941176470589 0 -1.2058823529411764
v -0.7352941176470589 0 -1.2647058823529411
v -0.7352941176470589 0 -1.3235294117647058
v -0.7352941176470589 0 -1.3823529411764706
v -0.7352941176470589 0 -1.4411764705882353
v -0.7941176470588236 0 -0.5588235294117647
v -0.7941176470588236 0 -0.6176470588235294
v -0.7941176470588236 0 -0.6764705882352942
v -0.7941176470588236 0 -0.7352941176470589
v -0.7941176470588236 0 -0.7941176470588235
v -0.7941176470588236 0 -0.8529411764705882
v -0.7941176470588236 0 -0.9117647058823529
v -0.7941176470588236 0 -0.9705882352941176
v -0.7941176470588236 0 -1.0294117647058822
v -0.7941176470588236 0 -1.088235294117647
v -0.7941176470588236 0 -1.1470588235294117
v -0.7941176470588236 0 -1.2058823529411764
v -0.7941176470588236 0 -1.2647058823529411
v -0.7941176470588236 0 -1.3235294117647058
v -0.7941176470588236 0 -1.3823529411764706
v -0.7941176470588236 0 -1.4411764705882353
v -0.8529411764705883 0 -0.5588235294117647
v -0.8529411764705883 0 -0.6176470588235294
v -0.8529411764705883 0 -0.6764705882352942
v -0.8529411764705883 0 -0.7352941176470589
v -0.8529411764705883 0 -0.7941176470588235
v -0.8529411764705883 0 -0.8529411764705882
v -0.8529411764705883 0 -0.9117647058823529
v -0.8529411764705883 0 -0.9705882352941176
v -0.8529411764705883 0 -1.0294117647058822
v -0.8529411764705883 0 -1.088235294117647
v -0.8529411764705883 0 -1.1470588235294117
v -0.8529411764705883 0 -1.2058823529411764
v -0.8529411764705883 0 -1.2647058823529411
v -0.8529411764705883 0 -1.3235294117647058
v -0.8529411764705883 0 -1.3823529411764706
v -0.8529411764705883 0 -1.4411764705882353
v -0.911764705882353 0 -0.5588235294117647
v -0.911764705882353 0 -0.6176470588235294
v -0.911764705882353 0 -0.6764705882352942
v -0.911764705882353 0 -0.7352941176470589
v -0.911764705882353 0 -0.7941176470588235
v -0.911764705882353 0 -0.8529411764705882
v -0.911764705882353 0 -0.9117647058823529
v -0.911764705882353 0 -0.9705882352941176
v -0.911764705882353 0 -1.0294117647058822
v -0.911764705882353 0 -1.088235294117647
v -0.911764705882353 0 -1.1470588235294117
v -0.911764705882353 0 -1.2058823529411764
v -0.911764705882353 0 -1.2647058823529411
v -0.911764705882353 0 -1.3235294117647058
v -0.911764705882353 0 -1.3823529411764706
v -0.911764705882353 0 -1.4411764705882353
v -0.9705882352941178 0 -0.5588235294117647
v -0.9705882352941178 0 -0.6176470588235294
v -0.9705882352941178 0 -0.6764705882352942
v -0.9705882352941178 0 -0.7352941176470589
v -0.9705882352941178 0 -0.7941176470588235
v -0.9705882352941178 0 -0.8529411764705882
v -0.9705882352941178 0 -0.9117647058823529
v -0.9705882352941178 0 -0.9705882352941176
v -0.9705882352941178 0 -1.0294117647058822
v -0.9705882352941178 0 -1.088235294117647
v -0.9705882352941178 0 -1.1470588235294117
v -0.9705882352941178 0 -1.2058823529411764
v -0.9705882352941178 0 -1.2647058823529411
v -0.9705882352941178 0 -1.3235294117647058
v -0.9705882352941178 0 -1.3823529411764706
v -0.9705882352941178 0 -1.4411764705882353
v -1.0294117647058825 0 -0.5588235294117647
v -1.0294117647058825 0 -0.6176470588235294
v -1.0294117647058825 0 -0.6764705882352942
v -1.0294117647058825 0 -0.7352941176470589
v -1.0294117647058825 0 -0.7941176470588235
v -1.0294117647058825 0 -0.8529411764705882
v -1.0294117647058825 0 -0.9117647058823529
v -1.0294117647058825 0 -0.9705882352941176
v -1.0294117647058825 0 -1.0294117647058822
v -1.0294117647058825 0 -1.088235294117647
v -1.0294117647058825 0 -1.1470588235294117
v -1.0294117647058825 0 -1.2058823529411764
v -1.0294117647058825 0 -1.2647058823529411
v -1.0294117647058825 0 -1.3235294117647058
v -1.0294117647058825 0 -1.3823529411764706
v -1.0294117647058825 0 -1.4411764705882353
v -1.0882352941176472 0 -0.5588235294117647
v -1.0882352941176472 0 -0.6176470588235294
v -1.0882352941176472 0 -0.6764705882352942
v -1.0882352941176472 0 -0.7352941176470589
v -1.0882352941176472 0 -0.7941176470588235
v -1.0882352941176472 0 -0.8529411764705882
v -1.0882352941176472 0 -0.9117647058823529
v -1.0882352941176472 0 -0.9705882352941176
v -1.0882352941176472 0 -1.0294117647058822
v -1.0882352941176472 0 -1.088235294117647
v -1.0882352941176472 0 -1.1470588235294117
v -1.0882352941176472 0 -1.2058823529411764
v -1.0882352941176472 0 -1.2647058823529411
v -1.0882352941176472 0 -1.3235294117647058
v -1.0882352941176472 0 -1.3823529411764706
v -1.0882352941176472 0 -1.4411764705882353
v -1.147058823529412 0 -0.5588235294117647
v -1.147058823529412 0 -0.6176470588235294
v -1.147058823529412 0 -0.6764705882352942
v -1.147058823529412 0 -0.7352941176470589
v -1.147058823529412 0 -0.7941176470588235
v -1.147058823529412 0 -0.8529411764705882
v -1.147058823529412 0 -0.9117647058823529
v -1.147058823529412 0 -0.9705882352941176
v -1.147058823529412 0 -1.0294117647058822
v -1.147058823529412 0 -1.088235294117647
v -1.147058823529412 0 -1.1470588235294117
v -1.147058823529412 0 -1.2058823529411764
v -1.147058823529412 0 -1.2647058823529411
v -1.147058823529412 0 -1.3235294117647058
v -1.147058823529412 0 -1.3823529411764706
v -1.147058823529412 0 -1.4411764705882353
v -1.2058823529411766 0 -0.5588235294117647
v -1.2058823529411766 0 -0.6176470588235294
v -1.2058823529411766 0 -0.6764705882352942
v -1.2058823529411766 0 -0.7352941176470589
v -1.2058823529411766 0 -0.7941176470588235
v -1.2058823529411766 0 -0.8529411764705882
v -1.2058823529411766 0 -0.9117647058823529
v -1.2058823529411766 0 -0.9705882352941176
v -1.2058823529411766 0 -1.0294117647058822
v -1.2058823529411766 0 -1.088235294117647
v -1.2058823529411766 0 -1.1470588235294117
v -1.2058823529411766 0 -1.2058823529411764
v -1.2058823529411766 0 -1.2647058823529411
v -1.2058823529411766 0 -1.3235294117647058
v -1.2058823529411766 0 -1.3823529411764706
v -1.2058823529411766 0 -1.4411764705882353
v -1.2647058823529411 0 -0.5588235294117647
v -1.2647058823529411 0 -0.6176470588235294
v -1.2647058823529411 0 -0.6764705882352942
v -1.2647058823529411 0 -0.7352941176470589
v -1.2647058823529411 0 -0.7941176470588235
v -1.2647058823529411 0 -0.8529411764705882
v -1.2647058823529411 0 -0.9117647058823529
v -1.2647058823529411 0 -0.9705882352941176
v -1.2647058823529411 0 -1.0294117647058822
v -1.2647058823529411 0 -1.088235294117647
v -1.2647058823529411 0 -1.1470588235294117
v -1.2647058823529411 0 -1.2058823529411764
v -1.2647058823529411 0 -1.2647058823529411
v -1.2647058823529411 0 -1.3235294117647058
v -1.2647058823529411 0 -1.3823529411764706
v -1.2647058823529411 0 -1.4411764705882353
v -1.3235294117647058 0 -0.5588235294117647
v -1.3235294117647058 0 -0.6176470588235294
v -1.3235294117647058 0 -0.6764705882352942
v -1.3235294117647058 0 -0.7352941176470589
v -1.3235294117647058 0 -0.7941176470588235
v -1.3235294117647058 0 -0.8529411764705882
v -1.3235294117647058 0 -0.9117647058823529
v -1.3235294117647058 0 -0.9705882352941176
v -1.3235294117647058 0 -1.0294117647058822
v -1.3235294117647058 0 -1.088235294117647
v -1.3235294117647058 0 -1.1470588235294117
v -1.3235294117647058 0 -1.2058823529411764
v -1.3235294117647058 0 -1.2647058823529411
v -1.3235294117647058 0 -1.3235294117647058
v -1.3235294117647058 0 -1.3823529411764706
v -1.3235294117647058 0 -1.4411764705882353
v -1.3823529411764706 0 -0.5588235294117647
v -1.3823529411764706 0 -0.6176470588235294
v -1.3823529411764706 0 -0.6764705882352942
v -1.3823529411764706 0 -0.7352941176470589
v -1.3823529411764706 0 -0.7941176470588235
v -1.3823529411764706 0 -0.8529411764705882
v -1.3823529411764706 0 -0.9117647058823529
v -1.3823529411764706 0 -0.9705882352941176
v -1.3823529411764706 0 -1.0294117647058822
v -1.3823529411764706 0 -1.088235294117647
v -1.3823529411764706 0 -1.1470588235294117
v -1.3823529411764706 0 -1.2058823529411764
v -1.3823529411764706 0 -1.2647058823529411
v -1.3823529411764706 0 -1.3235294117647058
v -1.3823529411764706 0 -1.3823529411764706
v -1.3823529411764706 0 -1.4411764705882353
v -1.4411764705882353 0 -0.5588235294117647
v -1.4411764705882353 0 -0.6176470588235294
v -1.4411764705882353 0 -0.6764705882352942
v -1.4411764705882353 0 -0.7352941176470589
v -1.4411764705882353 0 -0.7941176470588235
v -1.4411764705882353 0 -0.8529411764705882
v -1.4411764705882353 0 -0.9117647058823529
v -1.4411764705882353 0 -0.9705882352941176
v -1.4411764705882353 0 -1.0294117647058822
v -1.4411764705882353 0 -1.088235294117647
v -1.4411764705882353 0 -1.1470588235294117
v -1.4411764705882353 0 -1.2058823529411764
v -1.4411764705882353 0 -1.2647058823529411
v -1.4411764705882353 0 -1.3235294117647058
v -1.4411764705882353 0 -1.3823529411764706
v -1.4411764705882353 0 -1.4411764705882353
v -1.5 0 -0.5588235294117647
v -1.5 0 -0.6176470588235294
v -1.5 0 -0.6764705882352942
v -1.5 0 -0.7352941176470589
v -1.5 0 -0.7941176470588235
v -1.5 0 -0.8529411764705882
v -1.5 0 -0.9117647058823529
v -1.5 0 -0.9705882352941176
v -1.5 0 -1.0294117647058822
v -1.5 0 -1.088235294117647
v -1.5 0 -1.1470588235294117
v -1.5 0 -1.2058823529411764
v -1.5 0 -1.2647058823529411
v -1.5 0 -1.3235294117647058
v -1.5 0 -1.3823529411764706
v -1.5 0 -1.4411764705882353
v 1.2058823529411764 0 -0.5588235294117647
v 1.2058823529411764 0 -0.6176470588235294
v 1.2058823529411764 0 -0.6764705882352942
v 1.2058823529411764 0 -0.7352941176470589
v 1.2058823529411764 0 -0.7941176470588235
v 1.2058823529411764 0 -0.8529411764705882
v 1.2058823529411764 0 -0.9117647058823529
v 1.2058823529411764 0 -0.9705882352941176
v 1.2058823529411764 0 -1.0294117647058822
v 1.2058823529411764 0 -1.088235294117647
v 1.2058823529411764 0 -1.1470588235294117
v 1.2058823529411764 0 -1.2058823529411764
v 1.2058823529411764 0 -1.2647058823529411
v 1.2058823529411764 0 -1.3235294117647058
v 1.2058823529411764 0 -1.3823529411764706
v 1.2058823529411764 0 -1.4411764705882353
v 1.2647058823529411 0 -0.5588235294117647
v 1.2647058823529411 0 -0.6176470588235294
v 1.2647058823529411 0 -0.6764705882352942
v 1.2647058823529411 0 -0.7352941176470589
v 1.2647058823529411 0 -0.7941176470588235
v 1.2647058823529411 0 -0.8529411764705882
v 1.2647058823529411 0 -0.9117647058823529
v 1.2647058823529411 0 -0.9705882352941176
v 1.2647058823529411 0 -1.0294117647058822
v 1.2647058823529411 0 -1.088235294117647
v 1.2647058823529411 0 -1.1470588235294117
v 1.2647058823529411 0 -1.2058823529411764
v 1.2647058823529411 0 -1.2647058823529411
v 1.2647058823529411 0 -1.3235294117647058
v 1.2647058823529411 0 -1.3823529411764706
v 1.2647058823529411 0 -1.4411764705882353
v 1.3235294117647058 0 -0.5588235294117647
v 1.3235294117647058 0 -0.6176470588235294
v 1.3235294117647058 0 -0.6764705882352942
v 1.3235294117647058 0 -0.7352941176470589
v 1.3235294117647058 0 -0.7941176470588235
v 1.3235294117647058 0 -0.8529411764705882
v 1.3235294117647058 0 -0.9117647058823529
v 1.3235294117647058 0 -0.9705882352941176
v 1.3235294117647058 0 -1.0294117647058822
v 1.3235294117647058 0 -1.088235294117647
v 1.3235294117647058 0 -1.1470588235294117
v 1.3235294117647058 0 -1.2058823529411764
v 1.3235294117647058 0 -1.2647058823529411
v 1.3235294117647058 0 -1.3235294117647058
v 1.3235294117647058 0 -1.3823529411764706
v 1.3235294117647058 0 -1.4411764705882353
v 1.3823529411764706 0 -0.5588235294117647
v 1.3823529411764706 0 -0.6176470588235294
v 1.3823529411764706 0 -0.6764705882352942
v 1.3823529411764706 0 -0.7352941176470589
v 1.3823529411764706 0 -0.7941176470588235
v 1.3823529411764706 0 -0.8529411764705882
v 1.3823529411764706 0 -0.9117647058823529
v 1.3823529411764706 0 -0.9705882352941176
v 1.3823529411764706 0 -1.0294117647058822
v 1.3823529411764706 0 -1.088235294117647
v 1.3823529411764706 0 -1.1470588235294117
v 1.3823529411764706 0 -1.2058823529411764
v 1.3823529411764706 0 -1.2647058823529411
v 1.3823529411764706 0 -1.3235294117647058
v 1.3823529411764706 0 -1.3823529411764706
v 1.3823529411764706 0 -1.4411764705882353
v 1.4411764705882353 0 -0.5588235294117647
v 1.4411764705882353 0 -0.6176470588235294
v 1.4411764705882353 0 -0.6764705882352942
v 1.4411764705882353 0 -0.7352941176470589
v 1.4411764705882353 0 -0.7941176470588235
v 1.4411764705882353 0 -0.8529411764705882
v 1.4411764705882353 0 -0.9117647058823529
v 1.4411764705882353 0 -0.9705882352941176
v 1.4411764705882353 0 -1.0294117647058822
v 1.4411764705882353 0 -1.088235294117647
v 1.4411764705882353 0 -1.1470588235294117
v 1.4411764705882353 0 -1.2058823529411764
v 1.4411764705882353 0 -1.2647058823529411
v 1.4411764705882353 0 -1.3235294117647058
v 1.4411764705882353 0 -1.3823529411764706
v 1.4411764705882353 0 -1.4411764705882353
v 1.5 0 -0.5588235294117647
v 1.5 0 -0.6176470588235294
v 1.5 0 -0.6764705882352942
v 1.5 0 -0.7352941176470589
v 1.5 0 -0.7941176470588235
v 1.5 0 -0.8529411764705882
v 1.5 0 -0.9117647058823529
v 1.5 0 -0.9705882352941176
v 1.5 0 -1.0294117647058822
v 1.5 0 -1.088235294117647
v 1.5 0 -1.1470588235294117
v 1.5 0 -1.2058823529411764
v 1.5 0 -1.2647058823529411
v 1.5 0 -1.3235294117647058
v 1.5 0 -1.3823529411764706
v 1.5 0 -1.4411764705882353
v 0.8529411764705882 0 1.4411764705882353
v 0.7941176470588235 0 1.4411764705882353
v 0.8529411764705882 0 1.3823529411764706
v 0.7941176470588235 0 1.3823529411764706
v 0.8529411764705882 0 1.3235294117647058
v 0.7941176470588235 0 1.3235294117647058
v 0.8529411764705882 0 1.2647058823529411
v 0.7941176470588235 0 1.2647058823529411
v 0.8529411764705882 0 1.2058823529411766
v 0.7941176470588235 0 1.2058823529411766
v 0.8529411764705882 0 1.147058823529412
v 0.7941176470588235 0 1.147058823529412
v 0.8529411764705882 0 1.0882352941176472
v 0.7941176470588235 0 1.0882352941176472
v 0.8529411764705882 0 1.0294117647058825
v 0.7941176470588235 0 1.0294117647058825
v 0.8529411764705882 0 0.9705882352941178
v 0.7941176470588235 0 0.9705882352941178
v 0.8529411764705882 0 0.911764705882353
v 0.7941176470588235 0 0.911764705882353
v 0.8529411764705882 0 0.8529411764705883
v 0.7941176470588235 0 0.8529411764705883
v 0.8529411764705882 0 0.7941176470588236
v 0.7941176470588235 0 0.7941176470588236
v 0.8529411764705882 0 0.7352941176470589
v 0.7941176470588235 0 0.7352941176470589
v 0.8529411764705882 0 0.6764705882352942
v 0.7941176470588235 0 0.6764705882352942
v 0.8529411764705882 0 0.6176470588235294
v 0.7941176470588235 0 0.6176470588235294
v 0.8529411764705882 0 0.5588235294117647
v 0.7941176470588235 0 0.5588235294117647
v 0.7352941176470589 0 1.4411764705882353
v 0.7352941176470589 0 1.3823529411764706
v 0.7352941176470589 0 1.3235294117647058
v 0.7352941176470589 0 1.2647058823529411
v 0.7352941176470589 0 1.2058823529411766
v 0.7352941176470589 0 1.147058823529412
v 0.7352941176470589 0 1.0882352941176472
v 0.7352941176470589 0 1.0294117647058825
v 0.7352941176470589 0 0.9705882352941178
v 0.7352941176470589 0 0.911764705882353
v 0.7352941176470589 0 0.8529411764705883
v 0.7352941176470589 0 0.7941176470588236
v 0.7352941176470589 0 0.7352941176470589
v 0.7352941176470589 0 0.6764705882352942
v 0.7352941176470589 0 0.6176470588235294
v 0.7352941176470589 0 0.5588235294117647
v 0.6764705882352942 0 1.4411764705882353
v 0.6764705882352942 0 1.3823529411764706
v 0.6764705882352942 0 1.3235294117647058
v 0.6764705882352942 0 1.2647058823529411
v 0.6764705882352942 0 1.2058823529411766
v 0.6764705882352942 0 1.147058823529412
v 0.6764705882352942 0 1.0882352941176472
v 0.6764705882352942 0 1.0294117647058825
v 0.6764705882352942 0 0.9705882352941178
v 0.6764705882352942 0 0.911764705882353
v 0.6764705882352942 0 0.8529411764705883
v 0.6764705882352942 0 0.7941176470588236
v 0.6764705882352942 0 0.6764705882352942
v 0.6764705882352942 0 0.6176470588235294
v 0.6764705882352942 0 0.5588235294117647
v 0.6176470588235294 0 1.4411764705882353
v 0.6176470588235294 0 1.3823529411764706
v 0.6176470588235294 0 1.3235294117647058
v 0.6176470588235294 0 1.2647058823529411
v 0.6176470588235294 0 1.2058823529411766
v 0.6176470588235294 0 1.147058823529412
v 0.6176470588235294 0 1.0882352941176472
v 0.6176470588235294 0 1.0294117647058825
v 0.6176470588235294 0 0.9705882352941178
v 0.6176470588235294 0 0.911764705882353
v 0.6176470588235294 0 0.8529411764705883
v 0.6176470588235294 0 0.7941176470588236
v 0.6176470588235294 0 0.7352941176470589
v 0.6176470588235294 0 0.6764705882352942
v 0.6176470588235294 0 0.6176470588235294
v 0.6176470588235294 0 0.5588235294117647
v 0.5588235294117647 0 1.4411764705882353
v 0.5588235294117647 0 1.3823529411764706
v 0.5588235294117647 0 1.3235294117647058
v 0.5588235294117647 0 1.2647058823529411
v 0.5588235294117647 0 1.2058823529411766
v 0.5588235294117647 0 1.147058823529412
v 0.5588235294117647 0 1.0882352941176472
v 0.5588235294117647 0 1.0294117647058825
v 0.5588235294117647 0 0.9705882352941178
v 0.5588235294117647 0 0.911764705882353
v 0.5588235294117647 0 0.8529411764705883
v 0.5588235294117647 0 0.7941176470588236
v 0.5588235294117647 0 0.7352941176470589
v 0.5588235294117647 0 0.6764705882352942
v 0.5588235294117647 0 0.6176470588235294
v 0.5588235294117647 0 0.5588235294117647
v 0.5 0 1.4411764705882353
v 0.5 0 1.3823529411764706
v 0.5 0 1.3235294117647058
v 0.5 0 1.2647058823529411
v 0.5 0 1.2058823529411766
v 0.5 0 1.147058823529412
v 0.5 0 1.0882352941176472
v 0.5 0 1.0294117647058825
v 0.5 0 0.9705882352941178
v 0.5 0 0.911764705882353
v 0.5 0 0.8529411764705883
v 0.5 0 0.7941176470588236
v 0.5 0 0.7352941176470589
v 0.5 0 0.6764705882352942
v 0.5 0 0.6176470588235294
v 0.5 0 0.5588235294117647
v -0.5 0 1.4411764705882353
v -0.5 0 1.3823529411764706
v -0.5 0 1.3235294117647058
v -0.5 0 1.2647058823529411
v -0.5 0 1.2058823529411766
v -0.5 0 1.147058823529412
v -0.5 0 1.0882352941176472
v -0.5 0 1.0294117647058825
v -0.5 0 0.9705882352941178
v -0.5 0 0.911764705882353
v -0.5 0 0.8529411764705883
v -0.5 0 0.7941176470588236
v -0.5 0 0.7352941176470589
v -0.5 0 0.6764705882352942
v -0.5 0 0.6176470588235294
v -0.5 0 0.5588235294117647
v -0.5588235294117647 0 1.4411764705882353
v -0.5588235294117647 0 1.3823529411764706
v -0.5588235294117647 0 1.3235294117647058
v -0.5588235294117647 0 1.2647058823529411
v -0.5588235294117647 0 1.2058823529411766
v -0.5588235294117647 0 1.147058823529412
v -0.5588235294117647 0 1.0882352941176472
v -0.5588235294117647 0 1.0294117647058825
v -0.5588235294117647 0 0.9705882352941178
v -0.5588235294117647 0 0.911764705882353
v -0.5588235294117647 0 0.8529411764705883
v -0.5588235294117647 0 0.7941176470588236
v -0.5588235294117647 0 0.7352941176470589
v -0.5588235294117647 0 0.6764705882352942
v -0.5588235294117647 0 0.6176470588235294
v -0.5588235294117647 0 0.5588235294117647
v -0.6176470588235294 0 1.4411764705882353
v -0.6176470588235294 0 1.3823529411764706
v -0.6176470588235294 0 1.3235294117647058
v -0.6176470588235294 0 1.2647058823529411
v -0.6176470588235294 0 1.2058823529411766
v -0.6176470588235294 0 1.147058823529412
v -0.6176470588235294 0 1.0882352941176472
v -0.6176470588235294 0 1.0294117647058825
v -0.6176470588235294 0 0.9705882352941178
v -0.6176470588235294 0 0.911764705882353
v -0.6176470588235294 0 0.8529411764705883
v -0.6176470588235294 0 0.7941176470588236
v -0.6176470588235294 0 0.7352941176470589
v -0.6176470588235294 0 0.6764705882352942
v -0.6176470588235294 0 0.6176470588235294
v -0.6176470588235294 0 0.5588235294117647
v -0.6764705882352942 0 1.4411764705882353
v -0.6764705882352942 0 1.3823529411764706
v -0.6764705882352942 0 1.3235294117647058
v -0.6764705882352942 0 1.2647058823529411
v -0.6764705882352942 0 1.2058823529411766
v -0.6764705882352942 0 1.147058823529412
v -0.6764705882352942 0 1.0882352941176472
v -0.6764705882352942 0 1.0294117647058825
v -0.6764705882352942 0 0.9705882352941178
v -0.6764705882352942 0 0.911764705882353
v -0.6764705882352942 0 0.8529411764705883
v -0.6764705882352942 0 0.7941176470588236
v -0.6764705882352942 0 0.7352941176470589
v -0.6764705882352942 0 0.6764705882352942
v -0.6764705882352942 0 0.6176470588235294
v -0.6764705882352942 0 0.5588235294117647
v -0.7352941176470589 0 1.4411764705882353
v -0.7352941176470589 0 1.3823529411764706
v -0.7352941176470589 0 1.3235294117647058
v -0.7352941176470589 0 1.2647058823529411
v -0.7352941176470589 0 1.2058823529411766
v -0.7352941176470589 0 1.147058823529412
v -0.7352941176470589 0 1.0882352941176472
v -0.7352941176470589 0 1.0294117647058825
v -0.7352941176470589 0 0.9705882352941178
v -0.7352941176470589 0 0.911764705882353
v -0.7352941176470589 0 0.8529411764705883
v -0.7352941176470589 0 0.7941176470588236
v -0.7352941176470589 0 0.7352941176470589
v -0.7352941176470589 0 0.6764705882352942
v -0.7352941176470589 0 0.6176470588235294
v -0.7352941176470589 0 0.5588235294117647
v -0.7941176470588236 0 1.4411764705882353
v -0.7941176470588236 0 1.3823529411764706
v -0.7941176470588236 0 1.3235294117647058
v -0.7941176470588236 0 1.2647058823529411
v -0.7941176470588236 0 1.2058823529411766
v -0.7941176470588236 0 1.147058823529412
v -0.7941176470588236 0 1.0882352941176472
v -0.7941176470588236 0 1.0294117647058825
v -0.7941176470588236 0 0.9705882352941178
v -0.7941176470588236 0 0.911764705882353
v -0.7941176470588236 0 0.8529411764705883
v -0.7941176470588236 0 0.7941176470588236
v -0.7941176470588236 0 0.7352941176470589
v -0.7941176470588236 0 0.6764705882352942
v -0.7941176470588236 0 0.6176470588235294
v -0.7941176470588236 0 0.5588235294117647
v -0.8529411764705883 0 1.4411764705882353
v -0.8529411764705883 0 1.3823529411764706
v -0.8529411764705883 0 1.3235294117647058
v -0.8529411764705883 0 1.2647058823529411
v -0.8529411764705883 0 1.2058823529411766
v -0.8529411764705883 0 1.147058823529412
v -0.8529411764705883 0 1.0882352941176472
v -0.8529411764705883 0 1.0294117647058825
v -0.8529411764705883 0 0.9705882352941178
v -0.8529411764705883 0 0.911764705882353
v -0.8529411764705883 0 0.8529411764705883
v -0.8529411764705883 0 0.7941176470588236
v -0.8529411764705883 0 0.7352941176470589
v -0.8529411764705883 0 0.6764705882352942
v -0.8529411764705883 0 0.6176470588235294
v -0.8529411764705883 0 0.5588235294117647
v -0.911764705882353 0 1.4411764705882353
v -0.911764705882353 0 1.3823529411764706
v -0.911764705882353 0 1.3235294117647058
v -0.911764705882353 0 1.2647058823529411
v -0.911764705882353 0 1.2058823529411766
v -0.911764705882353 0 1.147058823529412
v -0.911764705882353 0 1.0882352941176472
v -0.911764705882353 0 1.0294117647058825
v -0.911764705882353 0 0.9705882352941178
v -0.911764705882353 0 0.911764705882353
v -0.911764705882353 0 0.8529411764705883
v -0.911764705882353 0 0.7941176470588236
v -0.911764705882353 0 0.7352941176470589
v -0.911764705882353 0 0.6764705882352942
v -0.911764705882353 0 0.6176470588235294
v -0.911764705882353 0 0.5588235294117647
v -0.9705882352941178 0 1.4411764705882353
v -0.9705882352941178 0 1.3823529411764706
v -0.9705882352941178 0 1.3235294117647058
v -0.9705882352941178 0 1.2647058823529411
v -0.9705882352941178 0 1.2058823529411766
v -0.9705882352941178 0 1.147058823529412
v -0.9705882352941178 0 1.0882352941176472
v -0.9705882352941178 0 1.0294117647058825
v -0.9705882352941178 0 0.9705882352941178
v -0.9705882352941178 0 0.911764705882353
v -0.9705882352941178 0 0.8529411764705883
v -0.9705882352941178 0 0.7941176470588236
v -0.9705882352941178 0 0.7352941176470589
v -0.9705882352941178 0 0.6764705882352942
v -0.9705882352941178 0 0.6176470588235294
v -0.9705882352941178 0 0.5588235294117647
v -1.0294117647058825 0 1.4411764705882353
v -1.0294117647058825 0 1.3823529411764706
v -1.0294117647058825 0 1.3235294117647058
v -1.0294117647058825 0 1.2647058823529411
v -1.0294117647058825 0 1.2058823529411766
v -1.0294117647058825 0 1.147058823529412
v -1.0294117647058825 0 1.0882352941176472
v -1.0294117647058825 0 1.0294117647058825
v -1.0294117647058825 0 0.9705882352941178
v -1.0294117647058825 0 0.911764705882353
v -1.0294117647058825 0 0.8529411764705883
v -1.0294117647058825 0 0.7941176470588236
v -1.0294117647058825 0 0.7352941176470589
v -1.0294117647058825 0 0.6764705882352942
v -1.0294117647058825 0 0.6176470588235294
v -1.0294117647058825 0 0.5588235294117647
v -1.0882352941176472 0 1.4411764705882353
v -1.0882352941176472 0 1.3823529411764706
v -1.0882352941176472 0 1.3235294117647058
v -1.0882352941176472 0 1.2647058823529411
v -1.0882352941176472 0 1.2058823529411766
v -1.0882352941176472 0 1.147058823529412
v -1.0882352941176472 0 1.0882352941176472
v -1.0882352941176472 0 1.0294117647058825
v -1.0882352941176472 0 0.9705882352941178
v -1.0882352941176472 0 0.911764705882353
v -1.0882352941176472 0 0.8529411764705883
v -1.0882352941176472 0 0.7941176470588236
v -1.0882352941176472 0 0.7352941176470589
v -1.0882352941176472 0 0.6764705882352942
v -1.0882352941176472 0 0.6176470588235294
v -1.0882352941176472 0 0.5588235294117647
v -1.147058823529412 0 1.4411764705882353
v -1.147058823529412 0 1.3823529411764706
v -1.147058823529412 0 1.3235294117647058
v -1.147058823529412 0 1.2647058823529411
v -1.147058823529412 0 1.2058823529411766
v -1.147058823529412 0 1.147058823529412
v -1.147058823529412 0 1.0882352941176472
v -1.147058823529412 0 1.0294117647058825
v -1.147058823529412 0 0.9705882352941178
v -1.147058823529412 0 0.911764705882353
v -1.147058823529412 0 0.8529411764705883
v -1.147058823529412 0 0.7941176470588236
v -1.147058823529412 0 0.7352941176470589
v -1.147058823529412 0 0.6764705882352942
v -1.147058823529412 0 0.6176470588235294
v -1.147058823529412 0 0.5588235294117647
v -1.2058823529411766 0 1.4411764705882353
v -1.2058823529411766 0 1.3823529411764706
v -1.2058823529411766 0 1.3235294117647058
v -1.2058823529411766 0 1.2647058823529411
v -1.2058823529411766 0 1.2058823529411766
v -1.2058823529411766 0 1.147058823529412
v -1.2058823529411766 0 1.0882352941176472
v -1.2058823529411766 0 1.0294117647058825
v -1.2058823529411766 0 0.9705882352941178
v -1.2058823529411766 0 0.911764705882353
v -1.2058823529411766 0 0.8529411764705883
v -1.2058823529411766 0 0.7941176470588236
v -1.2058823529411766 0 0.7352941176470589
v -1.2058823529411766 0 0.6764705882352942
v -1.2058823529411766 0 0.6176470588235294
v -1.2058823529411766 0 0.5588235294117647
v -1.2647058823529411 0 1.4411764705882353
v -1.2647058823529411 0 1.3823529411764706
v -1.2647058823529411 0 1.3235294117647058
v -1.2647058823529411 0 1.2647058823529411
v -1.2647058823529411 0 1.2058823529411766
v -1.2647058823529411 0 1.147058823529412
v -1.2647058823529411 0 1.0882352941176472
v -1.2647058823529411 0 1.0294117647058825
v -1.2647058823529411 0 0.9705882352941178
v -1.2647058823529411 0 0.911764705882353
v -1.2647058823529411 0 0.8529411764705883
v -1.2647058823529411 0 0.7941176470588236
v -1.2647058823529411 0 0.7352941176470589
v -1.2647058823529411 0 0.6764705882352942
v -1.2647058823529411 0 0.6176470588235294
v -1.2647058823529411 0 0.5588235294117647
v -1.3235294117647058 0 1.4411764705882353
v -1.3235294117647058 0 1.3823529411764706
v -1.3235294117647058 0 1.3235294117647058
v -1.3235294117647058 0 1.2647058823529411
v -1.3235294117647058 0 1.2058823529411766
v -1.3235294117647058 0 1.147058823529412
v -1.3235294117647058 0 1.0882352941176472
v -1.3235294117647058 0 1.0294117647058825
v -1.3235294117647058 0 0.9705882352941178
v -1.3235294117647058 0 0.911764705882353
v -1.3235294117647058 0 0.8529411764705883
v -1.3235294117647058 0 0.7941176470588236
v -1.3235294117647058 0 0.7352941176470589
v -1.3235294117647058 0 0.6764705882352942
v -1.3235294117647058 0 0.6176470588235294
v -1.3235294117647058 0 0.5588235294117647
v -1.3823529411764706 0 1.4411764705882353
v -1.3823529411764706 0 1.3823529411764706
v -1.3823529411764706 0 1.3235294117647058
v -1.3823529411764706 0 1.2647058823529411
v -1.3823529411764706 0 1.2058823529411766
v -1.3823529411764706 0 1.147058823529412
v -1.3823529411764706 0 1.0882352941176472
v -1.3823529411764706 0 1.0294117647058825
v -1.3823529411764706 0 0.9705882352941178
v -1.3823529411764706 0 0.911764705882353
v -1.3823529411764706 0 0.8529411764705883
v -1.3823529411764706 0 0.7941176470588236
v -1.3823529411764706 0 0.7352941176470589
v -1.3823529411764706 0 0.6764705882352942
v -1.3823529411764706 0 0.6176470588235294
v -1.3823529411764706 0 0.5588235294117647
v -1.4411764705882353 0 1.4411764705882353
v -1.4411764705882353 0 1.3823529411764706
v -1.4411764705882353 0 1.3235294117647058
v -1.4411764705882353 0 1.2647058823529411
v -1.4411764705882353 0 1.2058823529411766
v -1.4411764705882353 0 1.147058823529412
v -1.4411764705882353 0 1.0882352941176472
v -1.4411764705882353 0 1.0294117647058825
v -1.4411764705882353 0 0.9705882352941178
v -1.4411764705882353 0 0.911764705882353
v -1.4411764705882353 0 0.8529411764705883
v -1.4411764705882353 0 0.7941176470588236
v -1.4411764705882353 0 0.7352941176470589
v -1.4411764705882353 0 0.6764705882352942
v -1.4411764705882353 0 0.6176470588235294
v -1.4411764705882353 0 0.5588235294117647
v -1.5 0 1.4411764705882353
v -1.5 0 1.3823529411764706
v -1.5 0 1.3235294117647058
v -1.5 0 1.2647058823529411
v -1.5 0 1.2058823529411766
v -1.5 0 1.147058823529412
v -1.5 0 1.0882352941176472
v -1.5 0 1.0294117647058825
v -1.5 0 0.9705882352941178
v -1.5 0 0.911764705882353
v -1.5 0 0.8529411764705883
v -1.5 0 0.7941176470588236
v -1.5 0 0.7352941176470589
v -1.5 0 0.6764705882352942
v -1.5 0 0.6176470588235294
v -1.5 0 0.5588235294117647
v 0.9117647058823529 0 1.4411764705882353
v 0.9117647058823529 0 1.3823529411764706
v 0.9117647058823529 0 1.3235294117647058
v 0.9117647058823529 0 1.2647058823529411
v 0.9117647058823529 0 1.2058823529411766
v 0.9117647058823529 0 1.147058823529412
v 0.9117647058823529 0 1.0882352941176472
v 0.9117647058823529 0 1.0294117647058825
v 0.9117647058823529 0 0.9705882352941178
v 0.9117647058823529 0 0.911764705882353
v 0.9117647058823529 0 0.8529411764705883
v 0.9117647058823529 0 0.7941176470588236
v 0.9117647058823529 0 0.7352941176470589
v 0.9117647058823529 0 0.6764705882352942
v 0.9117647058823529 0 0.6176470588235294
v 0.9117647058823529 0 0.5588235294117647
v 0.9705882352941176 0 1.4411764705882353
v 0.9705882352941176 0 1.3823529411764706
v 0.9705882352941176 0 1.3235294117647058
v 0.9705882352941176 0 1.2647058823529411
v 0.9705882352941176 0 1.2058823529411766
v 0.9705882352941176 0 1.147058823529412
v 0.9705882352941176 0 1.0882352941176472
v 0.9705882352941176 0 1.0294117647058825
v 0.9705882352941176 0 0.9705882352941178
v 0.9705882352941176 0 0.911764705882353
v 0.9705882352941176 0 0.8529411764705883
v 0.9705882352941176 0 0.7941176470588236
v 0.9705882352941176 0 0.7352941176470589
v 0.9705882352941176 0 0.6764705882352942
v 0.9705882352941176 0 0.6176470588235294
v 0.9705882352941176 0 0.5588235294117647
v 1.0294117647058822 0 1.4411764705882353
v 1.0294117647058822 0 1.3823529411764706
v 1.0294117647058822 0 1.3235294117647058
v 1.0294117647058822 0 1.2647058823529411
v 1.0294117647058822 0 1.2058823529411766
v 1.0294117647058822 0 1.147058823529412
v 1.0294117647058822 0 1.0882352941176472
v 1.0294117647058822 0 1.0294117647058825
v 1.0294117647058822 0 0.9705882352941178
v 1.0294117647058822 0 0.911764705882353
v 1.0294117647058822 0 0.8529411764705883
v 1.0294117647058822 0 0.7941176470588236
v 1.0294117647058822 0 0.7352941176470589
v 1.0294117647058822 0 0.6764705882352942
v 1.0294117647058822 0 0.6176470588235294
v 1.0294117647058822 0 0.5588235294117647
v 1.088235294117647 0 1.4411764705882353
v 1.088235294117647 0 1.3823529411764706
v 1.088235294117647 0 1.3235294117647058
v 1.088235294117647 0 1.2647058823529411
v 1.088235294117647 0 1.2058823529411766
v 1.088235294117647 0 1.147058823529412
v 1.088235294117647 0 1.0882352941176472
v 1.088235294117647 0 1.0294117647058825
v 1.088235294117647 0 0.9705882352941178
v 1.088235294117647 0 0.911764705882353
v 1.088235294117647 0 0.8529411764705883
v 1.088235294117647 0 0.7941176470588236
v 1.088235294117647 0 0.7352941176470589
v 1.088235294117647 0 0.6764705882352942
v 1.088235294117647 0 0.6176470588235294
v 1.088235294117647 0 0.5588235294117647
v 1.1470588235294117 0 1.4411764705882353
v 1.1470588235294117 0 1.3823529411764706
v 1.1470588235294117 0 1.3235294117647058
v 1.1470588235294117 0 1.2647058823529411
v 1.1470588235294117 0 1.2058823529411766
v 1.1470588235294117 0 1.147058823529412
v 1.1470588235294117 0 1.0882352941176472
v 1.1470588235294117 0 1.0294117647058825
v 1.1470588235294117 0 0.9705882352941178
v 1.1470588235294117 0 0.911764705882353
v 1.1470588235294117 0 0.8529411764705883
v 1.1470588235294117 0 0.7941176470588236
v 1.1470588235294117 0 0.7352941176470589
v 1.1470588235294117 0 0.6764705882352942
v 1.1470588235294117 0 0.6176470588235294
v 1.1470588235294117 0 0.5588235294117647
v 1.2058823529411764 0 1.4411764705882353
v 1.2058823529411764 0 1.3823529411764706
v 1.2058823529411764 0 1.3235294117647058
v 1.2058823529411764 0 1.2647058823529411
v 1.2058823529411764 0 1.2058823529411766
v 1.2058823529411764 0 1.147058823529412
v 1.2058823529411764 0 1.0882352941176472
v 1.2058823529411764 0 1.0294117647058825
v 1.2058823529411764 0 0.9705882352941178
v 1.2058823529411764 0 0.911764705882353
v 1.2058823529411764 0 0.8529411764705883
v 1.2058823529411764 0 0.7941176470588236
v 1.2058823529411764 0 0.7352941176470589
v 1.2058823529411764 0 0.6764705882352942
v 1.2058823529411764 0 0.6176470588235294
v 1.2058823529411764 0 0.5588235294117647
v 1.2647058823529411 0 1.4411764705882353
v 1.2647058823529411 0 1.3823529411764706
v 1.2647058823529411 0 1.3235294117647058
v 1.2647058823529411 0 1.2647058823529411
v 1.2647058823529411 0 1.2058823529411766
v 1.2647058823529411 0 1.147058823529412
v 1.2647058823529411 0 1.0882352941176472
v 1.2647058823529411 0 1.0294117647058825
v 1.2647058823529411 0 0.9705882352941178
v 1.2647058823529411 0 0.911764705882353
v 1.2647058823529411 0 0.8529411764705883
v 1.2647058823529411 0 0.7941176470588236
v 1.2647058823529411 0 0.7352941176470589
v 1.2647058823529411 0 0.6764705882352942
v 1.2647058823529411 0 0.6176470588235294
v 1.2647058823529411 0 0.5588235294117647
v 1.3235294117647058 0 1.4411764705882353
v 1.3235294117647058 0 1.3823529411764706
v 1.3235294117647058 0 1.3235294117647058
v 1.3235294117647058 0 1.2647058823529411
v 1.3235294117647058 0 1.2058823529411766
v 1.3235294117647058 0 1.147058823529412
v 1.3235294117647058 0 1.0882352941176472
v 1.3235294117647058 0 1.0294117647058825
v 1.3235294117647058 0 0.9705882352941178
v 1.3235294117647058 0 0.911764705882353
v 1.3235294117647058 0 0.8529411764705883
v 1.3235294117647058 0 0.7941176470588236
v 1.3235294117647058 0 0.7352941176470589
v 1.3235294117647058 0 0.6764705882352942
v 1.3235294117647058 0 0.6176470588235294
v 1.3235294117647058 0 0.5588235294117647
v 1.3823529411764706 0 1.4411764705882353
v 1.3823529411764706 0 1.3823529411764706
v 1.3823529411764706 0 1.3235294117647058
v 1.3823529411764706 0 1.2647058823529411
v 1.3823529411764706 0 1.2058823529411766
v 1.3823529411764706 0 1.147058823529412
v 1.3823529411764706 0 1.0882352941176472
v 1.3823529411764706 0 1.0294117647058825
v 1.3823529411764706 0 0.9705882352941178
v 1.3823529411764706 0 0.911764705882353
v 1.3823529411764706 0 0.8529411764705883
v 1.3823529411764706 0 0.7941176470588236
v 1.3823529411764706 0 0.7352941176470589
v 1.3823529411764706 0 0.6764705882352942
v 1.3823529411764706 0 0.6176470588235294
v 1.3823529411764706 0 0.5588235294117647
v 1.4411764705882353 0 1.4411764705882353
v 1.4411764705882353 0 1.3823529411764706
v 1.4411764705882353 0 1.3235294117647058
v 1.4411764705882353 0 1.2647058823529411
v 1.4411764705882353 0 1.2058823529411766
v 1.4411764705882353 0 1.147058823529412
v 1.4411764705882353 0 1.0882352941176472
v 1.4411764705882353 0 1.0294117647058825
v 1.4411764705882353 0 0.9705882352941178
v 1.4411764705882353 0 0.911764705882353
v 1.4411764705882353 0 0.8529411764705883
v 1.4411764705882353 0 0.7941176470588236
v 1.4411764705882353 0 0.7352941176470589
v 1.4411764705882353 0 0.6764705882352942
v 1.4411764705882353 0 0.6176470588235294
v 1.4411764705882353 0 0.5588235294117647
v 1.5 0 1.4411764705882353
v 1.5 0 1.3823529411764706
v 1.5 0 1.3235294117647058
v 1.5 0 1.2647058823529411
v 1.5 0 1.2058823529411766
v 1.5 0 1.147058823529412
v 1.5 0 1.0882352941176472
v 1.5 0 1.0294117647058825
v 1.5 0 0.9705882352941178
v 1.5 0 0.911764705882353
v 1.5 0 0.8529411764705883
v 1.5 0 0.7941176470588236
v 1.5 0 0.7352941176470589
v 1.5 0 0.6764705882352942
v 1.5 0 0.6176470588235294
v 1.5 0 0.5588235294117647
v 1.4411764705882353 0 0.4411764705882353
v 1.3823529411764706 0 0.4411764705882353
v 1.4411764705882353 0 0.38235294117647056
v 1.3823529411764706 0 0.38235294117647056
v 1.4411764705882353 0 0.32352941176470584
v 1.3823529411764706 0 0.32352941176470584
v 1.4411764705882353 0 0.2647058823529411
v 1.3823529411764706 0 0.2647058823529411
v 1.4411764705882353 0 0.20588235294117652
v 1.3823529411764706 0 0.20588235294117652
v 1.4411764705882353 0 0.1470588235294118
v 1.3823529411764706 0 0.1470588235294118
v 1.4411764705882353 0 0.08823529411764708
v 1.3823529411764706 0 0.08823529411764708
v 1.4411764705882353 0 0.02941176470588236
v 1.3823529411764706 0 0.02941176470588236
v 1.4411764705882353 0 -0.02941176470588236
v 1.3823529411764706 0 -0.02941176470588236
v 1.4411764705882353 0 -0.08823529411764708
v 1.3823529411764706 0 -0.08823529411764708
v 1.4411764705882353 0 -0.14705882352941174
v 1.3823529411764706 0 -0.14705882352941174
v 1.4411764705882353 0 -0.20588235294117646
v 1.3823529411764706 0 -0.20588235294117646
v 1.4411764705882353 0 -0.2647058823529411
v 1.3823529411764706 0 -0.2647058823529411
v 1.4411764705882353 0 -0.32352941176470584
v 1.3823529411764706 0 -0.32352941176470584
v 1.4411764705882353 0 -0.38235294117647056
v 1.3823529411764706 0 -0.38235294117647056
v 1.4411764705882353 0 -0.4411764705882353
v 1.3823529411764706 0 -0.4411764705882353
v 1.3235294117647058 0 0.4411764705882353
v 1.3235294117647058 0 0.38235294117647056
v 1.3235294117647058 0 0.32352941176470584
v 1.3235294117647058 0 0.2647058823529411
v 1.3235294117647058 0 0.20588235294117652
v 1.3235294117647058 0 0.1470588235294118
v 1.3235294117647058 0 0.08823529411764708
v 1.3235294117647058 0 0.02941176470588236
v 1.3235294117647058 0 -0.02941176470588236
v 1.3235294117647058 0 -0.08823529411764708
v 1.3235294117647058 0 -0.14705882352941174
v 1.3235294117647058 0 -0.20588235294117646
v 1.3235294117647058 0 -0.2647058823529411
v 1.3235294117647058 0 -0.32352941176470584
v 1.3235294117647058 0 -0.38235294117647056
v 1.3235294117647058 0 -0.4411764705882353
v 1.2647058823529411 0 0.4411764705882353
v 1.2647058823529411 0 0.38235294117647056
v 1.2647058823529411 0 0.32352941176470584
v 1.2647058823529411 0 0.2647058823529411
v 1.2647058823529411 0 0.20588235294117652
v 1.2647058823529411 0 0.1470588235294118
v 1.2647058823529411 0 0.08823529411764708
v 1.2647058823529411 0 0.02941176470588236
v 1.2647058823529411 0 -0.02941176470588236
v 1.2647058823529411 0 -0.08823529411764708
v 1.2647058823529411 0 -0.14705882352941174
v 1.2647058823529411 0 -0.20588235294117646
v 1.2647058823529411 0 -0.2647058823529411
v 1.2647058823529411 0 -0.32352941176470584
v 1.2647058823529411 0 -0.38235294117647056
v 1.2647058823529411 0 -0.4411764705882353
v 1.2058823529411764 0 0.4411764705882353
v 1.2058823529411764 0 0.38235294117647056
v 1.2058823529411764 0 0.32352941176470584
v 1.2058823529411764 0 0.2647058823529411
v 1.2058823529411764 0 0.20588235294117652
v 1.2058823529411764 0 0.1470588235294118
v 1.2058823529411764 0 0.08823529411764708
v 1.2058823529411764 0 0.02941176470588236
v 1.2058823529411764 0 -0.02941176470588236
v 1.2058823529411764 0 -0.08823529411764708
v 1.2058823529411764 0 -0.14705882352941174
v 1.2058823529411764 0 -0.20588235294117646
v 1.2058823529411764 0 -0.2647058823529411
v 1.2058823529411764 0 -0.32352941176470584
v 1.2058823529411764 0 -0.38235294117647056
v 1.2058823529411764 0 -0.4411764705882353
v 1.1470588235294117 0 0.4411764705882353
v 1.1470588235294117 0 0.38235294117647056
v 1.1470588235294117 0 0.32352941176470584
v 1.1470588235294117 0 0.2647058823529411
v 1.1470588235294117 0 0.20588235294117652
v 1.1470588235294117 0 0.1470588235294118
v 1.1470588235294117 0 0.08823529411764708
v 1.1470588235294117 0 0.02941176470588236
v 1.1470588235294117 0 -0.02941176470588236
v 1.1470588235294117 0 -0.08823529411764708
v 1.1470588235294117 0 -0.14705882352941174
v 1.1470588235294117 0 -0.20588235294117646
v 1.1470588235294117 0 -0.2647058823529411
v 1.1470588235294117 0 -0.32352941176470584
v 1.1470588235294117 0 -0.38235294117647056
v 1.1470588235294117 0 -0.4411764705882353
v 1.088235294117647 0 0.4411764705882353
v 1.088235294117647 0 0.38235294117647056
v 1.088235294117647 0 0.32352941176470584
v 1.088235294117647 0 0.2647058823529411
v 1.088235294117647 0 0.20588235294117652
v 1.088235294117647 0 0.1470588235294118
v 1.088235294117647 0 0.08823529411764708
v 1.088235294117647 0 0.02941176470588236
v 1.088235294117647 0 -0.02941176470588236
v 1.088235294117647 0 -0.08823529411764708
v 1.088235294117647 0 -0.14705882352941174
v 1.088235294117647 0 -0.20588235294117646
v 1.088235294117647 0 -0.2647058823529411
v 1.088235294117647 0 -0.32352941176470584
v 1.088235294117647 0 -0.38235294117647056
v 1.088235294117647 0 -0.4411764705882353
v 1.0294117647058822 0 0.4411764705882353
v 1.0294117647058822 0 0.38235294117647056
v 1.0294117647058822 0 0.32352941176470584
v 1.0294117647058822 0 0.2647058823529411
v 1.0294117647058822 0 0.20588235294117652
v 1.0294117647058822 0 0.1470588235294118
v 1.0294117647058822 0 0.08823529411764708
v 1.0294117647058822 0 0.02941176470588236
v 1.0294117647058822 0 -0.02941176470588236
v 1.0294117647058822 0 -0.08823529411764708
v 1.0294117647058822 0 -0.14705882352941174
v 1.0294117647058822 0 -0.20588235294117646
v 1.0294117647058822 0 -0.2647058823529411
v 1.0294117647058822 0 -0.32352941176470584
v 1.0294117647058822 0 -0.38235294117647056
v 1.0294117647058822 0 -0.4411764705882353
v 0.9705882352941176 0 0.4411764705882353
v 0.9705882352941176 0 0.38235294117647056
v 0.9705882352941176 0 0.32352941176470584
v 0.9705882352941176 0 0.2647058823529411
v 0.9705882352941176 0 0.20588235294117652
v 0.9705882352941176 0 0.1470588235294118
v 0.9705882352941176 0 0.08823529411764708
v 0.9705882352941176 0 0.02941176470588236
v 0.9705882352941176 0 -0.02941176470588236
v 0.9705882352941176 0 -0.08823529411764708
v 0.9705882352941176 0 -0.14705882352941174
v 0.9705882352941176 0 -0.20588235294117646
v 0.9705882352941176 0 -0.2647058823529411
v 0.9705882352941176 0 -0.32352941176470584
v 0.9705882352941176 0 -0.38235294117647056
v 0.9705882352941176 0 -0.4411764705882353
v 0.9117647058823529 0 0.4411764705882353
v 0.9117647058823529 0 0.38235294117647056
v 0.9117647058823529 0 0.32352941176470584
v 0.9117647058823529 0 0.2647058823529411
v 0.9117647058823529 0 0.20588235294117652
v 0.9117647058823529 0 0.1470588235294118
v 0.9117647058823529 0 0.08823529411764708
v 0.9117647058823529 0 0.02941176470588236
v 0.9117647058823529 0 -0.02941176470588236
v 0.9117647058823529 0 -0.08823529411764708
v 0.9117647058823529 0 -0.14705882352941174
v 0.9117647058823529 0 -0.20588235294117646
v 0.9117647058823529 0 -0.2647058823529411
v 0.9117647058823529 0 -0.32352941176470584
v 0.9117647058823529 0 -0.38235294117647056
v 0.9117647058823529 0 -0.4411764705882353
v 0.8529411764705882 0 0.4411764705882353
v 0.8529411764705882 0 0.38235294117647056
v 0.8529411764705882 0 0.32352941176470584
v 0.8529411764705882 0 0.2647058823529411
v 0.8529411764705882 0 0.20588235294117652
v 0.8529411764705882 0 0.1470588235294118
v 0.8529411764705882 0 0.08823529411764708
v 0.8529411764705882 0 0.02941176470588236
v 0.8529411764705882 0 -0.02941176470588236
v 0.8529411764705882 0 -0.08823529411764708
v 0.8529411764705882 0 -0.14705882352941174
v 0.8529411764705882 0 -0.20588235294117646
v 0.8529411764705882 0 -0.2647058823529411
v 0.8529411764705882 0 -0.32352941176470584
v 0.8529411764705882 0 -0.38235294117647056
v 0.8529411764705882 0 -0.4411764705882353
v 0.7941176470588235 0 0.4411764705882353
v 0.7941176470588235 0 0.38235294117647056
v 0.7941176470588235 0 0.32352941176470584
v 0.7941176470588235 0 0.2647058823529411
v 0.7941176470588235 0 0.20588235294117652
v 0.7941176470588235 0 0.1470588235294118
v 0.7941176470588235 0 0.08823529411764708
v 0.7941176470588235 0 0.02941176470588236
v 0.7941176470588235 0 -0.02941176470588236
v 0.7941176470588235 0 -0.08823529411764708
v 0.7941176470588235 0 -0.14705882352941174
v 0.7941176470588235 0 -0.20588235294117646
v 0.7941176470588235 0 -0.2647058823529411
v 0.7941176470588235 0 -0.32352941176470584
v 0.7941176470588235 0 -0.38235294117647056
v 0.7941176470588235 0 -0.4411764705882353
v 0.7352941176470589 0 0.4411764705882353
v 0.7352941176470589 0 0.38235294117647056
v 0.7352941176470589 0 0.32352941176470584
v 0.7352941176470589 0 0.2647058823529411
v 0.7352941176470589 0 0.20588235294117652
v 0.7352941176470589 0 0.1470588235294118
v 0.7352941176470589 0 0.08823529411764708
v 0.7352941176470589 0 0.02941176470588236
v 0.7352941176470589 0 -0.02941176470588236
v 0.7352941176470589 0 -0.08823529411764708
v 0.7352941176470589 0 -0.14705882352941174
v 0.7352941176470589 0 -0.20588235294117646
v 0.7352941176470589 0 -0.2647058823529411
v 0.7352941176470589 0 -0.32352941176470584
v 0.7352941176470589 0 -0.38235294117647056
v 0.7352941176470589 0 -0.4411764705882353
v 0.6764705882352942 0 0.4411764705882353
v 0.6764705882352942 0 0.38235294117647056
v 0.6764705882352942 0 0.32352941176470584
v 0.6764705882352942 0 0.2647058823529411
v 0.6764705882352942 0 0.20588235294117652
v 0.6764705882352942 0 0.1470588235294118
v 0.6764705882352942 0 0.08823529411764708
v 0.6764705882352942 0 0.02941176470588236
v 0.6764705882352942 0 -0.02941176470588236
v 0.6764705882352942 0 -0.08823529411764708
v 0.6764705882352942 0 -0.14705882352941174
v 0.6764705882352942 0 -0.20588235294117646
v 0.6764705882352942 0 -0.2647058823529411
v 0.6764705882352942 0 -0.32352941176470584
v 0.6764705882352942 0 -0.38235294117647056
v 0.6764705882352942 0 -0.4411764705882353
v 0.6176470588235294 0 0.4411764705882353
v 0.6176470588235294 0 0.38235294117647056
v 0.6176470588235294 0 0.32352941176470584
v 0.6176470588235294 0 0.2647058823529411
v 0.6176470588235294 0 0.20588235294117652
v 0.6176470588235294 0 0.1470588235294118
v 0.6176470588235294 0 0.08823529411764708
v 0.6176470588235294 0 0.02941176470588236
v 0.6176470588235294 0 -0.02941176470588236
v 0.6176470588235294 0 -0.08823529411764708
v 0.6176470588235294 0 -0.14705882352941174
v 0.6176470588235294 0 -0.20588235294117646
v 0.6176470588235294 0 -0.2647058823529411
v 0.6176470588235294 0 -0.32352941176470584
v 0.6176470588235294 0 -0.38235294117647056
v 0.6176470588235294 0 -0.4411764705882353
v 0.5588235294117647 0 0.4411764705882353
v 0.5588235294117647 0 0.38235294117647056
v 0.5588235294117647 0 0.32352941176470584
v 0.5588235294117647 0 0.2647058823529411
v 0.5588235294117647 0 0.20588235294117652
v 0.5588235294117647 0 0.1470588235294118
v 0.5588235294117647 0 0.08823529411764708
v 0.5588235294117647 0 0.02941176470588236
v 0.5588235294117647 0 -0.02941176470588236
v 0.5588235294117647 0 -0.08823529411764708
v 0.5588235294117647 0 -0.14705882352941174
v 0.5588235294117647 0 -0.20588235294117646
v 0.5588235294117647 0 -0.2647058823529411
v 0.5588235294117647 0 -0.32352941176470584
v 0.5588235294117647 0 -0.38235294117647056
v 0.5588235294117647 0 -0.4411764705882353
v 0.5 0 0.4411764705882353
v 0.5 0 0.38235294117647056
v 0.5 0 0.32352941176470584
v 0.5 0 0.2647058823529411
v 0.5 0 0.20588235294117652
v 0.5 0 0.1470588235294118
v 0.5 0 0.08823529411764708
v 0.5 0 0.02941176470588236
v 0.5 0 -0.02941176470588236
v 0.5 0 -0.08823529411764708
v 0.5 0 -0.14705882352941174
v 0.5 0 -0.20588235294117646
v 0.5 0 -0.2647058823529411
v 0.5 0 -0.32352941176470584
v 0.5 0 -0.38235294117647056
v 0.5 0 -0.4411764705882353
v 1.5 0 0.4411764705882353
v 1.5 0 0.38235294117647056
v 1.5 0 0.32352941176470584
v 1.5 0 0.2647058823529411
v 1.5 0 0.20588235294117652
v 1.5 0 0.1470588235294118
v 1.5 0 0.08823529411764708
v 1.5 0 0.02941176470588236
v 1.5 0 -0.02941176470588236
v 1.5 0 -0.08823529411764708
v 1.5 0 -0.14705882352941174
v 1.5 0 -0.20588235294117646
v 1.5 0 -0.2647058823529411
v 1.5 0 -0.32352941176470584
v 1.5 0 -0.38235294117647056
v 1.5 0 -0.4411764705882353
v -0.8529411764705883 0 0.4411764705882353
v -0.911764705882353 0 0.4411764705882353
v -0.8529411764705883 0 0.38235294117647056
v -0.911764705882353 0 0.38235294117647056
v -0.8529411764705883 0 0.32352941176470584
v -0.911764705882353 0 0.32352941176470584
v -0.8529411764705883 0 0.2647058823529411
v -0.911764705882353 0 0.2647058823529411
v -0.8529411764705883 0 0.20588235294117652
v -0.911764705882353 0 0.20588235294117652
v -0.8529411764705883 0 0.1470588235294118
v -0.911764705882353 0 0.1470588235294118
v -0.8529411764705883 0 0.08823529411764708
v -0.911764705882353 0 0.08823529411764708
v -0.8529411764705883 0 0.02941176470588236
v -0.911764705882353 0 0.02941176470588236
v -0.8529411764705883 0 -0.02941176470588236
v -0.911764705882353 0 -0.02941176470588236
v -0.8529411764705883 0 -0.08823529411764708
v -0.911764705882353 0 -0.08823529411764708
v -0.8529411764705883 0 -0.14705882352941174
v -0.911764705882353 0 -0.14705882352941174
v -0.8529411764705883 0 -0.20588235294117646
v -0.911764705882353 0 -0.20588235294117646
v -0.8529411764705883 0 -0.2647058823529411
v -0.911764705882353 0 -0.2647058823529411
v -0.8529411764705883 0 -0.32352941176470584
v -0.911764705882353 0 -0.32352941176470584
v -0.8529411764705883 0 -0.38235294117647056
v -0.911764705882353 0 -0.38235294117647056
v -0.8529411764705883 0 -0.4411764705882353
v -0.911764705882353 0 -0.4411764705882353
v -0.9705882352941178 0 0.4411764705882353
v -0.9705882352941178 0 0.38235294117647056
v -0.9705882352941178 0 0.32352941176470584
v -0.9705882352941178 0 0.2647058823529411
v -0.9705882352941178 0 0.20588235294117652
v -0.9705882352941178 0 0.1470588235294118
v -0.9705882352941178 0 0.08823529411764708
v -0.9705882352941178 0 0.02941176470588236
v -0.9705882352941178 0 -0.02941176470588236
v -0.9705882352941178 0 -0.08823529411764708
v -0.9705882352941178 0 -0.14705882352941174
v -0.9705882352941178 0 -0.20588235294117646
v -0.9705882352941178 0 -0.2647058823529411
v -0.9705882352941178 0 -0.32352941176470584
v -0.9705882352941178 0 -0.38235294117647056
v -0.9705882352941178 0 -0.4411764705882353
v -1.0294117647058825 0 0.4411764705882353
v -1.0294117647058825 0 0.38235294117647056
v -1.0294117647058825 0 0.32352941176470584
v -1.0294117647058825 0 0.2647058823529411
v -1.0294117647058825 0 0.20588235294117652
v -1.0294117647058825 0 0.1470588235294118
v -1.0294117647058825 0 0.08823529411764708
v -1.0294117647058825 0 0.02941176470588236
v -1.0294117647058825 0 -0.02941176470588236
v -1.0294117647058825 0 -0.08823529411764708
v -1.0294117647058825 0 -0.14705882352941174
v -1.0294117647058825 0 -0.20588235294117646
v -1.0294117647058825 0 -0.2647058823529411
v -1.0294117647058825 0 -0.32352941176470584
v -1.0294117647058825 0 -0.38235294117647056
v -1.0294117647058825 0 -0.4411764705882353
v -1.0882352941176472 0 0.4411764705882353
v -1.0882352941176472 0 0.38235294117647056
v -1.0882352941176472 0 0.32352941176470584
v -1.0882352941176472 0 0.2647058823529411
v -1.0882352941176472 0 0.20588235294117652
v -1.0882352941176472 0 0.1470588235294118
v -1.0882352941176472 0 0.08823529411764708
v -1.0882352941176472 0 0.02941176470588236
v -1.0882352941176472 0 -0.02941176470588236
v -1.0882352941176472 0 -0.08823529411764708
v -1.0882352941176472 0 -0.14705882352941174
v -1.0882352941176472 0 -0.20588235294117646
v -1.0882352941176472 0 -0.2647058823529411
v -1.0882352941176472 0 -0.32352941176470584
v -1.0882352941176472 0 -0.38235294117647056
v -1.0882352941176472 0 -0.4411764705882353
v -1.147058823529412 0 0.4411764705882353
v -1.147058823529412 0 0.38235294117647056
v -1.147058823529412 0 0.32352941176470584
v -1.147058823529412 0 0.2647058823529411
v -1.147058823529412 0 0.20588235294117652
v -1.147058823529412 0 0.1470588235294118
v -1.147058823529412 0 0.08823529411764708
v -1.147058823529412 0 0.02941176470588236
v -1.147058823529412 0 -0.02941176470588236
v -1.147058823529412 0 -0.08823529411764708
v -1.147058823529412 0 -0.14705882352941174
v -1.147058823529412 0 -0.20588235294117646
v -1.147058823529412 0 -0.2647058823529411
v -1.147058823529412 0 -0.32352941176470584
v -1.147058823529412 0 -0.38235294117647056
v -1.147058823529412 0 -0.4411764705882353
v -1.2058823529411766 0 0.4411764705882353
v -1.2058823529411766 0 0.38235294117647056
v -1.2058823529411766 0 0.32352941176470584
v -1.2058823529411766 0 0.2647058823529411
v -1.2058823529411766 0 0.20588235294117652
v -1.2058823529411766 0 0.1470588235294118
v -1.2058823529411766 0 0.08823529411764708
v -1.2058823529411766 0 0.02941176470588236
v -1.2058823529411766 0 -0.02941176470588236
v -1.2058823529411766 0 -0.08823529411764708
v -1.2058823529411766 0 -0.14705882352941174
v -1.2058823529411766 0 -0.20588235294117646
v -1.2058823529411766 0 -0.2647058823529411
v -1.2058823529411766 0 -0.32352941176470584
v -1.2058823529411766 0 -0.38235294117647056
v -1.2058823529411766 0 -0.4411764705882353
v -1.2647058823529411 0 0.4411764705882353
v -1.2647058823529411 0 0.38235294117647056
v -1.2647058823529411 0 0.32352941176470584
v -1.2647058823529411 0 0.2647058823529411
v -1.2647058823529411 0 0.20588235294117652
v -1.2647058823529411 0 0.1470588235294118
v -1.2647058823529411 0 0.08823529411764708
v -1.2647058823529411 0 0.02941176470588236
v -1.2647058823529411 0 -0.02941176470588236
v -1.2647058823529411 0 -0.08823529411764708
v -1.2647058823529411 0 -0.14705882352941174
v -1.2647058823529411 0 -0.20588235294117646
v -1.2647058823529411 0 -0.2647058823529411
v -1.2647058823529411 0 -0.32352941176470584
v -1.2647058823529411 0 -0.38235294117647056
v -1.2647058823529411 0 -0.4411764705882353
v -1.3235294117647058 0 0.4411764705882353
v -1.3235294117647058 0 0.38235294117647056
v -1.3235294117647058 0 0.32352941176470584
v -1.3235294117647058 0 0.2647058823529411
v -1.3235294117647058 0 0.20588235294117652
v -1.3235294117647058 0 0.1470588235294118
v -1.3235294117647058 0 0.08823529411764708
v -1.3235294117647058 0 0.02941176470588236
v -1.3235294117647058 0 -0.02941176470588236
v -1.3235294117647058 0 -0.08823529411764708
v -1.3235294117647058 0 -0.14705882352941174
v -1.3235294117647058 0 -0.20588235294117646
v -1.3235294117647058 0 -0.2647058823529411
v -1.3235294117647058 0 -0.32352941176470584
v -1.3235294117647058 0 -0.38235294117647056
v -1.3235294117647058 0 -0.4411764705882353
v -1.3823529411764706 0 0.4411764705882353
v -1.3823529411764706 0 0.38235294117647056
v -1.3823529411764706 0 0.32352941176470584
v -1.3823529411764706 0 0.2647058823529411
v -1.3823529411764706 0 0.20588235294117652
v -1.3823529411764706 0 0.1470588235294118
v -1.3823529411764706 0 0.08823529411764708
v -1.3823529411764706 0 0.02941176470588236
v -1.3823529411764706 0 -0.02941176470588236
v -1.3823529411764706 0 -0.08823529411764708
v -1.3823529411764706 0 -0.14705882352941174
v -1.3823529411764706 0 -0.20588235294117646
v -1.3823529411764706 0 -0.2647058823529411
v -1.3823529411764706 0 -0.32352941176470584
v -1.3823529411764706 0 -0.38235294117647056
v -1.3823529411764706 0 -0.4411764705882353
v -1.4411764705882353 0 0.4411764705882353
v -1.4411764705882353 0 0.38235294117647056
v -1.4411764705882353 0 0.32352941176470584
v -1.4411764705882353 0 0.2647058823529411
v -1.4411764705882353 0 0.20588235294117652
v -1.4411764705882353 0 0.1470588235294118
v -1.4411764705882353 0 0.08823529411764708
v -1.4411764705882353 0 0.02941176470588236
v -1.4411764705882353 0 -0.02941176470588236
v -1.4411764705882353 0 -0.08823529411764708
v -1.4411764705882353 0 -0.14705882352941174
v -1.4411764705882353 0 -0.20588235294117646
v -1.4411764705882353 0 -0.2647058823529411
v -1.4411764705882353 0 -0.32352941176470584
v -1.4411764705882353 0 -0.38235294117647056
v -1.4411764705882353 0 -0.4411764705882353
v -1.5 0 0.4411764705882353
v -1.5 0 0.38235294117647056
v -1.5 0 0.32352941176470584
v -1.5 0 0.2647058823529411
v -1.5 0 0.20588235294117652
v -1.5 0 0.1470588235294118
v -1.5 0 0.08823529411764708
v -1.5 0 0.02941176470588236
v -1.5 0 -0.02941176470588236
v -1.5 0 -0.08823529411764708
v -1.5 0 -0.14705882352941174
v -1.5 0 -0.20588235294117646
v -1.5 0 -0.2647058823529411
v -1.5 0 -0.32352941176470584
v -1.5 0 -0.38235294117647056
v -1.5 0 -0.4411764705882353
v -0.7941176470588236 0 0.4411764705882353
v -0.7941176470588236 0 0.38235294117647056
v -0.7941176470588236 0 0.32352941176470584
v -0.7941176470588236 0 0.2647058823529411
v -0.7941176470588236 0 0.20588235294117652
v -0.7941176470588236 0 0.1470588235294118
v -0.7941176470588236 0 0.08823529411764708
v -0.7941176470588236 0 0.02941176470588236
v -0.7941176470588236 0 -0.02941176470588236
v -0.7941176470588236 0 -0.08823529411764708
v -0.7941176470588236 0 -0.14705882352941174
v -0.7941176470588236 0 -0.20588235294117646
v -0.7941176470588236 0 -0.2647058823529411
v -0.7941176470588236 0 -0.32352941176470584
v -0.7941176470588236 0 -0.38235294117647056
v -0.7941176470588236 0 -0.4411764705882353
v -0.7352941176470589 0 0.4411764705882353
v -0.7352941176470589 0 0.38235294117647056
v -0.7352941176470589 0 0.32352941176470584
v -0.7352941176470589 0 0.2647058823529411
v -0.7352941176470589 0 0.20588235294117652
v -0.7352941176470589 0 0.1470588235294118
v -0.7352941176470589 0 0.08823529411764708
v -0.7352941176470589 0 0.02941176470588236
v -0.7352941176470589 0 -0.02941176470588236
v -0.7352941176470589 0 -0.08823529411764708
v -0.7352941176470589 0 -0.14705882352941174
v -0.7352941176470589 0 -0.20588235294117646
v -0.7352941176470589 0 -0.2647058823529411
v -0.7352941176470589 0 -0.32352941176470584
v -0.7352941176470589 0 -0.38235294117647056
v -0.7352941176470589 0 -0.4411764705882353
v -0.6764705882352942 0 0.4411764705882353
v -0.6764705882352942 0 0.38235294117647056
v -0.6764705882352942 0 0.32352941176470584
v -0.6764705882352942 0 0.2647058823529411
v -0.6764705882352942 0 0.20588235294117652
v -0.6764705882352942 0 0.1470588235294118
v -0.6764705882352942 0 0.08823529411764708
v -0.6764705882352942 0 0.02941176470588236
v -0.6764705882352942 0 -0.02941176470588236
v -0.6764705882352942 0 -0.08823529411764708
v -0.6764705882352942 0 -0.14705882352941174
v -0.6764705882352942 0 -0.20588235294117646
v -0.6764705882352942 0 -0.2647058823529411
v -0.6764705882352942 0 -0.32352941176470584
v -0.6764705882352942 0 -0.38235294117647056
v -0.6764705882352942 0 -0.4411764705882353
v -0.6176470588235294 0 0.4411764705882353
v -0.6176470588235294 0 0.38235294117647056
v -0.6176470588235294 0 0.32352941176470584
v -0.6176470588235294 0 0.2647058823529411
v -0.6176470588235294 0 0.20588235294117652
v -0.6176470588235294 0 0.1470588235294118
v -0.6176470588235294 0 0.08823529411764708
v -0.6176470588235294 0 0.02941176470588236
v -0.6176470588235294 0 -0.02941176470588236
v -0.6176470588235294 0 -0.08823529411764708
v -0.6176470588235294 0 -0.14705882352941174
v -0.6176470588235294 0 -0.20588235294117646
v -0.6176470588235294 0 -0.2647058823529411
v -0.6176470588235294 0 -0.32352941176470584
v -0.6176470588235294 0 -0.38235294117647056
v -0.6176470588235294 0 -0.4411764705882353
v -0.5588235294117647 0 0.4411764705882353
v -0.5588235294117647 0 0.38235294117647056
v -0.5588235294117647 0 0.32352941176470584
v -0.5588235294117647 0 0.2647058823529411
v -0.5588235294117647 0 0.20588235294117652
v -0.5588235294117647 0 0.1470588235294118
v -0.5588235294117647 0 0.08823529411764708
v -0.5588235294117647 0 0.02941176470588236
v -0.5588235294117647 0 -0.02941176470588236
v -0.5588235294117647 0 -0.08823529411764708
v -0.5588235294117647 0 -0.14705882352941174
v -0.5588235294117647 0 -0.20588235294117646
v -0.5588235294117647 0 -0.2647058823529411
v -0.5588235294117647 0 -0.32352941176470584
v -0.5588235294117647 0 -0.38235294117647056
v -0.5588235294117647 0 -0.4411764705882353
v -0.5 0 0.4411764705882353
v -0.5 0 0.38235294117647056
v -0.5 0 0.32352941176470584
v -0.5 0 0.2647058823529411
v -0.5 0 0.20588235294117652
v -0.5 0 0.1470588235294118
v -0.5 0 0.08823529411764708
v -0.5 0 0.02941176470588236
v -0.5 0 -0.02941176470588236
v -0.5 0 -0.08823529411764708
v -0.5 0 -0.14705882352941174
v -0.5 0 -0.20588235294117646
v -0.5 0 -0.2647058823529411
v -0.5 0 -0.32352941176470584
v -0.5 0 -0.38235294117647056
v -0.5 0 -0.4411764705882353
v 0.4411764705882353 0 1.2058823529411766
v 0.4411764705882353 0 1.2647058823529411
v 0.38235294117647056 0 1.2058823529411766
v 0.38235294117647056 0 1.2647058823529411
v 0.32352941176470584 0 1.2058823529411766
v 0.32352941176470584 0 1.2647058823529411
v 0.2647058823529411 0 1.2058823529411766
v 0.2647058823529411 0 1.2647058823529411
v 0.20588235294117652 0 1.2058823529411766
v 0.20588235294117652 0 1.2647058823529411
v 0.1470588235294118 0 1.2058823529411766
v 0.1470588235294118 0 1.2647058823529411
v 0.08823529411764708 0 1.2058823529411766
v 0.08823529411764708 0 1.2647058823529411
v 0.02941176470588236 0 1.2058823529411766
v 0.02941176470588236 0 1.2647058823529411
v -0.02941176470588236 0 1.2058823529411766
v -0.02941176470588236 0 1.2647058823529411
v -0.08823529411764708 0 1.2058823529411766
v -0.08823529411764708 0 1.2647058823529411
v -0.14705882352941174 0 1.2058823529411766
v -0.14705882352941174 0 1.2647058823529411
v -0.20588235294117646 0 1.2058823529411766
v -0.20588235294117646 0 1.2647058823529411
v -0.2647058823529411 0 1.2058823529411766
v -0.2647058823529411 0 1.2647058823529411
v -0.32352941176470584 0 1.2058823529411766
v -0.32352941176470584 0 1.2647058823529411
v -0.38235294117647056 0 1.2058823529411766
v -0.38235294117647056 0 1.2647058823529411
v -0.4411764705882353 0 1.2058823529411766
v -0.4411764705882353 0 1.2647058823529411
v 0.4411764705882353 0 1.3235294117647058
v 0.38235294117647056 0 1.3235294117647058
v 0.32352941176470584 0 1.3235294117647058
v 0.2647058823529411 0 1.3235294117647058
v 0.20588235294117652 0 1.3235294117647058
v 0.1470588235294118 0 1.3235294117647058
v 0.08823529411764708 0 1.3235294117647058
v 0.02941176470588236 0 1.3235294117647058
v -0.02941176470588236 0 1.3235294117647058
v -0.08823529411764708 0 1.3235294117647058
v -0.14705882352941174 0 1.3235294117647058
v -0.20588235294117646 0 1.3235294117647058
v -0.2647058823529411 0 1.3235294117647058
v -0.32352941176470584 0 1.3235294117647058
v -0.38235294117647056 0 1.3235294117647058
v -0.4411764705882353 0 1.3235294117647058
v 0.4411764705882353 0 1.3823529411764706
v 0.38235294117647056 0 1.3823529411764706
v 0.32352941176470584 0 1.3823529411764706
v 0.2647058823529411 0 1.3823529411764706
v 0.20588235294117652 0 1.3823529411764706
v 0.1470588235294118 0 1.3823529411764706
v 0.08823529411764708 0 1.3823529411764706
v 0.02941176470588236 0 1.3823529411764706
v -0.02941176470588236 0 1.3823529411764706
v -0.08823529411764708 0 1.3823529411764706
v -0.14705882352941174 0 1.3823529411764706
v -0.20588235294117646 0 1.3823529411764706
v -0.2647058823529411 0 1.3823529411764706
v -0.32352941176470584 0 1.3823529411764706
v -0.38235294117647056 0 1.3823529411764706
v -0.4411764705882353 0 1.3823529411764706
v 0.4411764705882353 0 1.4411764705882353
v 0.38235294117647056 0 1.4411764705882353
v 0.32352941176470584 0 1.4411764705882353
v 0.2647058823529411 0 1.4411764705882353
v 0.20588235294117652 0 1.4411764705882353
v 0.1470588235294118 0 1.4411764705882353
v 0.08823529411764708 0 1.4411764705882353
v 0.02941176470588236 0 1.4411764705882353
v -0.02941176470588236 0 1.4411764705882353
v -0.08823529411764708 0 1.4411764705882353
v -0.14705882352941174 0 1.4411764705882353
v -0.20588235294117646 0 1.4411764705882353
v -0.2647058823529411 0 1.4411764705882353
v -0.32352941176470584 0 1.4411764705882353
v -0.38235294117647056 0 1.4411764705882353
v -0.4411764705882353 0 1.4411764705882353
v 0.4411764705882353 0 1.5
v 0.38235294117647056 0 1.5
v 0.32352941176470584 0 1.5
v 0.2647058823529411 0 1.5
v 0.20588235294117652 0 1.5
v 0.1470588235294118 0 1.5
v 0.08823529411764708 0 1.5
v 0.02941176470588236 0 1.5
v -0.02941176470588236 0 1.5
v -0.08823529411764708 0 1.5
v -0.14705882352941174 0 1.5
v -0.20588235294117646 0 1.5
v -0.2647058823529411 0 1.5
v -0.32352941176470584 0 1.5
v -0.38235294117647056 0 1.5
v -0.4411764705882353 0 1.5
v 0.4411764705882353 0 1.147058823529412
v 0.38235294117647056 0 1.147058823529412
v 0.32352941176470584 0 1.147058823529412
v 0.2647058823529411 0 1.147058823529412
v 0.20588235294117652 0 1.147058823529412
v 0.1470588235294118 0 1.147058823529412
v 0.08823529411764708 0 1.147058823529412
v 0.02941176470588236 0 1.147058823529412
v -0.02941176470588236 0 1.147058823529412
v -0.08823529411764708 0 1.147058823529412
v -0.14705882352941174 0 1.147058823529412
v -0.20588235294117646 0 1.147058823529412
v -0.2647058823529411 0 1.147058823529412
v -0.32352941176470584 0 1.147058823529412
v -0.38235294117647056 0 1.147058823529412
v -0.4411764705882353 0 1.147058823529412
v 0.4411764705882353 0 1.0882352941176472
v 0.38235294117647056 0 1.0882352941176472
v 0.32352941176470584 0 1.0882352941176472
v 0.2647058823529411 0 1.0882352941176472
v 0.20588235294117652 0 1.0882352941176472
v 0.1470588235294118 0 1.0882352941176472
v 0.08823529411764708 0 1.0882352941176472
v 0.02941176470588236 0 1.0882352941176472
v -0.02941176470588236 0 1.0882352941176472
v -0.08823529411764708 0 1.0882352941176472
v -0.14705882352941174 0 1.0882352941176472
v -0.20588235294117646 0 1.0882352941176472
v -0.2647058823529411 0 1.0882352941176472
v -0.32352941176470584 0 1.0882352941176472
v -0.38235294117647056 0 1.0882352941176472
v -0.4411764705882353 0 1.0882352941176472
v 0.4411764705882353 0 1.0294117647058825
v 0.38235294117647056 0 1.0294117647058825
v 0.32352941176470584 0 1.0294117647058825
v 0.2647058823529411 0 1.0294117647058825
v 0.20588235294117652 0 1.0294117647058825
v 0.1470588235294118 0 1.0294117647058825
v 0.08823529411764708 0 1.0294117647058825
v 0.02941176470588236 0 1.0294117647058825
v -0.02941176470588236 0 1.0294117647058825
v -0.08823529411764708 0 1.0294117647058825
v -0.14705882352941174 0 1.0294117647058825
v -0.20588235294117646 0 1.0294117647058825
v -0.2647058823529411 0 1.0294117647058825
v -0.32352941176470584 0 1.0294117647058825
v -0.38235294117647056 0 1.0294117647058825
v -0.4411764705882353 0 1.0294117647058825
v 0.4411764705882353 0 0.9705882352941178
v 0.38235294117647056 0 0.9705882352941178
v 0.32352941176470584 0 0.9705882352941178
v 0.2647058823529411 0 0.9705882352941178
v 0.20588235294117652 0 0.9705882352941178
v 0.1470588235294118 0 0.9705882352941178
v 0.08823529411764708 0 0.9705882352941178
v 0.02941176470588236 0 0.9705882352941178
v -0.02941176470588236 0 0.9705882352941178
v -0.08823529411764708 0 0.9705882352941178
v -0.14705882352941174 0 0.9705882352941178
v -0.20588235294117646 0 0.9705882352941178
v -0.2647058823529411 0 0.9705882352941178
v -0.32352941176470584 0 0.9705882352941178
v -0.38235294117647056 0 0.9705882352941178
v -0.4411764705882353 0 0.9705882352941178
v 0.4411764705882353 0 0.911764705882353
v 0.38235294117647056 0 0.911764705882353
v 0.32352941176470584 0 0.911764705882353
v 0.2647058823529411 0 0.911764705882353
v 0.20588235294117652 0 0.911764705882353
v 0.1470588235294118 0 0.911764705882353
v 0.08823529411764708 0 0.911764705882353
v 0.02941176470588236 0 0.911764705882353
v -0.02941176470588236 0 0.911764705882353
v -0.08823529411764708 0 0.911764705882353
v -0.14705882352941174 0 0.911764705882353
v -0.20588235294117646 0 0.911764705882353
v -0.2647058823529411 0 0.911764705882353
v -0.32352941176470584 0 0.911764705882353
v -0.38235294117647056 0 0.911764705882353
v -0.4411764705882353 0 0.911764705882353
v 0.4411764705882353 0 0.8529411764705883
v 0.38235294117647056 0 0.8529411764705883
v 0.32352941176470584 0 0.8529411764705883
v 0.2647058823529411 0 0.8529411764705883
v 0.20588235294117652 0 0.8529411764705883
v 0.1470588235294118 0 0.8529411764705883
v 0.08823529411764708 0 0.8529411764705883
v 0.02941176470588236 0 0.8529411764705883
v -0.02941176470588236 0 0.8529411764705883
v -0.08823529411764708 0 0.8529411764705883
v -0.14705882352941174 0 0.8529411764705883
v -0.20588235294117646 0 0.8529411764705883
v -0.2647058823529411 0 0.8529411764705883
v -0.32352941176470584 0 0.8529411764705883
v -0.38235294117647056 0 0.8529411764705883
v -0.4411764705882353 0 0.8529411764705883
v 0.4411764705882353 0 0.7941176470588236
v 0.38235294117647056 0 0.7941176470588236
v 0.32352941176470584 0 0.7941176470588236
v 0.2647058823529411 0 0.7941176470588236
v 0.20588235294117652 0 0.7941176470588236
v 0.1470588235294118 0 0.7941176470588236
v 0.08823529411764708 0 0.7941176470588236
v 0.02941176470588236 0 0.7941176470588236
v -0.02941176470588236 0 0.7941176470588236
v -0.08823529411764708 0 0.7941176470588236
v -0.14705882352941174 0 0.7941176470588236
v -0.20588235294117646 0 0.7941176470588236
v -0.2647058823529411 0 0.7941176470588236
v -0.32352941176470584 0 0.7941176470588236
v -0.38235294117647056 0 0.7941176470588236
v -0.4411764705882353 0 0.7941176470588236
v 0.4411764705882353 0 0.7352941176470589
v 0.38235294117647056 0 0.7352941176470589
v 0.32352941176470584 0 0.7352941176470589
v 0.2647058823529411 0 0.7352941176470589
v 0.20588235294117652 0 0.7352941176470589
v 0.1470588235294118 0 0.7352941176470589
v 0.08823529411764708 0 0.7352941176470589
v 0.02941176470588236 0 0.7352941176470589
v -0.02941176470588236 0 0.7352941176470589
v -0.08823529411764708 0 0.7352941176470589
v -0.14705882352941174 0 0.7352941176470589
v -0.20588235294117646 0 0.7352941176470589
v -0.2647058823529411 0 0.7352941176470589
v -0.32352941176470584 0 0.7352941176470589
v -0.38235294117647056 0 0.7352941176470589
v -0.4411764705882353 0 0.7352941176470589
v 0.4411764705882353 0 0.6764705882352942
v 0.38235294117647056 0 0.6764705882352942
v 0.32352941176470584 0 0.6764705882352942
v 0.2647058823529411 0 0.6764705882352942
v 0.20588235294117652 0 0.6764705882352942
v 0.1470588235294118 0 0.6764705882352942
v 0.08823529411764708 0 0.6764705882352942
v 0.02941176470588236 0 0.6764705882352942
v -0.02941176470588236 0 0.6764705882352942
v -0.08823529411764708 0 0.6764705882352942
v -0.14705882352941174 0 0.6764705882352942
v -0.20588235294117646 0 0.6764705882352942
v -0.2647058823529411 0 0.6764705882352942
v -0.32352941176470584 0 0.6764705882352942
v -0.38235294117647056 0 0.6764705882352942
v -0.4411764705882353 0 0.6764705882352942
v 0.4411764705882353 0 0.6176470588235294
v 0.38235294117647056 0 0.6176470588235294
v 0.32352941176470584 0 0.6176470588235294
v 0.2647058823529411 0 0.6176470588235294
v 0.20588235294117652 0 0.6176470588235294
v 0.1470588235294118 0 0.6176470588235294
v 0.08823529411764708 0 0.6176470588235294
v 0.02941176470588236 0 0.6176470588235294
v -0.02941176470588236 0 0.6176470588235294
v -0.08823529411764708 0 0.6176470588235294
v -0.14705882352941174 0 0.6176470588235294
v -0.20588235294117646 0 0.6176470588235294
v -0.2647058823529411 0 0.6176470588235294
v -0.32352941176470584 0 0.6176470588235294
v -0.38235294117647056 0 0.6176470588235294
v -0.4411764705882353 0 0.6176470588235294
v 0.4411764705882353 0 0.5588235294117647
v 0.38235294117647056 0 0.5588235294117647
v 0.32352941176470584 0 0.5588235294117647
v 0.2647058823529411 0 0.5588235294117647
v 0.20588235294117652 0 0.5588235294117647
v 0.1470588235294118 0 0.5588235294117647
v 0.08823529411764708 0 0.5588235294117647
v 0.02941176470588236 0 0.5588235294117647
v -0.02941176470588236 0 0.5588235294117647
v -0.08823529411764708 0 0.5588235294117647
v -0.14705882352941174 0 0.5588235294117647
v -0.20588235294117646 0 0.5588235294117647
v -0.2647058823529411 0 0.5588235294117647
v -0.32352941176470584 0 0.5588235294117647
v -0.38235294117647056 0 0.5588235294117647
v -0.4411764705882353 0 0.5588235294117647
v 0.4411764705882353 0 0.5
v 0.38235294117647056 0 0.5
v 0.32352941176470584 0 0.5
v 0.2647058823529411 0 0.5
v 0.20588235294117652 0 0.5
v 0.1470588235294118 0 0.5
v 0.08823529411764708 0 0.5
v 0.02941176470588236 0 0.5
v -0.02941176470588236 0 0.5
v -0.08823529411764708 0 0.5
v -0.14705882352941174 0 0.5
v -0.20588235294117646 0 0.5
v -0.2647058823529411 0 0.5
v -0.32352941176470584 0 0.5
v -0.38235294117647056 0 0.5
v -0.4411764705882353 0 0.5
v 0.4411764705882353 0 -1.1470588235294117
v 0.4411764705882353 0 -1.088235294117647
v 0.38235294117647056 0 -1.1470588235294117
v 0.38235294117647056 0 -1.088235294117647
v 0.32352941176470584 0 -1.1470588235294117
v 0.32352941176470584 0 -1.088235294117647
v 0.2647058823529411 0 -1.1470588235294117
v 0.2647058823529411 0 -1.088235294117647
v 0.20588235294117652 0 -1.1470588235294117
v 0.20588235294117652 0 -1.088235294117647
v 0.1470588235294118 0 -1.1470588235294117
v 0.1470588235294118 0 -1.088235294117647
v 0.08823529411764708 0 -1.1470588235294117
v 0.08823529411764708 0 -1.088235294117647
v 0.02941176470588236 0 -1.1470588235294117
v 0.02941176470588236 0 -1.088235294117647
v -0.02941176470588236 0 -1.1470588235294117
v -0.02941176470588236 0 -1.088235294117647
v -0.08823529411764708 0 -1.1470588235294117
v -0.08823529411764708 0 -1.088235294117647
v -0.14705882352941174 0 -1.1470588235294117
v -0.14705882352941174 0 -1.088235294117647
v -0.20588235294117646 0 -1.1470588235294117
v -0.20588235294117646 0 -1.088235294117647
v -0.2647058823529411 0 -1.1470588235294117
v -0.2647058823529411 0 -1.088235294117647
v -0.32352941176470584 0 -1.1470588235294117
v -0.32352941176470584 0 -1.088235294117647
v -0.38235294117647056 0 -1.1470588235294117
v -0.38235294117647056 0 -1.088235294117647
v -0.4411764705882353 0 -1.1470588235294117
v -0.4411764705882353 0 -1.088235294117647
v 0.4411764705882353 0 -1.0294117647058822
v 0.38235294117647056 0 -1.0294117647058822
v 0.32352941176470584 0 -1.0294117647058822
v 0.2647058823529411 0 -1.0294117647058822
v 0.20588235294117652 0 -1.0294117647058822
v 0.1470588235294118 0 -1.0294117647058822
v 0.08823529411764708 0 -1.0294117647058822
v 0.02941176470588236 0 -1.0294117647058822
v -0.02941176470588236 0 -1.0294117647058822
v -0.08823529411764708 0 -1.0294117647058822
v -0.14705882352941174 0 -1.0294117647058822
v -0.20588235294117646 0 -1.0294117647058822
v -0.2647058823529411 0 -1.0294117647058822
v -0.32352941176470584 0 -1.0294117647058822
v -0.38235294117647056 0 -1.0294117647058822
v -0.4411764705882353 0 -1.0294117647058822
v 0.4411764705882353 0 -0.9705882352941176
v 0.38235294117647056 0 -0.9705882352941176
v 0.32352941176470584 0 -0.9705882352941176
v 0.2647058823529411 0 -0.9705882352941176
v 0.20588235294117652 0 -0.9705882352941176
v 0.1470588235294118 0 -0.9705882352941176
v 0.08823529411764708 0 -0.9705882352941176
v 0.02941176470588236 0 -0.9705882352941176
v -0.02941176470588236 0 -0.9705882352941176
v -0.08823529411764708 0 -0.9705882352941176
v -0.14705882352941174 0 -0.9705882352941176
v -0.20588235294117646 0 -0.9705882352941176
v -0.2647058823529411 0 -0.9705882352941176
v -0.32352941176470584 0 -0.9705882352941176
v -0.38235294117647056 0 -0.9705882352941176
v -0.4411764705882353 0 -0.9705882352941176
v 0.4411764705882353 0 -0.9117647058823529
v 0.38235294117647056 0 -0.9117647058823529
v 0.32352941176470584 0 -0.9117647058823529
v 0.2647058823529411 0 -0.9117647058823529
v 0.20588235294117652 0 -0.9117647058823529
v 0.1470588235294118 0 -0.9117647058823529
v 0.08823529411764708 0 -0.9117647058823529
v 0.02941176470588236 0 -0.9117647058823529
v -0.02941176470588236 0 -0.9117647058823529
v -0.08823529411764708 0 -0.9117647058823529
v -0.14705882352941174 0 -0.9117647058823529
v -0.20588235294117646 0 -0.9117647058823529
v -0.2647058823529411 0 -0.9117647058823529
v -0.32352941176470584 0 -0.9117647058823529
v -0.38235294117647056 0 -0.9117647058823529
v -0.4411764705882353 0 -0.9117647058823529
v 0.4411764705882353 0 -0.8529411764705882
v 0.38235294117647056 0 -0.8529411764705882
v 0.32352941176470584 0 -0.8529411764705882
v 0.2647058823529411 0 -0.8529411764705882
v 0.20588235294117652 0 -0.8529411764705882
v 0.1470588235294118 0 -0.8529411764705882
v 0.08823529411764708 0 -0.8529411764705882
v 0.02941176470588236 0 -0.8529411764705882
v -0.02941176470588236 0 -0.8529411764705882
v -0.08823529411764708 0 -0.8529411764705882
v -0.14705882352941174 0 -0.8529411764705882
v -0.20588235294117646 0 -0.8529411764705882
v -0.2647058823529411 0 -0.8529411764705882
v -0.32352941176470584 0 -0.8529411764705882
v -0.38235294117647056 0 -0.8529411764705882
v -0.4411764705882353 0 -0.8529411764705882
v 0.4411764705882353 0 -0.7941176470588235
v 0.38235294117647056 0 -0.7941176470588235
v 0.32352941176470584 0 -0.7941176470588235
v 0.2647058823529411 0 -0.7941176470588235
v 0.20588235294117652 0 -0.7941176470588235
v 0.1470588235294118 0 -0.7941176470588235
v 0.08823529411764708 0 -0.7941176470588235
v 0.02941176470588236 0 -0.7941176470588235
v -0.02941176470588236 0 -0.7941176470588235
v -0.08823529411764708 0 -0.7941176470588235
v -0.14705882352941174 0 -0.7941176470588235
v -0.20588235294117646 0 -0.7941176470588235
v -0.2647058823529411 0 -0.7941176470588235
v -0.32352941176470584 0 -0.7941176470588235
v -0.38235294117647056 0 -0.7941176470588235
v -0.4411764705882353 0 -0.7941176470588235
v 0.4411764705882353 0 -0.7352941176470589
v 0.38235294117647056 0 -0.7352941176470589
v 0.32352941176470584 0 -0.7352941176470589
v 0.2647058823529411 0 -0.7352941176470589
v 0.20588235294117652 0 -0.7352941176470589
v 0.1470588235294118 0 -0.7352941176470589
v 0.08823529411764708 0 -0.7352941176470589
v 0.02941176470588236 0 -0.7352941176470589
v -0.02941176470588236 0 -0.7352941176470589
v -0.08823529411764708 0 -0.7352941176470589
v -0.14705882352941174 0 -0.7352941176470589
v -0.20588235294117646 0 -0.7352941176470589
v -0.2647058823529411 0 -0.7352941176470589
v -0.32352941176470584 0 -0.7352941176470589
v -0.38235294117647056 0 -0.7352941176470589
v -0.4411764705882353 0 -0.7352941176470589
v 0.4411764705882353 0 -0.6764705882352942
v 0.38235294117647056 0 -0.6764705882352942
v 0.32352941176470584 0 -0.6764705882352942
v 0.2647058823529411 0 -0.6764705882352942
v 0.20588235294117652 0 -0.6764705882352942
v 0.1470588235294118 0 -0.6764705882352942
v 0.08823529411764708 0 -0.6764705882352942
v 0.02941176470588236 0 -0.6764705882352942
v -0.02941176470588236 0 -0.6764705882352942
v -0.08823529411764708 0 -0.6764705882352942
v -0.14705882352941174 0 -0.6764705882352942
v -0.20588235294117646 0 -0.6764705882352942
v -0.2647058823529411 0 -0.6764705882352942
v -0.32352941176470584 0 -0.6764705882352942
v -0.38235294117647056 0 -0.6764705882352942
v -0.4411764705882353 0 -0.6764705882352942
v 0.4411764705882353 0 -0.6176470588235294
v 0.38235294117647056 0 -0.6176470588235294
v 0.32352941176470584 0 -0.6176470588235294
v 0.2647058823529411 0 -0.6176470588235294
v 0.20588235294117652 0 -0.6176470588235294
v 0.1470588235294118 0 -0.6176470588235294
v 0.08823529411764708 0 -0.6176470588235294
v 0.02941176470588236 0 -0.6176470588235294
v -0.02941176470588236 0 -0.6176470588235294
v -0.08823529411764708 0 -0.6176470588235294
v -0.14705882352941174 0 -0.6176470588235294
v -0.20588235294117646 0 -0.6176470588235294
v -0.2647058823529411 0 -0.6176470588235294
v -0.32352941176470584 0 -0.6176470588235294
v -0.38235294117647056 0 -0.6176470588235294
v -0.4411764705882353 0 -0.6176470588235294
v 0.4411764705882353 0 -0.5588235294117647
v 0.38235294117647056 0 -0.5588235294117647
v 0.32352941176470584 0 -0.5588235294117647
v 0.2647058823529411 0 -0.5588235294117647
v 0.20588235294117652 0 -0.5588235294117647
v 0.1470588235294118 0 -0.5588235294117647
v 0.08823529411764708 0 -0.5588235294117647
v 0.02941176470588236 0 -0.5588235294117647
v -0.02941176470588236 0 -0.5588235294117647
v -0.08823529411764708 0 -0.5588235294117647
v -0.14705882352941174 0 -0.5588235294117647
v -0.20588235294117646 0 -0.5588235294117647
v -0.2647058823529411 0 -0.5588235294117647
v -0.32352941176470584 0 -0.5588235294117647
v -0.38235294117647056 0 -0.5588235294117647
v -0.4411764705882353 0 -0.5588235294117647
v 0.4411764705882353 0 -0.5
v 0.38235294117647056 0 -0.5
v 0.32352941176470584 0 -0.5
v 0.2647058823529411 0 -0.5
v 0.20588235294117652 0 -0.5
v 0.1470588235294118 0 -0.5
v 0.08823529411764708 0 -0.5
v 0.02941176470588236 0 -0.5
v -0.02941176470588236 0 -0.5
v -0.08823529411764708 0 -0.5
v -0.14705882352941174 0 -0.5
v -0.20588235294117646 0 -0.5
v -0.2647058823529411 0 -0.5
v -0.32352941176470584 0 -0.5
v -0.38235294117647056 0 -0.5
v -0.4411764705882353 0 -0.5
v 0.4411764705882353 0 -1.2058823529411764
v 0.38235294117647056 0 -1.2058823529411764
v 0.32352941176470584 0 -1.2058823529411764
v 0.2647058823529411 0 -1.2058823529411764
v 0.20588235294117652 0 -1.2058823529411764
v 0.1470588235294118 0 -1.2058823529411764
v 0.08823529411764708 0 -1.2058823529411764
v 0.02941176470588236 0 -1.2058823529411764
v -0.02941176470588236 0 -1.2058823529411764
v -0.08823529411764708 0 -1.2058823529411764
v -0.14705882352941174 0 -1.2058823529411764
v -0.20588235294117646 0 -1.2058823529411764
v -0.2647058823529411 0 -1.2058823529411764
v -0.32352941176470584 0 -1.2058823529411764
v -0.38235294117647056 0 -1.2058823529411764
v -0.4411764705882353 0 -1.2058823529411764
v 0.4411764705882353 0 -1.2647058823529411
v 0.38235294117647056 0 -1.2647058823529411
v 0.32352941176470584 0 -1.2647058823529411
v 0.2647058823529411 0 -1.2647058823529411
v 0.20588235294117652 0 -1.2647058823529411
v 0.1470588235294118 0 -1.2647058823529411
v 0.08823529411764708 0 -1.2647058823529411
v 0.02941176470588236 0 -1.2647058823529411
v -0.02941176470588236 0 -1.2647058823529411
v -0.08823529411764708 0 -1.2647058823529411
v -0.14705882352941174 0 -1.2647058823529411
v -0.20588235294117646 0 -1.2647058823529411
v -0.2647058823529411 0 -1.2647058823529411
v -0.32352941176470584 0 -1.2647058823529411
v -0.38235294117647056 0 -1.2647058823529411
v -0.4411764705882353 0 -1.2647058823529411
v 0.4411764705882353 0 -1.3235294117647058
v 0.38235294117647056 0 -1.3235294117647058
v 0.32352941176470584 0 -1.3235294117647058
v 0.2647058823529411 0 -1.3235294117647058
v 0.20588235294117652 0 -1.3235294117647058
v 0.1470588235294118 0 -1.3235294117647058
v 0.08823529411764708 0 -1.3235294117647058
v 0.02941176470588236 0 -1.3235294117647058
v -0.02941176470588236 0 -1.3235294117647058
v -0.08823529411764708 0 -1.3235294117647058
v -0.14705882352941174 0 -1.3235294117647058
v -0.20588235294117646 0 -1.3235294117647058
v -0.2647058823529411 0 -1.3235294117647058
v -0.32352941176470584 0 -1.3235294117647058
v -0.38235294117647056 0 -1.3235294117647058
v -0.4411764705882353 0 -1.3235294117647058
v 0.4411764705882353 0 -1.3823529411764706
v 0.38235294117647056 0 -1.3823529411764706
v 0.32352941176470584 0 -1.3823529411764706
v 0.2647058823529411 0 -1.3823529411764706
v 0.20588235294117652 0 -1.3823529411764706
v 0.1470588235294118 0 -1.3823529411764706
v 0.08823529411764708 0 -1.3823529411764706
v 0.02941176470588236 0 -1.3823529411764706
v -0.02941176470588236 0 -1.3823529411764706
v -0.08823529411764708 0 -1.3823529411764706
v -0.14705882352941174 0 -1.3823529411764706
v -0.20588235294117646 0 -1.3823529411764706
v -0.2647058823529411 0 -1.3823529411764706
v -0.32352941176470584 0 -1.3823529411764706
v -0.38235294117647056 0 -1.3823529411764706
v -0.4411764705882353 0 -1.3823529411764706
v 0.4411764705882353 0 -1.4411764705882353
v 0.38235294117647056 0 -1.4411764705882353
v 0.32352941176470584 0 -1.4411764705882353
v 0.2647058823529411 0 -1.4411764705882353
v 0.20588235294117652 0 -1.4411764705882353
v 0.1470588235294118 0 -1.4411764705882353
v 0.08823529411764708 0 -1.4411764705882353
v 0.02941176470588236 0 -1.4411764705882353
v -0.02941176470588236 0 -1.4411764705882353
v -0.08823529411764708 0 -1.4411764705882353
v -0.14705882352941174 0 -1.4411764705882353
v -0.20588235294117646 0 -1.4411764705882353
v -0.2647058823529411 0 -1.4411764705882353
v -0.32352941176470584 0 -1.4411764705882353
v -0.38235294117647056 0 -1.4411764705882353
v -0.4411764705882353 0 -1.4411764705882353
v 0.4411764705882353 0 -1.5
v 0.38235294117647056 0 -1.5
v 0.32352941176470584 0 -1.5
v 0.2647058823529411 0 -1.5
v 0.20588235294117652 0 -1.5
v 0.1470588235294118 0 -1.5
v 0.08823529411764708 0 -1.5
v 0.02941176470588236 0 -1.5
v -0.02941176470588236 0 -1.5
v -0.08823529411764708 0 -1.5
v -0.14705882352941174 0 -1.5
v -0.20588235294117646 0 -1.5
v -0.2647058823529411 0 -1.5
v -0.32352941176470584 0 -1.5
v -0.38235294117647056 0 -1.5
v -0.4411764705882353 0 -1.5
vt 31.372549019607845 1
vt 31.372549019607845 0.3725490196078428
vt 32 0.3725490196078428
vt 32 1
vt 10.666666666666668 0.3725490196078428
vt 11.294117647058826 0.3725490196078428
vt 11.294117647058826 1
vt 10.666666666666668 1
vt 10.666666666666668 -20.96078431372549
vt 11.294117647058826 -20.96078431372549
vt 11.294117647058826 -20.333333333333336
vt 10.666666666666668 -20.333333333333336
vt 31.372549019607845 -20.333333333333336
vt 31.372549019607845 -20.96078431372549
vt 32 -20.96078431372549
vt 32 -20.333333333333336
vt 31.372549019607845 -9.666666666666668
vt 31.372549019607845 -10.294117647058826
vt 32 -10.294117647058826
vt 32 -9.666666666666668
vt 21.96078431372549 1
vt 21.96078431372549 0.3725490196078428
vt 21.333333333333336 0.3725490196078428
vt 21.333333333333336 1
vt 21.96078431372549 -20.333333333333336
vt 21.96078431372549 -20.96078431372549
vt 21.333333333333336 -20.96078431372549
vt 21.333333333333336 -20.333333333333336
vt 21.96078431372549 -9.666666666666668
vt 21.96078431372549 -10.294117647058826
vt 21.333333333333336 -10.294117647058826
vt 21.333333333333336 -9.666666666666668
vt 21.333333333333336 1
vt 21.333333333333336 0.3725490196078428
vt 21.96078431372549 0.3725490196078428
vt 21.96078431372549 1
vt 21.96078431372549 1
vt 21.96078431372549 0.3725490196078428
vt 22.588235294117645 0.3725490196078428
vt 22.588235294117645 1
vt 22.588235294117645 1
vt 22.588235294117645 0.3725490196078428
vt 23.2156862745098 0.3725490196078428
vt 23.2156862745098 1
vt 23.2156862745098 1
vt 23.2156862745098 0.3725490196078428
vt 23.843137254901954 0.3725490196078428
vt 23.843137254901954 1
vt 23.843137254901954 1
vt 23.843137254901954 0.3725490196078428
vt 24.470588235294112 0.3725490196078428
vt 24.470588235294112 1
vt 24.470588235294112 1
vt 24.470588235294112 0.3725490196078428
vt 25.09803921568627 0.3725490196078428
vt 25.09803921568627 1
vt 25.09803921568627 1
vt 25.09803921568627 0.3725490196078428
vt 25.72549019607843 0.3725490196078428
vt 25.72549019607843 1
vt 25.72549019607843 1
vt 25.72549019607843 0.3725490196078428
vt 26.352941176470587 0.3725490196078428
vt 26.352941176470587 1
vt 26.352941176470587 1
vt 26.352941176470587 0.3725490196078428
vt 26.980392156862745 0.3725490196078428
vt 26.980392156862745 1
vt 26.980392156862745 1
vt 26.980392156862745 0.3725490196078428
vt 27.607843137254903 0.3725490196078428
vt 27.607843137254903 1
vt 27.607843137254903 1
vt 27.607843137254903 0.3725490196078428
vt 28.235294117647058 0.3725490196078428
vt 28.235294117647058 1
vt 28.235294117647058 1
vt 28.235294117647058 0.3725490196078428
vt 28.862745098039216 0.3725490196078428
vt 28.862745098039216 1
vt 28.862745098039216 1
vt 28.862745098039216 0.3725490196078428
vt 29.490196078431374 0.3725490196078428
vt 29.490196078431374 1
vt 29.490196078431374 1
vt 29.490196078431374 0.3725490196078428
vt 30.11764705882353 0.3725490196078428
vt 30.11764705882353 1
vt 30.11764705882353 1
vt 30.11764705882353 0.3725490196078428
vt 30.745098039215687 0.3725490196078428
vt 30.745098039215687 1
vt 30.745098039215687 1
vt 30.745098039215687 0.3725490196078428
vt 31.372549019607845 0.3725490196078428
vt 31.372549019607845 1
vt 21.333333333333336 -9.666666666666668
vt 21.333333333333336 -10.294117647058826
vt 21.96078431372549 -10.294117647058826
vt 21.96078431372549 -9.666666666666668
vt 21.96078431372549 -9.666666666666668
vt 21.96078431372549 -10.294117647058826
vt 22.588235294117645 -10.294117647058826
vt 22.588235294117645 -9.666666666666668
vt 22.588235294117645 -9.666666666666668
vt 22.588235294117645 -10.294117647058826
vt 23.2156862745098 -10.294117647058826
vt 23.2156862745098 -9.666666666666668
vt 23.2156862745098 -9.666666666666668
vt 23.2156862745098 -10.294117647058826
vt 23.843137254901954 -10.294117647058826
vt 23.843137254901954 -9.666666666666668
vt 23.843137254901954 -9.666666666666668
vt 23.843137254901954 -10.294117647058826
vt 24.470588235294112 -10.294117647058826
vt 24.470588235294112 -9.666666666666668
vt 24.470588235294112 -9.666666666666668
vt 24.470588235294112 -10.294117647058826
vt 25.09803921568627 -10.294117647058826
vt 25.09803921568627 -9.666666666666668
vt 25.09803921568627 -9.666666666666668
vt 25.09803921568627 -10.294117647058826
vt 25.72549019607843 -10.294117647058826
vt 25.72549019607843 -9.666666666666668
vt 25.72549019607843 -9.666666666666668
vt 25.72549019607843 -10.294117647058826
vt 26.352941176470587 -10.294117647058826
vt 26.352941176470587 -9.666666666666668
vt 26.352941176470587 -9.666666666666668
vt 26.352941176470587 -10.294117647058826
vt 26.980392156862745 -10.294117647058826
vt 26.980392156862745 -9.666666666666668
vt 26.980392156862745 -9.666666666666668
vt 26.980392156862745 -10.294117647058826
vt 27.607843137254903 -10.294117647058826
vt 27.607843137254903 -9.666666666666668
vt 27.607843137254903 -9.666666666666668
vt 27.607843137254903 -10.294117647058826
vt 28.235294117647058 -10.294117647058826
vt 28.235294117647058 -9.666666666666668
vt 28.235294117647058 -9.666666666666668
vt 28.235294117647058 -10.294117647058826
vt 28.862745098039216 -10.294117647058826
vt 28.862745098039216 -9.666666666666668
vt 28.862745098039216 -9.666666666666668
vt 28.862745098039216 -10.294117647058826
vt 29.490196078431374 -10.294117647058826
vt 29.490196078431374 -9.666666666666668
vt 29.490196078431374 -9.666666666666668
vt 29.490196078431374 -10.294117647058826
vt 30.11764705882353 -10.294117647058826
vt 30.11764705882353 -9.666666666666668
vt 30.11764705882353 -9.666666666666668
vt 30.11764705882353 -10.294117647058826
vt 30.745098039215687 -10.294117647058826
vt 30.745098039215687 -9.666666666666668
vt 30.745098039215687 -9.666666666666668
vt 30.745098039215687 -10.294117647058826
vt 31.372549019607845 -10.294117647058826
vt 31.372549019607845 -9.666666666666668
vt 21.333333333333336 -20.333333333333336
vt 21.333333333333336 -20.96078431372549
vt 21.96078431372549 -20.96078431372549
vt 21.96078431372549 -20.333333333333336
vt 21.96078431372549 -20.333333333333336
vt 21.96078431372549 -20.96078431372549
vt 22.588235294117645 -20.96078431372549
vt 22.588235294117645 -20.333333333333336
vt 22.588235294117645 -20.333333333333336
vt 22.588235294117645 -20.96078431372549
vt 23.2156862745098 -20.96078431372549
vt 23.2156862745098 -20.333333333333336
vt 23.2156862745098 -20.333333333333336
vt 23.2156862745098 -20.96078431372549
vt 23.843137254901954 -20.96078431372549
vt 23.843137254901954 -20.333333333333336
vt 23.843137254901954 -20.333333333333336
vt 23.843137254901954 -20.96078431372549
vt 24.470588235294112 -20.96078431372549
vt 24.470588235294112 -20.333333333333336
vt 24.470588235294112 -20.333333333333336
vt 24.470588235294112 -20.96078431372549
vt 25.09803921568627 -20.96078431372549
vt 25.09803921568627 -20.333333333333336
vt 25.09803921568627 -20.333333333333336
vt 25.09803921568627 -20.96078431372549
vt 25.72549019607843 -20.96078431372549
vt 25.72549019607843 -20.333333333333336
vt 25.72549019607843 -20.333333333333336
vt 25.72549019607843 -20.96078431372549
vt 26.352941176470587 -20.96078431372549
vt 26.352941176470587 -20.333333333333336
vt 26.352941176470587 -20.333333333333336
vt 26.352941176470587 -20.96078431372549
vt 26.980392156862745 -20.96078431372549
vt 26.980392156862745 -20.333333333333336
vt 26.980392156862745 -20.333333333333336
vt 26.980392156862745 -20.96078431372549
vt 27.607843137254903 -20.96078431372549
vt 27.607843137254903 -20.333333333333336
vt 27.607843137254903 -20.333333333333336
vt 27.607843137254903 -20.96078431372549
vt 28.235294117647058 -20.96078431372549
vt 28.235294117647058 -20.333333333333336
vt 28.235294117647058 -20.333333333333336
vt 28.235294117647058 -20.96078431372549
vt 28.862745098039216 -20.96078431372549
vt 28.862745098039216 -20.333333333333336
vt 28.862745098039216 -20.333333333333336
vt 28.862745098039216 -20.96078431372549
vt 29.490196078431374 -20.96078431372549
vt 29.490196078431374 -20.333333333333336
vt 29.490196078431374 -20.333333333333336
vt 29.490196078431374 -20.96078431372549
vt 30.11764705882353 -20.96078431372549
vt 30.11764705882353 -20.333333333333336
vt 30.11764705882353 -20.333333333333336
vt 30.11764705882353 -20.96078431372549
vt 30.745098039215687 -20.96078431372549
vt 30.745098039215687 -20.333333333333336
vt 30.745098039215687 -20.333333333333336
vt 30.745098039215687 -20.96078431372549
vt 31.372549019607845 -20.96078431372549
vt 31.372549019607845 -20.333333333333336
vt 32 1
vt 32 0.3725490196078428
vt 31.372549019607845 0.3725490196078428
vt 31.372549019607845 1
vt 31.372549019607845 1
vt 31.372549019607845 0.3725490196078428
vt 30.74509803921569 0.3725490196078428
vt 30.74509803921569 1
vt 30.74509803921569 1
vt 30.74509803921569 0.3725490196078428
vt 30.117647058823536 0.3725490196078428
vt 30.117647058823536 1
vt 30.117647058823536 1
vt 30.117647058823536 0.3725490196078428
vt 29.49019607843138 0.3725490196078428
vt 29.49019607843138 1
vt 29.49019607843138 1
vt 29.49019607843138 0.3725490196078428
vt 28.862745098039223 0.3725490196078428
vt 28.862745098039223 1
vt 28.862745098039223 1
vt 28.862745098039223 0.3725490196078428
vt 28.235294117647065 0.3725490196078428
vt 28.235294117647065 1
vt 28.235294117647065 1
vt 28.235294117647065 0.3725490196078428
vt 27.607843137254907 0.3725490196078428
vt 27.607843137254907 1
vt 27.607843137254907 1
vt 27.607843137254907 0.3725490196078428
vt 26.98039215686275 0.3725490196078428
vt 26.98039215686275 1
vt 26.98039215686275 1
vt 26.98039215686275 0.3725490196078428
vt 26.35294117647059 0.3725490196078428
vt 26.35294117647059 1
vt 26.35294117647059 1
vt 26.35294117647059 0.3725490196078428
vt 25.725490196078432 0.3725490196078428
vt 25.725490196078432 1
vt 25.725490196078432 1
vt 25.725490196078432 0.3725490196078428
vt 25.098039215686278 0.3725490196078428
vt 25.098039215686278 1
vt 25.098039215686278 1
vt 25.098039215686278 0.3725490196078428
vt 24.47058823529412 0.3725490196078428
vt 24.47058823529412 1
vt 24.47058823529412 1
vt 24.47058823529412 0.3725490196078428
vt 23.84313725490196 0.3725490196078428
vt 23.84313725490196 1
vt 23.84313725490196 1
vt 23.84313725490196 0.3725490196078428
vt 23.215686274509807 0.3725490196078428
vt 23.215686274509807 1
vt 23.215686274509807 1
vt 23.215686274509807 0.3725490196078428
vt 22.58823529411765 0.3725490196078428
vt 22.58823529411765 1
vt 22.58823529411765 1
vt 22.58823529411765 0.3725490196078428
vt 21.96078431372549 0.3725490196078428
vt 21.96078431372549 1
vt 32 -9.666666666666668
vt 32 -10.294117647058826
vt 31.372549019607845 -10.294117647058826
vt 31.372549019607845 -9.666666666666668
vt 31.372549019607845 -9.666666666666668
vt 31.372549019607845 -10.294117647058826
vt 30.74509803921569 -10.294117647058826
vt 30.74509803921569 -9.666666666666668
vt 30.74509803921569 -9.666666666666668
vt 30.74509803921569 -10.294117647058826
vt 30.117647058823536 -10.294117647058826
vt 30.117647058823536 -9.666666666666668
vt 30.117647058823536 -9.666666666666668
vt 30.117647058823536 -10.294117647058826
vt 29.49019607843138 -10.294117647058826
vt 29.49019607843138 -9.666666666666668
vt 29.49019607843138 -9.666666666666668
vt 29.49019607843138 -10.294117647058826
vt 28.862745098039223 -10.294117647058826
vt 28.862745098039223 -9.666666666666668
vt 28.862745098039223 -9.666666666666668
vt 28.862745098039223 -10.294117647058826
vt 28.235294117647065 -10.294117647058826
vt 28.235294117647065 -9.666666666666668
vt 28.235294117647065 -9.666666666666668
vt 28.235294117647065 -10.294117647058826
vt 27.607843137254907 -10.294117647058826
vt 27.607843137254907 -9.666666666666668
vt 27.607843137254907 -9.666666666666668
vt 27.607843137254907 -10.294117647058826
vt 26.98039215686275 -10.294117647058826
vt 26.98039215686275 -9.666666666666668
vt 26.98039215686275 -9.666666666666668
vt 26.98039215686275 -10.294117647058826
vt 26.35294117647059 -10.294117647058826
vt 26.35294117647059 -9.666666666666668
vt 26.35294117647059 -9.666666666666668
vt 26.35294117647059 -10.294117647058826
vt 25.725490196078432 -10.294117647058826
vt 25.725490196078432 -9.666666666666668
vt 25.725490196078432 -9.666666666666668
vt 25.725490196078432 -10.294117647058826
vt 25.098039215686278 -10.294117647058826
vt 25.098039215686278 -9.666666666666668
vt 25.098039215686278 -9.666666666666668
vt 25.098039215686278 -10.294117647058826
vt 24.47058823529412 -10.294117647058826
vt 24.47058823529412 -9.666666666666668
vt 24.47058823529412 -9.666666666666668
vt 24.47058823529412 -10.294117647058826
vt 23.84313725490196 -10.294117647058826
vt 23.84313725490196 -9.666666666666668
vt 23.84313725490196 -9.666666666666668
vt 23.84313725490196 -10.294117647058826
vt 23.215686274509807 -10.294117647058826
vt 23.215686274509807 -9.666666666666668
vt 23.215686274509807 -9.666666666666668
vt 23.215686274509807 -10.294117647058826
vt 22.58823529411765 -10.294117647058826
vt 22.58823529411765 -9.666666666666668
vt 22.58823529411765 -9.666666666666668
vt 22.58823529411765 -10.294117647058826
vt 21.96078431372549 -10.294117647058826
vt 21.96078431372549 -9.666666666666668
vt 32 -20.333333333333336
vt 32 -20.96078431372549
vt 31.372549019607845 -20.96078431372549
vt 31.372549019607845 -20.333333333333336
vt 31.372549019607845 -20.333333333333336
vt 31.372549019607845 -20.96078431372549
vt 30.74509803921569 -20.96078431372549
vt 30.74509803921569 -20.333333333333336
vt 30.74509803921569 -20.333333333333336
vt 30.74509803921569 -20.96078431372549
vt 30.117647058823536 -20.96078431372549
vt 30.117647058823536 -20.333333333333336
vt 30.117647058823536 -20.333333333333336
vt 30.117647058823536 -20.96078431372549
vt 29.49019607843138 -20.96078431372549
vt 29.49019607843138 -20.333333333333336
vt 29.49019607843138 -20.333333333333336
vt 29.49019607843138 -20.96078431372549
vt 28.862745098039223 -20.96078431372549
vt 28.862745098039223 -20.333333333333336
vt 28.862745098039223 -20.333333333333336
vt 28.862745098039223 -20.96078431372549
vt 28.235294117647065 -20.96078431372549
vt 28.235294117647065 -20.333333333333336
vt 28.235294117647065 -20.333333333333336
vt 28.235294117647065 -20.96078431372549
vt 27.607843137254907 -20.96078431372549
vt 27.607843137254907 -20.333333333333336
vt 27.607843137254907 -20.333333333333336
vt 27.607843137254907 -20.96078431372549
vt 26.98039215686275 -20.96078431372549
vt 26.98039215686275 -20.333333333333336
vt 26.98039215686275 -20.333333333333336
vt 26.98039215686275 -20.96078431372549
vt 26.35294117647059 -20.96078431372549
vt 26.35294117647059 -20.333333333333336
vt 26.35294117647059 -20.333333333333336
vt 26.35294117647059 -20.96078431372549
vt 25.725490196078432 -20.96078431372549
vt 25.725490196078432 -20.333333333333336
vt 25.725490196078432 -20.333333333333336
vt 25.725490196078432 -20.96078431372549
vt 25.098039215686278 -20.96078431372549
vt 25.098039215686278 -20.333333333333336
vt 25.098039215686278 -20.333333333333336
vt 25.098039215686278 -20.96078431372549
vt 24.47058823529412 -20.96078431372549
vt 24.47058823529412 -20.333333333333336
vt 24.47058823529412 -20.333333333333336
vt 24.47058823529412 -20.96078431372549
vt 23.84313725490196 -20.96078431372549
vt 23.84313725490196 -20.333333333333336
vt 23.84313725490196 -20.333333333333336
vt 23.84313725490196 -20.96078431372549
vt 23.215686274509807 -20.96078431372549
vt 23.215686274509807 -20.333333333333336
vt 23.215686274509807 -20.333333333333336
vt 23.215686274509807 -20.96078431372549
vt 22.58823529411765 -20.96078431372549
vt 22.58823529411765 -20.333333333333336
vt 22.58823529411765 -20.333333333333336
vt 22.58823529411765 -20.96078431372549
vt 21.96078431372549 -20.96078431372549
vt 21.96078431372549 -20.333333333333336
vt 28.235294117647058 -9.666666666666668
vt 28.235294117647058 -9.039215686274511
vt 27.607843137254903 -9.039215686274511
vt 27.607843137254903 -9.666666666666668
vt 28.235294117647058 -9.039215686274511
vt 28.235294117647058 -8.411764705882355
vt 27.607843137254903 -8.411764705882355
vt 27.607843137254903 -9.039215686274511
vt 28.235294117647058 -8.411764705882355
vt 28.235294117647058 -7.784313725490199
vt 27.607843137254903 -7.784313725490199
vt 27.607843137254903 -8.411764705882355
vt 28.235294117647058 -7.784313725490199
vt 28.235294117647058 -7.156862745098042
vt 27.607843137254903 -7.156862745098042
vt 27.607843137254903 -7.784313725490199
vt 28.235294117647058 -7.156862745098042
vt 28.235294117647058 -6.529411764705886
vt 27.607843137254903 -6.529411764705886
vt 27.607843137254903 -7.156862745098042
vt 28.235294117647058 -6.529411764705886
vt 28.235294117647058 -5.9019607843137285
vt 27.607843137254903 -5.9019607843137285
vt 27.607843137254903 -6.529411764705886
vt 28.235294117647058 -5.9019607843137285
vt 28.235294117647058 -5.274509803921571
vt 27.607843137254903 -5.274509803921571
vt 27.607843137254903 -5.9019607843137285
vt 28.235294117647058 -5.274509803921571
vt 28.235294117647058 -4.647058823529414
vt 27.607843137254903 -4.647058823529414
vt 27.607843137254903 -5.274509803921571
vt 28.235294117647058 -4.647058823529414
vt 28.235294117647058 -4.019607843137257
vt 27.607843137254903 -4.019607843137257
vt 27.607843137254903 -4.647058823529414
vt 28.235294117647058 -4.019607843137257
vt 28.235294117647058 -3.3921568627450993
vt 27.607843137254903 -3.3921568627450993
vt 27.607843137254903 -4.019607843137257
vt 28.235294117647058 -3.3921568627450993
vt 28.235294117647058 -2.7647058823529425
vt 27.607843137254903 -2.7647058823529425
vt 27.607843137254903 -3.3921568627450993
vt 28.235294117647058 -2.7647058823529425
vt 28.235294117647058 -2.1372549019607856
vt 27.607843137254903 -2.1372549019607856
vt 27.607843137254903 -2.7647058823529425
vt 28.235294117647058 -2.1372549019607856
vt 28.235294117647058 -1.5098039215686287
vt 27.607843137254903 -1.5098039215686287
vt 27.607843137254903 -2.1372549019607856
vt 28.235294117647058 -1.5098039215686287
vt 28.235294117647058 -0.8823529411764715
vt 27.607843137254903 -0.8823529411764715
vt 27.607843137254903 -1.5098039215686287
vt 28.235294117647058 -0.8823529411764715
vt 28.235294117647058 -0.2549019607843144
vt 27.607843137254903 -0.2549019607843144
vt 27.607843137254903 -0.8823529411764715
vt 28.235294117647058 -0.2549019607843144
vt 28.235294117647058 0.3725490196078428
vt 27.607843137254903 0.3725490196078428
vt 27.607843137254903 -0.2549019607843144
vt 27.607843137254903 -9.666666666666668
vt 27.607843137254903 -9.039215686274511
vt 26.980392156862745 -9.039215686274511
vt 26.980392156862745 -9.666666666666668
vt 27.607843137254903 -9.039215686274511
vt 27.607843137254903 -8.411764705882355
vt 26.980392156862745 -8.411764705882355
vt 26.980392156862745 -9.039215686274511
vt 27.607843137254903 -8.411764705882355
vt 27.607843137254903 -7.784313725490199
vt 26.980392156862745 -7.784313725490199
vt 26.980392156862745 -8.411764705882355
vt 27.607843137254903 -7.784313725490199
vt 27.607843137254903 -7.156862745098042
vt 26.980392156862745 -7.156862745098042
vt 26.980392156862745 -7.784313725490199
vt 27.607843137254903 -7.156862745098042
vt 27.607843137254903 -6.529411764705886
vt 26.980392156862745 -6.529411764705886
vt 26.980392156862745 -7.156862745098042
vt 27.607843137254903 -6.529411764705886
vt 27.607843137254903 -5.9019607843137285
vt 26.980392156862745 -5.9019607843137285
vt 26.980392156862745 -6.529411764705886
vt 27.607843137254903 -5.9019607843137285
vt 27.607843137254903 -5.274509803921571
vt 26.980392156862745 -5.274509803921571
vt 26.980392156862745 -5.9019607843137285
vt 27.607843137254903 -5.274509803921571
vt 27.607843137254903 -4.647058823529414
vt 26.980392156862745 -4.647058823529414
vt 26.980392156862745 -5.274509803921571
vt 27.607843137254903 -4.647058823529414
vt 27.607843137254903 -4.019607843137257
vt 26.980392156862745 -4.019607843137257
vt 26.980392156862745 -4.647058823529414
vt 27.607843137254903 -4.019607843137257
vt 27.607843137254903 -3.3921568627450993
vt 26.980392156862745 -3.3921568627450993
vt 26.980392156862745 -4.019607843137257
vt 27.607843137254903 -3.3921568627450993
vt 27.607843137254903 -2.7647058823529425
vt 26.980392156862745 -2.7647058823529425
vt 26.980392156862745 -3.3921568627450993
vt 27.607843137254903 -2.7647058823529425
vt 27.607843137254903 -2.1372549019607856
vt 26.980392156862745 -2.1372549019607856
vt 26.980392156862745 -2.7647058823529425
vt 27.607843137254903 -2.1372549019607856
vt 27.607843137254903 -1.5098039215686287
vt 26.980392156862745 -1.5098039215686287
vt 26.980392156862745 -2.1372549019607856
vt 27.607843137254903 -1.5098039215686287
vt 27.607843137254903 -0.8823529411764715
vt 26.980392156862745 -0.8823529411764715
vt 26.980392156862745 -1.5098039215686287
vt 27.607843137254903 -0.8823529411764715
vt 27.607843137254903 -0.2549019607843144
vt 26.980392156862745 -0.2549019607843144
vt 26.980392156862745 -0.8823529411764715
vt 27.607843137254903 -0.2549019607843144
vt 27.607843137254903 0.3725490196078428
vt 26.980392156862745 0.3725490196078428
vt 26.980392156862745 -0.2549019607843144
vt 26.980392156862745 -9.666666666666668
vt 26.980392156862745 -9.039215686274511
vt 26.352941176470587 -9.039215686274511
vt 26.352941176470587 -9.666666666666668
vt 26.980392156862745 -9.039215686274511
vt 26.980392156862745 -8.411764705882355
vt 26.352941176470587 -8.411764705882355
vt 26.352941176470587 -9.039215686274511
vt 26.980392156862745 -8.411764705882355
vt 26.980392156862745 -7.784313725490199
vt 26.352941176470587 -7.784313725490199
vt 26.352941176470587 -8.411764705882355
vt 26.980392156862745 -7.784313725490199
vt 26.980392156862745 -7.156862745098042
vt 26.352941176470587 -7.156862745098042
vt 26.352941176470587 -7.784313725490199
vt 26.980392156862745 -7.156862745098042
vt 26.980392156862745 -6.529411764705886
vt 26.352941176470587 -6.529411764705886
vt 26.352941176470587 -7.156862745098042
vt 26.980392156862745 -6.529411764705886
vt 26.980392156862745 -5.9019607843137285
vt 26.352941176470587 -5.9019607843137285
vt 26.352941176470587 -6.529411764705886
vt 26.980392156862745 -5.9019607843137285
vt 26.980392156862745 -5.274509803921571
vt 26.352941176470587 -5.274509803921571
vt 26.352941176470587 -5.9019607843137285
vt 26.980392156862745 -5.274509803921571
vt 26.980392156862745 -4.647058823529414
vt 26.352941176470587 -4.647058823529414
vt 26.352941176470587 -5.274509803921571
vt 26.980392156862745 -4.647058823529414
vt 26.980392156862745 -4.019607843137257
vt 26.352941176470587 -4.019607843137257
vt 26.352941176470587 -4.647058823529414
vt 26.980392156862745 -4.019607843137257
vt 26.980392156862745 -3.3921568627450993
vt 26.352941176470587 -3.3921568627450993
vt 26.352941176470587 -4.019607843137257
vt 26.980392156862745 -3.3921568627450993
vt 26.980392156862745 -2.7647058823529425
vt 26.352941176470587 -2.7647058823529425
vt 26.352941176470587 -3.3921568627450993
vt 26.980392156862745 -2.7647058823529425
vt 26.980392156862745 -2.1372549019607856
vt 26.352941176470587 -2.1372549019607856
vt 26.352941176470587 -2.7647058823529425
vt 26.980392156862745 -2.1372549019607856
vt 26.980392156862745 -1.5098039215686287
vt 26.352941176470587 -1.5098039215686287
vt 26.352941176470587 -2.1372549019607856
vt 26.980392156862745 -1.5098039215686287
vt 26.980392156862745 -0.8823529411764715
vt 26.352941176470587 -0.8823529411764715
vt 26.352941176470587 -1.5098039215686287
vt 26.980392156862745 -0.8823529411764715
vt 26.980392156862745 -0.2549019607843144
vt 26.352941176470587 -0.2549019607843144
vt 26.352941176470587 -0.8823529411764715
vt 26.980392156862745 -0.2549019607843144
vt 26.980392156862745 0.3725490196078428
vt 26.352941176470587 0.3725490196078428
vt 26.352941176470587 -0.2549019607843144
vt 26.352941176470587 -9.666666666666668
vt 26.352941176470587 -9.039215686274511
vt 25.72549019607843 -9.039215686274511
vt 25.72549019607843 -9.666666666666668
vt 26.352941176470587 -9.039215686274511
vt 26.352941176470587 -8.411764705882355
vt 25.72549019607843 -8.411764705882355
vt 25.72549019607843 -9.039215686274511
vt 26.352941176470587 -8.411764705882355
vt 26.352941176470587 -7.784313725490199
vt 25.72549019607843 -7.784313725490199
vt 25.72549019607843 -8.411764705882355
vt 26.352941176470587 -7.784313725490199
vt 26.352941176470587 -7.156862745098042
vt 25.72549019607843 -7.156862745098042
vt 25.72549019607843 -7.784313725490199
vt 26.352941176470587 -7.156862745098042
vt 26.352941176470587 -6.529411764705886
vt 25.72549019607843 -6.529411764705886
vt 25.72549019607843 -7.156862745098042
vt 26.352941176470587 -6.529411764705886
vt 26.352941176470587 -5.9019607843137285
vt 25.72549019607843 -5.9019607843137285
vt 25.72549019607843 -6.529411764705886
vt 26.352941176470587 -5.9019607843137285
vt 26.352941176470587 -5.274509803921571
vt 25.72549019607843 -5.274509803921571
vt 25.72549019607843 -5.9019607843137285
vt 26.352941176470587 -5.274509803921571
vt 26.352941176470587 -4.647058823529414
vt 25.72549019607843 -4.647058823529414
vt 25.72549019607843 -5.274509803921571
vt 26.352941176470587 -4.647058823529414
vt 26.352941176470587 -4.019607843137257
vt 25.72549019607843 -4.019607843137257
vt 25.72549019607843 -4.647058823529414
vt 26.352941176470587 -4.019607843137257
vt 26.352941176470587 -3.3921568627450993
vt 25.72549019607843 -3.3921568627450993
vt 25.72549019607843 -4.019607843137257
vt 26.352941176470587 -3.3921568627450993
vt 26.352941176470587 -2.7647058823529425
vt 25.72549019607843 -2.7647058823529425
vt 25.72549019607843 -3.3921568627450993
vt 26.352941176470587 -2.7647058823529425
vt 26.352941176470587 -2.1372549019607856
vt 25.72549019607843 -2.1372549019607856
vt 25.72549019607843 -2.7647058823529425
vt 26.352941176470587 -2.1372549019607856
vt 26.352941176470587 -1.5098039215686287
vt 25.72549019607843 -1.5098039215686287
vt 25.72549019607843 -2.1372549019607856
vt 26.352941176470587 -1.5098039215686287
vt 26.352941176470587 -0.8823529411764715
vt 25.72549019607843 -0.8823529411764715
vt 25.72549019607843 -1.5098039215686287
vt 26.352941176470587 -0.8823529411764715
vt 26.352941176470587 -0.2549019607843144
vt 25.72549019607843 -0.2549019607843144
vt 25.72549019607843 -0.8823529411764715
vt 26.352941176470587 -0.2549019607843144
vt 26.352941176470587 0.3725490196078428
vt 25.72549019607843 0.3725490196078428
vt 25.72549019607843 -0.2549019607843144
vt 25.72549019607843 -9.666666666666668
vt 25.72549019607843 -9.039215686274511
vt 25.09803921568627 -9.039215686274511
vt 25.09803921568627 -9.666666666666668
vt 25.72549019607843 -9.039215686274511
vt 25.72549019607843 -8.411764705882355
vt 25.09803921568627 -8.411764705882355
vt 25.09803921568627 -9.039215686274511
vt 25.72549019607843 -8.411764705882355
vt 25.72549019607843 -7.784313725490199
vt 25.09803921568627 -7.784313725490199
vt 25.09803921568627 -8.411764705882355
vt 25.72549019607843 -7.784313725490199
vt 25.72549019607843 -7.156862745098042
vt 25.09803921568627 -7.156862745098042
vt 25.09803921568627 -7.784313725490199
vt 25.72549019607843 -7.156862745098042
vt 25.72549019607843 -6.529411764705886
vt 25.09803921568627 -6.529411764705886
vt 25.09803921568627 -7.156862745098042
vt 25.72549019607843 -6.529411764705886
vt 25.72549019607843 -5.9019607843137285
vt 25.09803921568627 -5.9019607843137285
vt 25.09803921568627 -6.529411764705886
vt 25.72549019607843 -5.9019607843137285
vt 25.72549019607843 -5.274509803921571
vt 25.09803921568627 -5.274509803921571
vt 25.09803921568627 -5.9019607843137285
vt 25.72549019607843 -5.274509803921571
vt 25.72549019607843 -4.647058823529414
vt 25.09803921568627 -4.647058823529414
vt 25.09803921568627 -5.274509803921571
vt 25.72549019607843 -4.647058823529414
vt 25.72549019607843 -4.019607843137257
vt 25.09803921568627 -4.019607843137257
vt 25.09803921568627 -4.647058823529414
vt 25.72549019607843 -4.019607843137257
vt 25.72549019607843 -3.3921568627450993
vt 25.09803921568627 -3.3921568627450993
vt 25.09803921568627 -4.019607843137257
vt 25.72549019607843 -3.3921568627450993
vt 25.72549019607843 -2.7647058823529425
vt 25.09803921568627 -2.7647058823529425
vt 25.09803921568627 -3.3921568627450993
vt 25.72549019607843 -2.7647058823529425
vt 25.72549019607843 -2.1372549019607856
vt 25.09803921568627 -2.1372549019607856
vt 25.09803921568627 -2.7647058823529425
vt 25.72549019607843 -2.1372549019607856
vt 25.72549019607843 -1.5098039215686287
vt 25.09803921568627 -1.5098039215686287
vt 25.09803921568627 -2.1372549019607856
vt 25.72549019607843 -1.5098039215686287
vt 25.72549019607843 -0.8823529411764715
vt 25.09803921568627 -0.8823529411764715
vt 25.09803921568627 -1.5098039215686287
vt 25.72549019607843 -0.8823529411764715
vt 25.72549019607843 -0.2549019607843144
vt 25.09803921568627 -0.2549019607843144
vt 25.09803921568627 -0.8823529411764715
vt 25.72549019607843 -0.2549019607843144
vt 25.72549019607843 0.3725490196078428
vt 25.09803921568627 0.3725490196078428
vt 25.09803921568627 -0.2549019607843144
vt 25.09803921568627 -9.666666666666668
vt 25.09803921568627 -9.039215686274511
vt 24.470588235294112 -9.039215686274511
vt 24.470588235294112 -9.666666666666668
vt 25.09803921568627 -9.039215686274511
vt 25.09803921568627 -8.411764705882355
vt 24.470588235294112 -8.411764705882355
vt 24.470588235294112 -9.039215686274511
vt 25.09803921568627 -8.411764705882355
vt 25.09803921568627 -7.784313725490199
vt 24.470588235294112 -7.784313725490199
vt 24.470588235294112 -8.411764705882355
vt 25.09803921568627 -7.784313725490199
vt 25.09803921568627 -7.156862745098042
vt 24.470588235294112 -7.156862745098042
vt 24.470588235294112 -7.784313725490199
vt 25.09803921568627 -7.156862745098042
vt 25.09803921568627 -6.529411764705886
vt 24.470588235294112 -6.529411764705886
vt 24.470588235294112 -7.156862745098042
vt 25.09803921568627 -6.529411764705886
vt 25.09803921568627 -5.9019607843137285
vt 24.470588235294112 -5.9019607843137285
vt 24.470588235294112 -6.529411764705886
vt 25.09803921568627 -5.9019607843137285
vt 25.09803921568627 -5.274509803921571
vt 24.470588235294112 -5.274509803921571
vt 24.470588235294112 -5.9019607843137285
vt 25.09803921568627 -5.274509803921571
vt 25.09803921568627 -4.647058823529414
vt 24.470588235294112 -4.647058823529414
vt 24.470588235294112 -5.274509803921571
vt 25.09803921568627 -4.647058823529414
vt 25.09803921568627 -4.019607843137257
vt 24.470588235294112 -4.019607843137257
vt 24.470588235294112 -4.647058823529414
vt 25.09803921568627 -4.019607843137257
vt 25.09803921568627 -3.3921568627450993
vt 24.470588235294112 -3.3921568627450993
vt 24.470588235294112 -4.019607843137257
vt 25.09803921568627 -3.3921568627450993
vt 25.09803921568627 -2.7647058823529425
vt 24.470588235294112 -2.7647058823529425
vt 24.470588235294112 -3.3921568627450993
vt 25.09803921568627 -2.7647058823529425
vt 25.09803921568627 -2.1372549019607856
vt 24.470588235294112 -2.1372549019607856
vt 24.470588235294112 -2.7647058823529425
vt 25.09803921568627 -2.1372549019607856
vt 25.09803921568627 -1.5098039215686287
vt 24.470588235294112 -1.5098039215686287
vt 24.470588235294112 -2.1372549019607856
vt 25.09803921568627 -1.5098039215686287
vt 25.09803921568627 -0.8823529411764715
vt 24.470588235294112 -0.8823529411764715
vt 24.470588235294112 -1.5098039215686287
vt 25.09803921568627 -0.8823529411764715
vt 25.09803921568627 -0.2549019607843144
vt 24.470588235294112 -0.2549019607843144
vt 24.470588235294112 -0.8823529411764715
vt 25.09803921568627 -0.2549019607843144
vt 25.09803921568627 0.3725490196078428
vt 24.470588235294112 0.3725490196078428
vt 24.470588235294112 -0.2549019607843144
vt 24.470588235294112 -9.666666666666668
vt 24.470588235294112 -9.039215686274511
vt 23.843137254901954 -9.039215686274511
vt 23.843137254901954 -9.666666666666668
vt 24.470588235294112 -9.039215686274511
vt 24.470588235294112 -8.411764705882355
vt 23.843137254901954 -8.411764705882355
vt 23.843137254901954 -9.039215686274511
vt 24.470588235294112 -8.411764705882355
vt 24.470588235294112 -7.784313725490199
vt 23.843137254901954 -7.784313725490199
vt 23.843137254901954 -8.411764705882355
vt 24.470588235294112 -7.784313725490199
vt 24.470588235294112 -7.156862745098042
vt 23.843137254901954 -7.156862745098042
vt 23.843137254901954 -7.784313725490199
vt 24.470588235294112 -7.156862745098042
vt 24.470588235294112 -6.529411764705886
vt 23.843137254901954 -6.529411764705886
vt 23.843137254901954 -7.156862745098042
vt 24.470588235294112 -6.529411764705886
vt 24.470588235294112 -5.9019607843137285
vt 23.843137254901954 -5.9019607843137285
vt 23.843137254901954 -6.529411764705886
vt 24.470588235294112 -5.9019607843137285
vt 24.470588235294112 -5.274509803921571
vt 23.843137254901954 -5.274509803921571
vt 23.843137254901954 -5.9019607843137285
vt 24.470588235294112 -5.274509803921571
vt 24.470588235294112 -4.647058823529414
vt 23.843137254901954 -4.647058823529414
vt 23.843137254901954 -5.274509803921571
vt 24.470588235294112 -4.647058823529414
vt 24.470588235294112 -4.019607843137257
vt 23.843137254901954 -4.019607843137257
vt 23.843137254901954 -4.647058823529414
vt 24.470588235294112 -4.019607843137257
vt 24.470588235294112 -3.3921568627450993
vt 23.843137254901954 -3.3921568627450993
vt 23.843137254901954 -4.019607843137257
vt 24.470588235294112 -3.3921568627450993
vt 24.470588235294112 -2.7647058823529425
vt 23.843137254901954 -2.7647058823529425
vt 23.843137254901954 -3.3921568627450993
vt 24.470588235294112 -2.7647058823529425
vt 24.470588235294112 -2.1372549019607856
vt 23.843137254901954 -2.1372549019607856
vt 23.843137254901954 -2.7647058823529425
vt 24.470588235294112 -2.1372549019607856
vt 24.470588235294112 -1.5098039215686287
vt 23.843137254901954 -1.5098039215686287
vt 23.843137254901954 -2.1372549019607856
vt 24.470588235294112 -1.5098039215686287
vt 24.470588235294112 -0.8823529411764715
vt 23.843137254901954 -0.8823529411764715
vt 23.843137254901954 -1.5098039215686287
vt 24.470588235294112 -0.8823529411764715
vt 24.470588235294112 -0.2549019607843144
vt 23.843137254901954 -0.2549019607843144
vt 23.843137254901954 -0.8823529411764715
vt 24.470588235294112 -0.2549019607843144
vt 24.470588235294112 0.3725490196078428
vt 23.843137254901954 0.3725490196078428
vt 23.843137254901954 -0.2549019607843144
vt 23.843137254901954 -9.666666666666668
vt 23.843137254901954 -9.039215686274511
vt 23.2156862745098 -9.039215686274511
vt 23.2156862745098 -9.666666666666668
vt 23.843137254901954 -9.039215686274511
vt 23.843137254901954 -8.411764705882355
vt 23.2156862745098 -8.411764705882355
vt 23.2156862745098 -9.039215686274511
vt 23.843137254901954 -8.411764705882355
vt 23.843137254901954 -7.784313725490199
vt 23.2156862745098 -7.784313725490199
vt 23.2156862745098 -8.411764705882355
vt 23.843137254901954 -7.784313725490199
vt 23.843137254901954 -7.156862745098042
vt 23.2156862745098 -7.156862745098042
vt 23.2156862745098 -7.784313725490199
vt 23.843137254901954 -7.156862745098042
vt 23.843137254901954 -6.529411764705886
vt 23.2156862745098 -6.529411764705886
vt 23.2156862745098 -7.156862745098042
vt 23.843137254901954 -6.529411764705886
vt 23.843137254901954 -5.9019607843137285
vt 23.2156862745098 -5.9019607843137285
vt 23.2156862745098 -6.529411764705886
vt 23.843137254901954 -5.9019607843137285
vt 23.843137254901954 -5.274509803921571
vt 23.2156862745098 -5.274509803921571
vt 23.2156862745098 -5.9019607843137285
vt 23.843137254901954 -5.274509803921571
vt 23.843137254901954 -4.647058823529414
vt 23.2156862745098 -4.647058823529414
vt 23.2156862745098 -5.274509803921571
vt 23.843137254901954 -4.647058823529414
vt 23.843137254901954 -4.019607843137257
vt 23.2156862745098 -4.019607843137257
vt 23.2156862745098 -4.647058823529414
vt 23.843137254901954 -4.019607843137257
vt 23.843137254901954 -3.3921568627450993
vt 23.2156862745098 -3.3921568627450993
vt 23.2156862745098 -4.019607843137257
vt 23.843137254901954 -3.3921568627450993
vt 23.843137254901954 -2.7647058823529425
vt 23.2156862745098 -2.7647058823529425
vt 23.2156862745098 -3.3921568627450993
vt 23.843137254901954 -2.7647058823529425
vt 23.843137254901954 -2.1372549019607856
vt 23.2156862745098 -2.1372549019607856
vt 23.2156862745098 -2.7647058823529425
vt 23.843137254901954 -2.1372549019607856
vt 23.843137254901954 -1.5098039215686287
vt 23.2156862745098 -1.5098039215686287
vt 23.2156862745098 -2.1372549019607856
vt 23.843137254901954 -1.5098039215686287
vt 23.843137254901954 -0.8823529411764715
vt 23.2156862745098 -0.8823529411764715
vt 23.2156862745098 -1.5098039215686287
vt 23.843137254901954 -0.8823529411764715
vt 23.843137254901954 -0.2549019607843144
vt 23.2156862745098 -0.2549019607843144
vt 23.2156862745098 -0.8823529411764715
vt 23.843137254901954 -0.2549019607843144
vt 23.843137254901954 0.3725490196078428
vt 23.2156862745098 0.3725490196078428
vt 23.2156862745098 -0.2549019607843144
vt 23.2156862745098 -9.666666666666668
vt 23.2156862745098 -9.039215686274511
vt 22.588235294117645 -9.039215686274511
vt 22.588235294117645 -9.666666666666668
vt 23.2156862745098 -9.039215686274511
vt 23.2156862745098 -8.411764705882355
vt 22.588235294117645 -8.411764705882355
vt 22.588235294117645 -9.039215686274511
vt 23.2156862745098 -8.411764705882355
vt 23.2156862745098 -7.784313725490199
vt 22.588235294117645 -7.784313725490199
vt 22.588235294117645 -8.411764705882355
vt 23.2156862745098 -7.784313725490199
vt 23.2156862745098 -7.156862745098042
vt 22.588235294117645 -7.156862745098042
vt 22.588235294117645 -7.784313725490199
vt 23.2156862745098 -7.156862745098042
vt 23.2156862745098 -6.529411764705886
vt 22.588235294117645 -6.529411764705886
vt 22.588235294117645 -7.156862745098042
vt 23.2156862745098 -6.529411764705886
vt 23.2156862745098 -5.9019607843137285
vt 22.588235294117645 -5.9019607843137285
vt 22.588235294117645 -6.529411764705886
vt 23.2156862745098 -5.9019607843137285
vt 23.2156862745098 -5.274509803921571
vt 22.588235294117645 -5.274509803921571
vt 22.588235294117645 -5.9019607843137285
vt 23.2156862745098 -5.274509803921571
vt 23.2156862745098 -4.647058823529414
vt 22.588235294117645 -4.647058823529414
vt 22.588235294117645 -5.274509803921571
vt 23.2156862745098 -4.647058823529414
vt 23.2156862745098 -4.019607843137257
vt 22.588235294117645 -4.019607843137257
vt 22.588235294117645 -4.647058823529414
vt 23.2156862745098 -4.019607843137257
vt 23.2156862745098 -3.3921568627450993
vt 22.588235294117645 -3.3921568627450993
vt 22.588235294117645 -4.019607843137257
vt 23.2156862745098 -3.3921568627450993
vt 23.2156862745098 -2.7647058823529425
vt 22.588235294117645 -2.7647058823529425
vt 22.588235294117645 -3.3921568627450993
vt 23.2156862745098 -2.7647058823529425
vt 23.2156862745098 -2.1372549019607856
vt 22.588235294117645 -2.1372549019607856
vt 22.588235294117645 -2.7647058823529425
vt 23.2156862745098 -2.1372549019607856
vt 23.2156862745098 -1.5098039215686287
vt 22.588235294117645 -1.5098039215686287
vt 22.588235294117645 -2.1372549019607856
vt 23.2156862745098 -1.5098039215686287
vt 23.2156862745098 -0.8823529411764715
vt 22.588235294117645 -0.8823529411764715
vt 22.588235294117645 -1.5098039215686287
vt 23.2156862745098 -0.8823529411764715
vt 23.2156862745098 -0.2549019607843144
vt 22.588235294117645 -0.2549019607843144
vt 22.588235294117645 -0.8823529411764715
vt 23.2156862745098 -0.2549019607843144
vt 23.2156862745098 0.3725490196078428
vt 22.588235294117645 0.3725490196078428
vt 22.588235294117645 -0.2549019607843144
vt 22.588235294117645 -9.666666666666668
vt 22.588235294117645 -9.039215686274511
vt 21.96078431372549 -9.039215686274511
vt 21.96078431372549 -9.666666666666668
vt 22.588235294117645 -9.039215686274511
vt 22.588235294117645 -8.411764705882355
vt 21.96078431372549 -8.411764705882355
vt 21.96078431372549 -9.039215686274511
vt 22.588235294117645 -8.411764705882355
vt 22.588235294117645 -7.784313725490199
vt 21.96078431372549 -7.784313725490199
vt 21.96078431372549 -8.411764705882355
vt 22.588235294117645 -7.784313725490199
vt 22.588235294117645 -7.156862745098042
vt 21.96078431372549 -7.156862745098042
vt 21.96078431372549 -7.784313725490199
vt 22.588235294117645 -7.156862745098042
vt 22.588235294117645 -6.529411764705886
vt 21.96078431372549 -6.529411764705886
vt 21.96078431372549 -7.156862745098042
vt 22.588235294117645 -6.529411764705886
vt 22.588235294117645 -5.9019607843137285
vt 21.96078431372549 -5.9019607843137285
vt 21.96078431372549 -6.529411764705886
vt 22.588235294117645 -5.9019607843137285
vt 22.588235294117645 -5.274509803921571
vt 21.96078431372549 -5.274509803921571
vt 21.96078431372549 -5.9019607843137285
vt 22.588235294117645 -5.274509803921571
vt 22.588235294117645 -4.647058823529414
vt 21.96078431372549 -4.647058823529414
vt 21.96078431372549 -5.274509803921571
vt 22.588235294117645 -4.647058823529414
vt 22.588235294117645 -4.019607843137257
vt 21.96078431372549 -4.019607843137257
vt 21.96078431372549 -4.647058823529414
vt 22.588235294117645 -4.019607843137257
vt 22.588235294117645 -3.3921568627450993
vt 21.96078431372549 -3.3921568627450993
vt 21.96078431372549 -4.019607843137257
vt 22.588235294117645 -3.3921568627450993
vt 22.588235294117645 -2.7647058823529425
vt 21.96078431372549 -2.7647058823529425
vt 21.96078431372549 -3.3921568627450993
vt 22.588235294117645 -2.7647058823529425
vt 22.588235294117645 -2.1372549019607856
vt 21.96078431372549 -2.1372549019607856
vt 21.96078431372549 -2.7647058823529425
vt 22.588235294117645 -2.1372549019607856
vt 22.588235294117645 -1.5098039215686287
vt 21.96078431372549 -1.5098039215686287
vt 21.96078431372549 -2.1372549019607856
vt 22.588235294117645 -1.5098039215686287
vt 22.588235294117645 -0.8823529411764715
vt 21.96078431372549 -0.8823529411764715
vt 21.96078431372549 -1.5098039215686287
vt 22.588235294117645 -0.8823529411764715
vt 22.588235294117645 -0.2549019607843144
vt 21.96078431372549 -0.2549019607843144
vt 21.96078431372549 -0.8823529411764715
vt 22.588235294117645 -0.2549019607843144
vt 22.588235294117645 0.3725490196078428
vt 21.96078431372549 0.3725490196078428
vt 21.96078431372549 -0.2549019607843144
vt 21.96078431372549 -9.666666666666668
vt 21.96078431372549 -9.039215686274511
vt 21.333333333333336 -9.039215686274511
vt 21.333333333333336 -9.666666666666668
vt 21.96078431372549 -9.039215686274511
vt 21.96078431372549 -8.411764705882355
vt 21.333333333333336 -8.411764705882355
vt 21.333333333333336 -9.039215686274511
vt 21.96078431372549 -8.411764705882355
vt 21.96078431372549 -7.784313725490199
vt 21.333333333333336 -7.784313725490199
vt 21.333333333333336 -8.411764705882355
vt 21.96078431372549 -7.784313725490199
vt 21.96078431372549 -7.156862745098042
vt 21.333333333333336 -7.156862745098042
vt 21.333333333333336 -7.784313725490199
vt 21.96078431372549 -7.156862745098042
vt 21.96078431372549 -6.529411764705886
vt 21.333333333333336 -6.529411764705886
vt 21.333333333333336 -7.156862745098042
vt 21.96078431372549 -6.529411764705886
vt 21.96078431372549 -5.9019607843137285
vt 21.333333333333336 -5.9019607843137285
vt 21.333333333333336 -6.529411764705886
vt 21.96078431372549 -5.9019607843137285
vt 21.96078431372549 -5.274509803921571
vt 21.333333333333336 -5.274509803921571
vt 21.333333333333336 -5.9019607843137285
vt 21.96078431372549 -5.274509803921571
vt 21.96078431372549 -4.647058823529414
vt 21.333333333333336 -4.647058823529414
vt 21.333333333333336 -5.274509803921571
vt 21.96078431372549 -4.647058823529414
vt 21.96078431372549 -4.019607843137257
vt 21.333333333333336 -4.019607843137257
vt 21.333333333333336 -4.647058823529414
vt 21.96078431372549 -4.019607843137257
vt 21.96078431372549 -3.3921568627450993
vt 21.333333333333336 -3.3921568627450993
vt 21.333333333333336 -4.019607843137257
vt 21.96078431372549 -3.3921568627450993
vt 21.96078431372549 -2.7647058823529425
vt 21.333333333333336 -2.7647058823529425
vt 21.333333333333336 -3.3921568627450993
vt 21.96078431372549 -2.7647058823529425
vt 21.96078431372549 -2.1372549019607856
vt 21.333333333333336 -2.1372549019607856
vt 21.333333333333336 -2.7647058823529425
vt 21.96078431372549 -2.1372549019607856
vt 21.96078431372549 -1.5098039215686287
vt 21.333333333333336 -1.5098039215686287
vt 21.333333333333336 -2.1372549019607856
vt 21.96078431372549 -1.5098039215686287
vt 21.96078431372549 -0.8823529411764715
vt 21.333333333333336 -0.8823529411764715
vt 21.333333333333336 -1.5098039215686287
vt 21.96078431372549 -0.8823529411764715
vt 21.96078431372549 -0.2549019607843144
vt 21.333333333333336 -0.2549019607843144
vt 21.333333333333336 -0.8823529411764715
vt 21.96078431372549 -0.2549019607843144
vt 21.96078431372549 0.3725490196078428
vt 21.333333333333336 0.3725490196078428
vt 21.333333333333336 -0.2549019607843144
vt 10.666666666666668 -9.666666666666668
vt 11.294117647058826 -9.666666666666668
vt 11.294117647058826 -9.039215686274511
vt 10.666666666666668 -9.039215686274511
vt 10.666666666666668 -9.039215686274511
vt 11.294117647058826 -9.039215686274511
vt 11.294117647058826 -8.411764705882355
vt 10.666666666666668 -8.411764705882355
vt 10.666666666666668 -8.411764705882355
vt 11.294117647058826 -8.411764705882355
vt 11.294117647058826 -7.784313725490199
vt 10.666666666666668 -7.784313725490199
vt 10.666666666666668 -7.784313725490199
vt 11.294117647058826 -7.784313725490199
vt 11.294117647058826 -7.156862745098042
vt 10.666666666666668 -7.156862745098042
vt 10.666666666666668 -7.156862745098042
vt 11.294117647058826 -7.156862745098042
vt 11.294117647058826 -6.529411764705886
vt 10.666666666666668 -6.529411764705886
vt 10.666666666666668 -6.529411764705886
vt 11.294117647058826 -6.529411764705886
vt 11.294117647058826 -5.9019607843137285
vt 10.666666666666668 -5.9019607843137285
vt 10.666666666666668 -5.9019607843137285
vt 11.294117647058826 -5.9019607843137285
vt 11.294117647058826 -5.274509803921571
vt 10.666666666666668 -5.274509803921571
vt 10.666666666666668 -5.274509803921571
vt 11.294117647058826 -5.274509803921571
vt 11.294117647058826 -4.647058823529414
vt 10.666666666666668 -4.647058823529414
vt 10.666666666666668 -4.647058823529414
vt 11.294117647058826 -4.647058823529414
vt 11.294117647058826 -4.019607843137257
vt 10.666666666666668 -4.019607843137257
vt 10.666666666666668 -4.019607843137257
vt 11.294117647058826 -4.019607843137257
vt 11.294117647058826 -3.3921568627450993
vt 10.666666666666668 -3.3921568627450993
vt 10.666666666666668 -3.3921568627450993
vt 11.294117647058826 -3.3921568627450993
vt 11.294117647058826 -2.7647058823529425
vt 10.666666666666668 -2.7647058823529425
vt 10.666666666666668 -2.7647058823529425
vt 11.294117647058826 -2.7647058823529425
vt 11.294117647058826 -2.1372549019607856
vt 10.666666666666668 -2.1372549019607856
vt 10.666666666666668 -2.1372549019607856
vt 11.294117647058826 -2.1372549019607856
vt 11.294117647058826 -1.5098039215686287
vt 10.666666666666668 -1.5098039215686287
vt 10.666666666666668 -1.5098039215686287
vt 11.294117647058826 -1.5098039215686287
vt 11.294117647058826 -0.8823529411764715
vt 10.666666666666668 -0.8823529411764715
vt 10.666666666666668 -0.8823529411764715
vt 11.294117647058826 -0.8823529411764715
vt 11.294117647058826 -0.2549019607843144
vt 10.666666666666668 -0.2549019607843144
vt 10.666666666666668 -0.2549019607843144
vt 11.294117647058826 -0.2549019607843144
vt 11.294117647058826 0.3725490196078428
vt 10.666666666666668 0.3725490196078428
vt 21.333333333333336 -9.666666666666668
vt 21.333333333333336 -9.039215686274511
vt 21.96078431372549 -9.039215686274511
vt 21.96078431372549 -9.666666666666668
vt 21.333333333333336 -9.039215686274511
vt 21.333333333333336 -8.411764705882355
vt 21.96078431372549 -8.411764705882355
vt 21.96078431372549 -9.039215686274511
vt 21.333333333333336 -8.411764705882355
vt 21.333333333333336 -7.784313725490199
vt 21.96078431372549 -7.784313725490199
vt 21.96078431372549 -8.411764705882355
vt 21.333333333333336 -7.784313725490199
vt 21.333333333333336 -7.156862745098042
vt 21.96078431372549 -7.156862745098042
vt 21.96078431372549 -7.784313725490199
vt 21.333333333333336 -7.156862745098042
vt 21.333333333333336 -6.529411764705886
vt 21.96078431372549 -6.529411764705886
vt 21.96078431372549 -7.156862745098042
vt 21.333333333333336 -6.529411764705886
vt 21.333333333333336 -5.9019607843137285
vt 21.96078431372549 -5.9019607843137285
vt 21.96078431372549 -6.529411764705886
vt 21.333333333333336 -5.9019607843137285
vt 21.333333333333336 -5.274509803921571
vt 21.96078431372549 -5.274509803921571
vt 21.96078431372549 -5.9019607843137285
vt 21.333333333333336 -5.274509803921571
vt 21.333333333333336 -4.647058823529414
vt 21.96078431372549 -4.647058823529414
vt 21.96078431372549 -5.274509803921571
vt 21.333333333333336 -4.647058823529414
vt 21.333333333333336 -4.019607843137257
vt 21.96078431372549 -4.019607843137257
vt 21.96078431372549 -4.647058823529414
vt 21.333333333333336 -4.019607843137257
vt 21.333333333333336 -3.3921568627450993
vt 21.96078431372549 -3.3921568627450993
vt 21.96078431372549 -4.019607843137257
vt 21.333333333333336 -3.3921568627450993
vt 21.333333333333336 -2.7647058823529425
vt 21.96078431372549 -2.7647058823529425
vt 21.96078431372549 -3.3921568627450993
vt 21.333333333333336 -2.7647058823529425
vt 21.333333333333336 -2.1372549019607856
vt 21.96078431372549 -2.1372549019607856
vt 21.96078431372549 -2.7647058823529425
vt 21.333333333333336 -2.1372549019607856
vt 21.333333333333336 -1.5098039215686287
vt 21.96078431372549 -1.5098039215686287
vt 21.96078431372549 -2.1372549019607856
vt 21.333333333333336 -1.5098039215686287
vt 21.333333333333336 -0.8823529411764715
vt 21.96078431372549 -0.8823529411764715
vt 21.96078431372549 -1.5098039215686287
vt 21.333333333333336 -0.8823529411764715
vt 21.333333333333336 -0.2549019607843144
vt 21.96078431372549 -0.2549019607843144
vt 21.96078431372549 -0.8823529411764715
vt 21.333333333333336 -0.2549019607843144
vt 21.333333333333336 0.3725490196078428
vt 21.96078431372549 0.3725490196078428
vt 21.96078431372549 -0.2549019607843144
vt 21.96078431372549 -9.666666666666668
vt 21.96078431372549 -9.039215686274511
vt 22.58823529411765 -9.039215686274511
vt 22.58823529411765 -9.666666666666668
vt 21.96078431372549 -9.039215686274511
vt 21.96078431372549 -8.411764705882355
vt 22.58823529411765 -8.411764705882355
vt 22.58823529411765 -9.039215686274511
vt 21.96078431372549 -8.411764705882355
vt 21.96078431372549 -7.784313725490199
vt 22.58823529411765 -7.784313725490199
vt 22.58823529411765 -8.411764705882355
vt 21.96078431372549 -7.784313725490199
vt 21.96078431372549 -7.156862745098042
vt 22.58823529411765 -7.156862745098042
vt 22.58823529411765 -7.784313725490199
vt 21.96078431372549 -7.156862745098042
vt 21.96078431372549 -6.529411764705886
vt 22.58823529411765 -6.529411764705886
vt 22.58823529411765 -7.156862745098042
vt 21.96078431372549 -6.529411764705886
vt 21.96078431372549 -5.9019607843137285
vt 22.58823529411765 -5.9019607843137285
vt 22.58823529411765 -6.529411764705886
vt 21.96078431372549 -5.9019607843137285
vt 21.96078431372549 -5.274509803921571
vt 22.58823529411765 -5.274509803921571
vt 22.58823529411765 -5.9019607843137285
vt 21.96078431372549 -5.274509803921571
vt 21.96078431372549 -4.647058823529414
vt 22.58823529411765 -4.647058823529414
vt 22.58823529411765 -5.274509803921571
vt 21.96078431372549 -4.647058823529414
vt 21.96078431372549 -4.019607843137257
vt 22.58823529411765 -4.019607843137257
vt 22.58823529411765 -4.647058823529414
vt 21.96078431372549 -4.019607843137257
vt 21.96078431372549 -3.3921568627450993
vt 22.58823529411765 -3.3921568627450993
vt 22.58823529411765 -4.019607843137257
vt 21.96078431372549 -3.3921568627450993
vt 21.96078431372549 -2.7647058823529425
vt 22.58823529411765 -2.7647058823529425
vt 22.58823529411765 -3.3921568627450993
vt 21.96078431372549 -2.7647058823529425
vt 21.96078431372549 -2.1372549019607856
vt 22.58823529411765 -2.1372549019607856
vt 22.58823529411765 -2.7647058823529425
vt 21.96078431372549 -2.1372549019607856
vt 21.96078431372549 -1.5098039215686287
vt 22.58823529411765 -1.5098039215686287
vt 22.58823529411765 -2.1372549019607856
vt 21.96078431372549 -1.5098039215686287
vt 21.96078431372549 -0.8823529411764715
vt 22.58823529411765 -0.8823529411764715
vt 22.58823529411765 -1.5098039215686287
vt 21.96078431372549 -0.8823529411764715
vt 21.96078431372549 -0.2549019607843144
vt 22.58823529411765 -0.2549019607843144
vt 22.58823529411765 -0.8823529411764715
vt 21.96078431372549 -0.2549019607843144
vt 21.96078431372549 0.3725490196078428
vt 22.58823529411765 0.3725490196078428
vt 22.58823529411765 -0.2549019607843144
vt 22.58823529411765 -9.666666666666668
vt 22.58823529411765 -9.039215686274511
vt 23.215686274509807 -9.039215686274511
vt 23.215686274509807 -9.666666666666668
vt 22.58823529411765 -9.039215686274511
vt 22.58823529411765 -8.411764705882355
vt 23.215686274509807 -8.411764705882355
vt 23.215686274509807 -9.039215686274511
vt 22.58823529411765 -8.411764705882355
vt 22.58823529411765 -7.784313725490199
vt 23.215686274509807 -7.784313725490199
vt 23.215686274509807 -8.411764705882355
vt 22.58823529411765 -7.784313725490199
vt 22.58823529411765 -7.156862745098042
vt 23.215686274509807 -7.156862745098042
vt 23.215686274509807 -7.784313725490199
vt 22.58823529411765 -7.156862745098042
vt 22.58823529411765 -6.529411764705886
vt 23.215686274509807 -6.529411764705886
vt 23.215686274509807 -7.156862745098042
vt 22.58823529411765 -6.529411764705886
vt 22.58823529411765 -5.9019607843137285
vt 23.215686274509807 -5.9019607843137285
vt 23.215686274509807 -6.529411764705886
vt 22.58823529411765 -5.9019607843137285
vt 22.58823529411765 -5.274509803921571
vt 23.215686274509807 -5.274509803921571
vt 23.215686274509807 -5.9019607843137285
vt 22.58823529411765 -5.274509803921571
vt 22.58823529411765 -4.647058823529414
vt 23.215686274509807 -4.647058823529414
vt 23.215686274509807 -5.274509803921571
vt 22.58823529411765 -4.647058823529414
vt 22.58823529411765 -4.019607843137257
vt 23.215686274509807 -4.019607843137257
vt 23.215686274509807 -4.647058823529414
vt 22.58823529411765 -4.019607843137257
vt 22.58823529411765 -3.3921568627450993
vt 23.215686274509807 -3.3921568627450993
vt 23.215686274509807 -4.019607843137257
vt 22.58823529411765 -3.3921568627450993
vt 22.58823529411765 -2.7647058823529425
vt 23.215686274509807 -2.7647058823529425
vt 23.215686274509807 -3.3921568627450993
vt 22.58823529411765 -2.7647058823529425
vt 22.58823529411765 -2.1372549019607856
vt 23.215686274509807 -2.1372549019607856
vt 23.215686274509807 -2.7647058823529425
vt 22.58823529411765 -2.1372549019607856
vt 22.58823529411765 -1.5098039215686287
vt 23.215686274509807 -1.5098039215686287
vt 23.215686274509807 -2.1372549019607856
vt 22.58823529411765 -1.5098039215686287
vt 22.58823529411765 -0.8823529411764715
vt 23.215686274509807 -0.8823529411764715
vt 23.215686274509807 -1.5098039215686287
vt 22.58823529411765 -0.8823529411764715
vt 22.58823529411765 -0.2549019607843144
vt 23.215686274509807 -0.2549019607843144
vt 23.215686274509807 -0.8823529411764715
vt 22.58823529411765 -0.2549019607843144
vt 22.58823529411765 0.3725490196078428
vt 23.215686274509807 0.3725490196078428
vt 23.215686274509807 -0.2549019607843144
vt 23.215686274509807 -9.666666666666668
vt 23.215686274509807 -9.039215686274511
vt 23.84313725490196 -9.039215686274511
vt 23.84313725490196 -9.666666666666668
vt 23.215686274509807 -9.039215686274511
vt 23.215686274509807 -8.411764705882355
vt 23.84313725490196 -8.411764705882355
vt 23.84313725490196 -9.039215686274511
vt 23.215686274509807 -8.411764705882355
vt 23.215686274509807 -7.784313725490199
vt 23.84313725490196 -7.784313725490199
vt 23.84313725490196 -8.411764705882355
vt 23.215686274509807 -7.784313725490199
vt 23.215686274509807 -7.156862745098042
vt 23.84313725490196 -7.156862745098042
vt 23.84313725490196 -7.784313725490199
vt 23.215686274509807 -7.156862745098042
vt 23.215686274509807 -6.529411764705886
vt 23.84313725490196 -6.529411764705886
vt 23.84313725490196 -7.156862745098042
vt 23.215686274509807 -6.529411764705886
vt 23.215686274509807 -5.9019607843137285
vt 23.84313725490196 -5.9019607843137285
vt 23.84313725490196 -6.529411764705886
vt 23.215686274509807 -5.9019607843137285
vt 23.215686274509807 -5.274509803921571
vt 23.84313725490196 -5.274509803921571
vt 23.84313725490196 -5.9019607843137285
vt 23.215686274509807 -5.274509803921571
vt 23.215686274509807 -4.647058823529414
vt 23.84313725490196 -4.647058823529414
vt 23.84313725490196 -5.274509803921571
vt 23.215686274509807 -4.647058823529414
vt 23.215686274509807 -4.019607843137257
vt 23.84313725490196 -4.019607843137257
vt 23.84313725490196 -4.647058823529414
vt 23.215686274509807 -4.019607843137257
vt 23.215686274509807 -3.3921568627450993
vt 23.84313725490196 -3.3921568627450993
vt 23.84313725490196 -4.019607843137257
vt 23.215686274509807 -3.3921568627450993
vt 23.215686274509807 -2.7647058823529425
vt 23.84313725490196 -2.7647058823529425
vt 23.84313725490196 -3.3921568627450993
vt 23.215686274509807 -2.7647058823529425
vt 23.215686274509807 -2.1372549019607856
vt 23.84313725490196 -2.1372549019607856
vt 23.84313725490196 -2.7647058823529425
vt 23.215686274509807 -2.1372549019607856
vt 23.215686274509807 -1.5098039215686287
vt 23.84313725490196 -1.5098039215686287
vt 23.84313725490196 -2.1372549019607856
vt 23.215686274509807 -1.5098039215686287
vt 23.215686274509807 -0.8823529411764715
vt 23.84313725490196 -0.8823529411764715
vt 23.84313725490196 -1.5098039215686287
vt 23.215686274509807 -0.8823529411764715
vt 23.215686274509807 -0.2549019607843144
vt 23.84313725490196 -0.2549019607843144
vt 23.84313725490196 -0.8823529411764715
vt 23.215686274509807 -0.2549019607843144
vt 23.215686274509807 0.3725490196078428
vt 23.84313725490196 0.3725490196078428
vt 23.84313725490196 -0.2549019607843144
vt 23.84313725490196 -9.666666666666668
vt 23.84313725490196 -9.039215686274511
vt 24.47058823529412 -9.039215686274511
vt 24.47058823529412 -9.666666666666668
vt 23.84313725490196 -9.039215686274511
vt 23.84313725490196 -8.411764705882355
vt 24.47058823529412 -8.411764705882355
vt 24.47058823529412 -9.039215686274511
vt 23.84313725490196 -8.411764705882355
vt 23.84313725490196 -7.784313725490199
vt 24.47058823529412 -7.784313725490199
vt 24.47058823529412 -8.411764705882355
vt 23.84313725490196 -7.784313725490199
vt 23.84313725490196 -7.156862745098042
vt 24.47058823529412 -7.156862745098042
vt 24.47058823529412 -7.784313725490199
vt 23.84313725490196 -7.156862745098042
vt 23.84313725490196 -6.529411764705886
vt 24.47058823529412 -6.529411764705886
vt 24.47058823529412 -7.156862745098042
vt 23.84313725490196 -6.529411764705886
vt 23.84313725490196 -5.9019607843137285
vt 24.47058823529412 -5.9019607843137285
vt 24.47058823529412 -6.529411764705886
vt 23.84313725490196 -5.9019607843137285
vt 23.84313725490196 -5.274509803921571
vt 24.47058823529412 -5.274509803921571
vt 24.47058823529412 -5.9019607843137285
vt 23.84313725490196 -5.274509803921571
vt 23.84313725490196 -4.647058823529414
vt 24.47058823529412 -4.647058823529414
vt 24.47058823529412 -5.274509803921571
vt 23.84313725490196 -4.647058823529414
vt 23.84313725490196 -4.019607843137257
vt 24.47058823529412 -4.019607843137257
vt 24.47058823529412 -4.647058823529414
vt 23.84313725490196 -4.019607843137257
vt 23.84313725490196 -3.3921568627450993
vt 24.47058823529412 -3.3921568627450993
vt 24.47058823529412 -4.019607843137257
vt 23.84313725490196 -3.3921568627450993
vt 23.84313725490196 -2.7647058823529425
vt 24.47058823529412 -2.7647058823529425
vt 24.47058823529412 -3.3921568627450993
vt 23.84313725490196 -2.7647058823529425
vt 23.84313725490196 -2.1372549019607856
vt 24.47058823529412 -2.1372549019607856
vt 24.47058823529412 -2.7647058823529425
vt 23.84313725490196 -2.1372549019607856
vt 23.84313725490196 -1.5098039215686287
vt 24.47058823529412 -1.5098039215686287
vt 24.47058823529412 -2.1372549019607856
vt 23.84313725490196 -1.5098039215686287
vt 23.84313725490196 -0.8823529411764715
vt 24.47058823529412 -0.8823529411764715
vt 24.47058823529412 -1.5098039215686287
vt 23.84313725490196 -0.8823529411764715
vt 23.84313725490196 -0.2549019607843144
vt 24.47058823529412 -0.2549019607843144
vt 24.47058823529412 -0.8823529411764715
vt 23.84313725490196 -0.2549019607843144
vt 23.84313725490196 0.3725490196078428
vt 24.47058823529412 0.3725490196078428
vt 24.47058823529412 -0.2549019607843144
vt 24.47058823529412 -9.666666666666668
vt 24.47058823529412 -9.039215686274511
vt 25.098039215686278 -9.039215686274511
vt 25.098039215686278 -9.666666666666668
vt 24.47058823529412 -9.039215686274511
vt 24.47058823529412 -8.411764705882355
vt 25.098039215686278 -8.411764705882355
vt 25.098039215686278 -9.039215686274511
vt 24.47058823529412 -8.411764705882355
vt 24.47058823529412 -7.784313725490199
vt 25.098039215686278 -7.784313725490199
vt 25.098039215686278 -8.411764705882355
vt 24.47058823529412 -7.784313725490199
vt 24.47058823529412 -7.156862745098042
vt 25.098039215686278 -7.156862745098042
vt 25.098039215686278 -7.784313725490199
vt 24.47058823529412 -7.156862745098042
vt 24.47058823529412 -6.529411764705886
vt 25.098039215686278 -6.529411764705886
vt 25.098039215686278 -7.156862745098042
vt 24.47058823529412 -6.529411764705886
vt 24.47058823529412 -5.9019607843137285
vt 25.098039215686278 -5.9019607843137285
vt 25.098039215686278 -6.529411764705886
vt 24.47058823529412 -5.9019607843137285
vt 24.47058823529412 -5.274509803921571
vt 25.098039215686278 -5.274509803921571
vt 25.098039215686278 -5.9019607843137285
vt 24.47058823529412 -5.274509803921571
vt 24.47058823529412 -4.647058823529414
vt 25.098039215686278 -4.647058823529414
vt 25.098039215686278 -5.274509803921571
vt 24.47058823529412 -4.647058823529414
vt 24.47058823529412 -4.019607843137257
vt 25.098039215686278 -4.019607843137257
vt 25.098039215686278 -4.647058823529414
vt 24.47058823529412 -4.019607843137257
vt 24.47058823529412 -3.3921568627450993
vt 25.098039215686278 -3.3921568627450993
vt 25.098039215686278 -4.019607843137257
vt 24.47058823529412 -3.3921568627450993
vt 24.47058823529412 -2.7647058823529425
vt 25.098039215686278 -2.7647058823529425
vt 25.098039215686278 -3.3921568627450993
vt 24.47058823529412 -2.7647058823529425
vt 24.47058823529412 -2.1372549019607856
vt 25.098039215686278 -2.1372549019607856
vt 25.098039215686278 -2.7647058823529425
vt 24.47058823529412 -2.1372549019607856
vt 24.47058823529412 -1.5098039215686287
vt 25.098039215686278 -1.5098039215686287
vt 25.098039215686278 -2.1372549019607856
vt 24.47058823529412 -1.5098039215686287
vt 24.47058823529412 -0.8823529411764715
vt 25.098039215686278 -0.8823529411764715
vt 25.098039215686278 -1.5098039215686287
vt 24.47058823529412 -0.8823529411764715
vt 24.47058823529412 -0.2549019607843144
vt 25.098039215686278 -0.2549019607843144
vt 25.098039215686278 -0.8823529411764715
vt 24.47058823529412 -0.2549019607843144
vt 24.47058823529412 0.3725490196078428
vt 25.098039215686278 0.3725490196078428
vt 25.098039215686278 -0.2549019607843144
vt 25.098039215686278 -9.666666666666668
vt 25.098039215686278 -9.039215686274511
vt 25.725490196078432 -9.039215686274511
vt 25.725490196078432 -9.666666666666668
vt 25.098039215686278 -9.039215686274511
vt 25.098039215686278 -8.411764705882355
vt 25.725490196078432 -8.411764705882355
vt 25.725490196078432 -9.039215686274511
vt 25.098039215686278 -8.411764705882355
vt 25.098039215686278 -7.784313725490199
vt 25.725490196078432 -7.784313725490199
vt 25.725490196078432 -8.411764705882355
vt 25.098039215686278 -7.784313725490199
vt 25.098039215686278 -7.156862745098042
vt 25.725490196078432 -7.156862745098042
vt 25.725490196078432 -7.784313725490199
vt 25.098039215686278 -7.156862745098042
vt 25.098039215686278 -6.529411764705886
vt 25.725490196078432 -6.529411764705886
vt 25.725490196078432 -7.156862745098042
vt 25.098039215686278 -6.529411764705886
vt 25.098039215686278 -5.9019607843137285
vt 25.725490196078432 -5.9019607843137285
vt 25.725490196078432 -6.529411764705886
vt 25.098039215686278 -5.9019607843137285
vt 25.098039215686278 -5.274509803921571
vt 25.725490196078432 -5.274509803921571
vt 25.725490196078432 -5.9019607843137285
vt 25.098039215686278 -5.274509803921571
vt 25.098039215686278 -4.647058823529414
vt 25.725490196078432 -4.647058823529414
vt 25.725490196078432 -5.274509803921571
vt 25.098039215686278 -4.647058823529414
vt 25.098039215686278 -4.019607843137257
vt 25.725490196078432 -4.019607843137257
vt 25.725490196078432 -4.647058823529414
vt 25.098039215686278 -4.019607843137257
vt 25.098039215686278 -3.3921568627450993
vt 25.725490196078432 -3.3921568627450993
vt 25.725490196078432 -4.019607843137257
vt 25.098039215686278 -3.3921568627450993
vt 25.098039215686278 -2.7647058823529425
vt 25.725490196078432 -2.7647058823529425
vt 25.725490196078432 -3.3921568627450993
vt 25.098039215686278 -2.7647058823529425
vt 25.098039215686278 -2.1372549019607856
vt 25.725490196078432 -2.1372549019607856
vt 25.725490196078432 -2.7647058823529425
vt 25.098039215686278 -2.1372549019607856
vt 25.098039215686278 -1.5098039215686287
vt 25.725490196078432 -1.5098039215686287
vt 25.725490196078432 -2.1372549019607856
vt 25.098039215686278 -1.5098039215686287
vt 25.098039215686278 -0.8823529411764715
vt 25.725490196078432 -0.8823529411764715
vt 25.725490196078432 -1.5098039215686287
vt 25.098039215686278 -0.8823529411764715
vt 25.098039215686278 -0.2549019607843144
vt 25.725490196078432 -0.2549019607843144
vt 25.725490196078432 -0.8823529411764715
vt 25.098039215686278 -0.2549019607843144
vt 25.098039215686278 0.3725490196078428
vt 25.725490196078432 0.3725490196078428
vt 25.725490196078432 -0.2549019607843144
vt 25.725490196078432 -9.666666666666668
vt 25.725490196078432 -9.039215686274511
vt 26.35294117647059 -9.039215686274511
vt 26.35294117647059 -9.666666666666668
vt 25.725490196078432 -9.039215686274511
vt 25.725490196078432 -8.411764705882355
vt 26.35294117647059 -8.411764705882355
vt 26.35294117647059 -9.039215686274511
vt 25.725490196078432 -8.411764705882355
vt 25.725490196078432 -7.784313725490199
vt 26.35294117647059 -7.784313725490199
vt 26.35294117647059 -8.411764705882355
vt 25.725490196078432 -7.784313725490199
vt 25.725490196078432 -7.156862745098042
vt 26.35294117647059 -7.156862745098042
vt 26.35294117647059 -7.784313725490199
vt 25.725490196078432 -7.156862745098042
vt 25.725490196078432 -6.529411764705886
vt 26.35294117647059 -6.529411764705886
vt 26.35294117647059 -7.156862745098042
vt 25.725490196078432 -6.529411764705886
vt 25.725490196078432 -5.9019607843137285
vt 26.35294117647059 -5.9019607843137285
vt 26.35294117647059 -6.529411764705886
vt 25.725490196078432 -5.9019607843137285
vt 25.725490196078432 -5.274509803921571
vt 26.35294117647059 -5.274509803921571
vt 26.35294117647059 -5.9019607843137285
vt 25.725490196078432 -5.274509803921571
vt 25.725490196078432 -4.647058823529414
vt 26.35294117647059 -4.647058823529414
vt 26.35294117647059 -5.274509803921571
vt 25.725490196078432 -4.647058823529414
vt 25.725490196078432 -4.019607843137257
vt 26.35294117647059 -4.019607843137257
vt 26.35294117647059 -4.647058823529414
vt 25.725490196078432 -4.019607843137257
vt 25.725490196078432 -3.3921568627450993
vt 26.35294117647059 -3.3921568627450993
vt 26.35294117647059 -4.019607843137257
vt 25.725490196078432 -3.3921568627450993
vt 25.725490196078432 -2.7647058823529425
vt 26.35294117647059 -2.7647058823529425
vt 26.35294117647059 -3.3921568627450993
vt 25.725490196078432 -2.7647058823529425
vt 25.725490196078432 -2.1372549019607856
vt 26.35294117647059 -2.1372549019607856
vt 26.35294117647059 -2.7647058823529425
vt 25.725490196078432 -2.1372549019607856
vt 25.725490196078432 -1.5098039215686287
vt 26.35294117647059 -1.5098039215686287
vt 26.35294117647059 -2.1372549019607856
vt 25.725490196078432 -1.5098039215686287
vt 25.725490196078432 -0.8823529411764715
vt 26.35294117647059 -0.8823529411764715
vt 26.35294117647059 -1.5098039215686287
vt 25.725490196078432 -0.8823529411764715
vt 25.725490196078432 -0.2549019607843144
vt 26.35294117647059 -0.2549019607843144
vt 26.35294117647059 -0.8823529411764715
vt 25.725490196078432 -0.2549019607843144
vt 25.725490196078432 0.3725490196078428
vt 26.35294117647059 0.3725490196078428
vt 26.35294117647059 -0.2549019607843144
vt 26.35294117647059 -9.666666666666668
vt 26.35294117647059 -9.039215686274511
vt 26.98039215686275 -9.039215686274511
vt 26.98039215686275 -9.666666666666668
vt 26.35294117647059 -9.039215686274511
vt 26.35294117647059 -8.411764705882355
vt 26.98039215686275 -8.411764705882355
vt 26.98039215686275 -9.039215686274511
vt 26.35294117647059 -8.411764705882355
vt 26.35294117647059 -7.784313725490199
vt 26.98039215686275 -7.784313725490199
vt 26.98039215686275 -8.411764705882355
vt 26.35294117647059 -7.784313725490199
vt 26.35294117647059 -7.156862745098042
vt 26.98039215686275 -7.156862745098042
vt 26.98039215686275 -7.784313725490199
vt 26.35294117647059 -7.156862745098042
vt 26.35294117647059 -6.529411764705886
vt 26.98039215686275 -6.529411764705886
vt 26.98039215686275 -7.156862745098042
vt 26.35294117647059 -6.529411764705886
vt 26.35294117647059 -5.9019607843137285
vt 26.98039215686275 -5.9019607843137285
vt 26.98039215686275 -6.529411764705886
vt 26.35294117647059 -5.9019607843137285
vt 26.35294117647059 -5.274509803921571
vt 26.98039215686275 -5.274509803921571
vt 26.98039215686275 -5.9019607843137285
vt 26.35294117647059 -5.274509803921571
vt 26.35294117647059 -4.647058823529414
vt 26.98039215686275 -4.647058823529414
vt 26.98039215686275 -5.274509803921571
vt 26.35294117647059 -4.647058823529414
vt 26.35294117647059 -4.019607843137257
vt 26.98039215686275 -4.019607843137257
vt 26.98039215686275 -4.647058823529414
vt 26.35294117647059 -4.019607843137257
vt 26.35294117647059 -3.3921568627450993
vt 26.98039215686275 -3.3921568627450993
vt 26.98039215686275 -4.019607843137257
vt 26.35294117647059 -3.3921568627450993
vt 26.35294117647059 -2.7647058823529425
vt 26.98039215686275 -2.7647058823529425
vt 26.98039215686275 -3.3921568627450993
vt 26.35294117647059 -2.7647058823529425
vt 26.35294117647059 -2.1372549019607856
vt 26.98039215686275 -2.1372549019607856
vt 26.98039215686275 -2.7647058823529425
vt 26.35294117647059 -2.1372549019607856
vt 26.35294117647059 -1.5098039215686287
vt 26.98039215686275 -1.5098039215686287
vt 26.98039215686275 -2.1372549019607856
vt 26.35294117647059 -1.5098039215686287
vt 26.35294117647059 -0.8823529411764715
vt 26.98039215686275 -0.8823529411764715
vt 26.98039215686275 -1.5098039215686287
vt 26.35294117647059 -0.8823529411764715
vt 26.35294117647059 -0.2549019607843144
vt 26.98039215686275 -0.2549019607843144
vt 26.98039215686275 -0.8823529411764715
vt 26.35294117647059 -0.2549019607843144
vt 26.35294117647059 0.3725490196078428
vt 26.98039215686275 0.3725490196078428
vt 26.98039215686275 -0.2549019607843144
vt 26.98039215686275 -9.666666666666668
vt 26.98039215686275 -9.039215686274511
vt 27.607843137254907 -9.039215686274511
vt 27.607843137254907 -9.666666666666668
vt 26.98039215686275 -9.039215686274511
vt 26.98039215686275 -8.411764705882355
vt 27.607843137254907 -8.411764705882355
vt 27.607843137254907 -9.039215686274511
vt 26.98039215686275 -8.411764705882355
vt 26.98039215686275 -7.784313725490199
vt 27.607843137254907 -7.784313725490199
vt 27.607843137254907 -8.411764705882355
vt 26.98039215686275 -7.784313725490199
vt 26.98039215686275 -7.156862745098042
vt 27.607843137254907 -7.156862745098042
vt 27.607843137254907 -7.784313725490199
vt 26.98039215686275 -7.156862745098042
vt 26.98039215686275 -6.529411764705886
vt 27.607843137254907 -6.529411764705886
vt 27.607843137254907 -7.156862745098042
vt 26.98039215686275 -6.529411764705886
vt 26.98039215686275 -5.9019607843137285
vt 27.607843137254907 -5.9019607843137285
vt 27.607843137254907 -6.529411764705886
vt 26.98039215686275 -5.9019607843137285
vt 26.98039215686275 -5.274509803921571
vt 27.607843137254907 -5.274509803921571
vt 27.607843137254907 -5.9019607843137285
vt 26.98039215686275 -5.274509803921571
vt 26.98039215686275 -4.647058823529414
vt 27.607843137254907 -4.647058823529414
vt 27.607843137254907 -5.274509803921571
vt 26.98039215686275 -4.647058823529414
vt 26.98039215686275 -4.019607843137257
vt 27.607843137254907 -4.019607843137257
vt 27.607843137254907 -4.647058823529414
vt 26.98039215686275 -4.019607843137257
vt 26.98039215686275 -3.3921568627450993
vt 27.607843137254907 -3.3921568627450993
vt 27.607843137254907 -4.019607843137257
vt 26.98039215686275 -3.3921568627450993
vt 26.98039215686275 -2.7647058823529425
vt 27.607843137254907 -2.7647058823529425
vt 27.607843137254907 -3.3921568627450993
vt 26.98039215686275 -2.7647058823529425
vt 26.98039215686275 -2.1372549019607856
vt 27.607843137254907 -2.1372549019607856
vt 27.607843137254907 -2.7647058823529425
vt 26.98039215686275 -2.1372549019607856
vt 26.98039215686275 -1.5098039215686287
vt 27.607843137254907 -1.5098039215686287
vt 27.607843137254907 -2.1372549019607856
vt 26.98039215686275 -1.5098039215686287
vt 26.98039215686275 -0.8823529411764715
vt 27.607843137254907 -0.8823529411764715
vt 27.607843137254907 -1.5098039215686287
vt 26.98039215686275 -0.8823529411764715
vt 26.98039215686275 -0.2549019607843144
vt 27.607843137254907 -0.2549019607843144
vt 27.607843137254907 -0.8823529411764715
vt 26.98039215686275 -0.2549019607843144
vt 26.98039215686275 0.3725490196078428
vt 27.607843137254907 0.3725490196078428
vt 27.607843137254907 -0.2549019607843144
vt 27.607843137254907 -9.666666666666668
vt 27.607843137254907 -9.039215686274511
vt 28.235294117647065 -9.039215686274511
vt 28.235294117647065 -9.666666666666668
vt 27.607843137254907 -9.039215686274511
vt 27.607843137254907 -8.411764705882355
vt 28.235294117647065 -8.411764705882355
vt 28.235294117647065 -9.039215686274511
vt 27.607843137254907 -8.411764705882355
vt 27.607843137254907 -7.784313725490199
vt 28.235294117647065 -7.784313725490199
vt 28.235294117647065 -8.411764705882355
vt 27.607843137254907 -7.784313725490199
vt 27.607843137254907 -7.156862745098042
vt 28.235294117647065 -7.156862745098042
vt 28.235294117647065 -7.784313725490199
vt 27.607843137254907 -7.156862745098042
vt 27.607843137254907 -6.529411764705886
vt 28.235294117647065 -6.529411764705886
vt 28.235294117647065 -7.156862745098042
vt 27.607843137254907 -6.529411764705886
vt 27.607843137254907 -5.9019607843137285
vt 28.235294117647065 -5.9019607843137285
vt 28.235294117647065 -6.529411764705886
vt 27.607843137254907 -5.9019607843137285
vt 27.607843137254907 -5.274509803921571
vt 28.235294117647065 -5.274509803921571
vt 28.235294117647065 -5.9019607843137285
vt 27.607843137254907 -5.274509803921571
vt 27.607843137254907 -4.647058823529414
vt 28.235294117647065 -4.647058823529414
vt 28.235294117647065 -5.274509803921571
vt 27.607843137254907 -4.647058823529414
vt 27.607843137254907 -4.019607843137257
vt 28.235294117647065 -4.019607843137257
vt 28.235294117647065 -4.647058823529414
vt 27.607843137254907 -4.019607843137257
vt 27.607843137254907 -3.3921568627450993
vt 28.235294117647065 -3.3921568627450993
vt 28.235294117647065 -4.019607843137257
vt 27.607843137254907 -3.3921568627450993
vt 27.607843137254907 -2.7647058823529425
vt 28.235294117647065 -2.7647058823529425
vt 28.235294117647065 -3.3921568627450993
vt 27.607843137254907 -2.7647058823529425
vt 27.607843137254907 -2.1372549019607856
vt 28.235294117647065 -2.1372549019607856
vt 28.235294117647065 -2.7647058823529425
vt 27.607843137254907 -2.1372549019607856
vt 27.607843137254907 -1.5098039215686287
vt 28.235294117647065 -1.5098039215686287
vt 28.235294117647065 -2.1372549019607856
vt 27.607843137254907 -1.5098039215686287
vt 27.607843137254907 -0.8823529411764715
vt 28.235294117647065 -0.8823529411764715
vt 28.235294117647065 -1.5098039215686287
vt 27.607843137254907 -0.8823529411764715
vt 27.607843137254907 -0.2549019607843144
vt 28.235294117647065 -0.2549019607843144
vt 28.235294117647065 -0.8823529411764715
vt 27.607843137254907 -0.2549019607843144
vt 27.607843137254907 0.3725490196078428
vt 28.235294117647065 0.3725490196078428
vt 28.235294117647065 -0.2549019607843144
vt 28.235294117647065 -9.666666666666668
vt 28.235294117647065 -9.039215686274511
vt 28.862745098039223 -9.039215686274511
vt 28.862745098039223 -9.666666666666668
vt 28.235294117647065 -9.039215686274511
vt 28.235294117647065 -8.411764705882355
vt 28.862745098039223 -8.411764705882355
vt 28.862745098039223 -9.039215686274511
vt 28.235294117647065 -8.411764705882355
vt 28.235294117647065 -7.784313725490199
vt 28.862745098039223 -7.784313725490199
vt 28.862745098039223 -8.411764705882355
vt 28.235294117647065 -7.784313725490199
vt 28.235294117647065 -7.156862745098042
vt 28.862745098039223 -7.156862745098042
vt 28.862745098039223 -7.784313725490199
vt 28.235294117647065 -7.156862745098042
vt 28.235294117647065 -6.529411764705886
vt 28.862745098039223 -6.529411764705886
vt 28.862745098039223 -7.156862745098042
vt 28.235294117647065 -6.529411764705886
vt 28.235294117647065 -5.9019607843137285
vt 28.862745098039223 -5.9019607843137285
vt 28.862745098039223 -6.529411764705886
vt 28.235294117647065 -5.9019607843137285
vt 28.235294117647065 -5.274509803921571
vt 28.862745098039223 -5.274509803921571
vt 28.862745098039223 -5.9019607843137285
vt 28.235294117647065 -5.274509803921571
vt 28.235294117647065 -4.647058823529414
vt 28.862745098039223 -4.647058823529414
vt 28.862745098039223 -5.274509803921571
vt 28.235294117647065 -4.647058823529414
vt 28.235294117647065 -4.019607843137257
vt 28.862745098039223 -4.019607843137257
vt 28.862745098039223 -4.647058823529414
vt 28.235294117647065 -4.019607843137257
vt 28.235294117647065 -3.3921568627450993
vt 28.862745098039223 -3.3921568627450993
vt 28.862745098039223 -4.019607843137257
vt 28.235294117647065 -3.3921568627450993
vt 28.235294117647065 -2.7647058823529425
vt 28.862745098039223 -2.7647058823529425
vt 28.862745098039223 -3.3921568627450993
vt 28.235294117647065 -2.7647058823529425
vt 28.235294117647065 -2.1372549019607856
vt 28.862745098039223 -2.1372549019607856
vt 28.862745098039223 -2.7647058823529425
vt 28.235294117647065 -2.1372549019607856
vt 28.235294117647065 -1.5098039215686287
vt 28.862745098039223 -1.5098039215686287
vt 28.862745098039223 -2.1372549019607856
vt 28.235294117647065 -1.5098039215686287
vt 28.235294117647065 -0.8823529411764715
vt 28.862745098039223 -0.8823529411764715
vt 28.862745098039223 -1.5098039215686287
vt 28.235294117647065 -0.8823529411764715
vt 28.235294117647065 -0.2549019607843144
vt 28.862745098039223 -0.2549019607843144
vt 28.862745098039223 -0.8823529411764715
vt 28.235294117647065 -0.2549019607843144
vt 28.235294117647065 0.3725490196078428
vt 28.862745098039223 0.3725490196078428
vt 28.862745098039223 -0.2549019607843144
vt 28.862745098039223 -9.666666666666668
vt 28.862745098039223 -9.039215686274511
vt 29.49019607843138 -9.039215686274511
vt 29.49019607843138 -9.666666666666668
vt 28.862745098039223 -9.039215686274511
vt 28.862745098039223 -8.411764705882355
vt 29.49019607843138 -8.411764705882355
vt 29.49019607843138 -9.039215686274511
vt 28.862745098039223 -8.411764705882355
vt 28.862745098039223 -7.784313725490199
vt 29.49019607843138 -7.784313725490199
vt 29.49019607843138 -8.411764705882355
vt 28.862745098039223 -7.784313725490199
vt 28.862745098039223 -7.156862745098042
vt 29.49019607843138 -7.156862745098042
vt 29.49019607843138 -7.784313725490199
vt 28.862745098039223 -7.156862745098042
vt 28.862745098039223 -6.529411764705886
vt 29.49019607843138 -6.529411764705886
vt 29.49019607843138 -7.156862745098042
vt 28.862745098039223 -6.529411764705886
vt 28.862745098039223 -5.9019607843137285
vt 29.49019607843138 -5.9019607843137285
vt 29.49019607843138 -6.529411764705886
vt 28.862745098039223 -5.9019607843137285
vt 28.862745098039223 -5.274509803921571
vt 29.49019607843138 -5.274509803921571
vt 29.49019607843138 -5.9019607843137285
vt 28.862745098039223 -5.274509803921571
vt 28.862745098039223 -4.647058823529414
vt 29.49019607843138 -4.647058823529414
vt 29.49019607843138 -5.274509803921571
vt 28.862745098039223 -4.647058823529414
vt 28.862745098039223 -4.019607843137257
vt 29.49019607843138 -4.019607843137257
vt 29.49019607843138 -4.647058823529414
vt 28.862745098039223 -4.019607843137257
vt 28.862745098039223 -3.3921568627450993
vt 29.49019607843138 -3.3921568627450993
vt 29.49019607843138 -4.019607843137257
vt 28.862745098039223 -3.3921568627450993
vt 28.862745098039223 -2.7647058823529425
vt 29.49019607843138 -2.7647058823529425
vt 29.49019607843138 -3.3921568627450993
vt 28.862745098039223 -2.7647058823529425
vt 28.862745098039223 -2.1372549019607856
vt 29.49019607843138 -2.1372549019607856
vt 29.49019607843138 -2.7647058823529425
vt 28.862745098039223 -2.1372549019607856
vt 28.862745098039223 -1.5098039215686287
vt 29.49019607843138 -1.5098039215686287
vt 29.49019607843138 -2.1372549019607856
vt 28.862745098039223 -1.5098039215686287
vt 28.862745098039223 -0.8823529411764715
vt 29.49019607843138 -0.8823529411764715
vt 29.49019607843138 -1.5098039215686287
vt 28.862745098039223 -0.8823529411764715
vt 28.862745098039223 -0.2549019607843144
vt 29.49019607843138 -0.2549019607843144
vt 29.49019607843138 -0.8823529411764715
vt 28.862745098039223 -0.2549019607843144
vt 28.862745098039223 0.3725490196078428
vt 29.49019607843138 0.3725490196078428
vt 29.49019607843138 -0.2549019607843144
vt 29.49019607843138 -9.666666666666668
vt 29.49019607843138 -9.039215686274511
vt 30.117647058823536 -9.039215686274511
vt 30.117647058823536 -9.666666666666668
vt 29.49019607843138 -9.039215686274511
vt 29.49019607843138 -8.411764705882355
vt 30.117647058823536 -8.411764705882355
vt 30.117647058823536 -9.039215686274511
vt 29.49019607843138 -8.411764705882355
vt 29.49019607843138 -7.784313725490199
vt 30.117647058823536 -7.784313725490199
vt 30.117647058823536 -8.411764705882355
vt 29.49019607843138 -7.784313725490199
vt 29.49019607843138 -7.156862745098042
vt 30.117647058823536 -7.156862745098042
vt 30.117647058823536 -7.784313725490199
vt 29.49019607843138 -7.156862745098042
vt 29.49019607843138 -6.529411764705886
vt 30.117647058823536 -6.529411764705886
vt 30.117647058823536 -7.156862745098042
vt 29.49019607843138 -6.529411764705886
vt 29.49019607843138 -5.9019607843137285
vt 30.117647058823536 -5.9019607843137285
vt 30.117647058823536 -6.529411764705886
vt 29.49019607843138 -5.9019607843137285
vt 29.49019607843138 -5.274509803921571
vt 30.117647058823536 -5.274509803921571
vt 30.117647058823536 -5.9019607843137285
vt 29.49019607843138 -5.274509803921571
vt 29.49019607843138 -4.647058823529414
vt 30.117647058823536 -4.647058823529414
vt 30.117647058823536 -5.274509803921571
vt 29.49019607843138 -4.647058823529414
vt 29.49019607843138 -4.019607843137257
vt 30.117647058823536 -4.019607843137257
vt 30.117647058823536 -4.647058823529414
vt 29.49019607843138 -4.019607843137257
vt 29.49019607843138 -3.3921568627450993
vt 30.117647058823536 -3.3921568627450993
vt 30.117647058823536 -4.019607843137257
vt 29.49019607843138 -3.3921568627450993
vt 29.49019607843138 -2.7647058823529425
vt 30.117647058823536 -2.7647058823529425
vt 30.117647058823536 -3.3921568627450993
vt 29.49019607843138 -2.7647058823529425
vt 29.49019607843138 -2.1372549019607856
vt 30.117647058823536 -2.1372549019607856
vt 30.117647058823536 -2.7647058823529425
vt 29.49019607843138 -2.1372549019607856
vt 29.49019607843138 -1.5098039215686287
vt 30.117647058823536 -1.5098039215686287
vt 30.117647058823536 -2.1372549019607856
vt 29.49019607843138 -1.5098039215686287
vt 29.49019607843138 -0.8823529411764715
vt 30.117647058823536 -0.8823529411764715
vt 30.117647058823536 -1.5098039215686287
vt 29.49019607843138 -0.8823529411764715
vt 29.49019607843138 -0.2549019607843144
vt 30.117647058823536 -0.2549019607843144
vt 30.117647058823536 -0.8823529411764715
vt 29.49019607843138 -0.2549019607843144
vt 29.49019607843138 0.3725490196078428
vt 30.117647058823536 0.3725490196078428
vt 30.117647058823536 -0.2549019607843144
vt 30.117647058823536 -9.666666666666668
vt 30.117647058823536 -9.039215686274511
vt 30.74509803921569 -9.039215686274511
vt 30.74509803921569 -9.666666666666668
vt 30.117647058823536 -9.039215686274511
vt 30.117647058823536 -8.411764705882355
vt 30.74509803921569 -8.411764705882355
vt 30.74509803921569 -9.039215686274511
vt 30.117647058823536 -8.411764705882355
vt 30.117647058823536 -7.784313725490199
vt 30.74509803921569 -7.784313725490199
vt 30.74509803921569 -8.411764705882355
vt 30.117647058823536 -7.784313725490199
vt 30.117647058823536 -7.156862745098042
vt 30.74509803921569 -7.156862745098042
vt 30.74509803921569 -7.784313725490199
vt 30.117647058823536 -7.156862745098042
vt 30.117647058823536 -6.529411764705886
vt 30.74509803921569 -6.529411764705886
vt 30.74509803921569 -7.156862745098042
vt 30.117647058823536 -6.529411764705886
vt 30.117647058823536 -5.9019607843137285
vt 30.74509803921569 -5.9019607843137285
vt 30.74509803921569 -6.529411764705886
vt 30.117647058823536 -5.9019607843137285
vt 30.117647058823536 -5.274509803921571
vt 30.74509803921569 -5.274509803921571
vt 30.74509803921569 -5.9019607843137285
vt 30.117647058823536 -5.274509803921571
vt 30.117647058823536 -4.647058823529414
vt 30.74509803921569 -4.647058823529414
vt 30.74509803921569 -5.274509803921571
vt 30.117647058823536 -4.647058823529414
vt 30.117647058823536 -4.019607843137257
vt 30.74509803921569 -4.019607843137257
vt 30.74509803921569 -4.647058823529414
vt 30.117647058823536 -4.019607843137257
vt 30.117647058823536 -3.3921568627450993
vt 30.74509803921569 -3.3921568627450993
vt 30.74509803921569 -4.019607843137257
vt 30.117647058823536 -3.3921568627450993
vt 30.117647058823536 -2.7647058823529425
vt 30.74509803921569 -2.7647058823529425
vt 30.74509803921569 -3.3921568627450993
vt 30.117647058823536 -2.7647058823529425
vt 30.117647058823536 -2.1372549019607856
vt 30.74509803921569 -2.1372549019607856
vt 30.74509803921569 -2.7647058823529425
vt 30.117647058823536 -2.1372549019607856
vt 30.117647058823536 -1.5098039215686287
vt 30.74509803921569 -1.5098039215686287
vt 30.74509803921569 -2.1372549019607856
vt 30.117647058823536 -1.5098039215686287
vt 30.117647058823536 -0.8823529411764715
vt 30.74509803921569 -0.8823529411764715
vt 30.74509803921569 -1.5098039215686287
vt 30.117647058823536 -0.8823529411764715
vt 30.117647058823536 -0.2549019607843144
vt 30.74509803921569 -0.2549019607843144
vt 30.74509803921569 -0.8823529411764715
vt 30.117647058823536 -0.2549019607843144
vt 30.117647058823536 0.3725490196078428
vt 30.74509803921569 0.3725490196078428
vt 30.74509803921569 -0.2549019607843144
vt 30.74509803921569 -9.666666666666668
vt 30.74509803921569 -9.039215686274511
vt 31.372549019607845 -9.039215686274511
vt 31.372549019607845 -9.666666666666668
vt 30.74509803921569 -9.039215686274511
vt 30.74509803921569 -8.411764705882355
vt 31.372549019607845 -8.411764705882355
vt 31.372549019607845 -9.039215686274511
vt 30.74509803921569 -8.411764705882355
vt 30.74509803921569 -7.784313725490199
vt 31.372549019607845 -7.784313725490199
vt 31.372549019607845 -8.411764705882355
vt 30.74509803921569 -7.784313725490199
vt 30.74509803921569 -7.156862745098042
vt 31.372549019607845 -7.156862745098042
vt 31.372549019607845 -7.784313725490199
vt 30.74509803921569 -7.156862745098042
vt 30.74509803921569 -6.529411764705886
vt 31.372549019607845 -6.529411764705886
vt 31.372549019607845 -7.156862745098042
vt 30.74509803921569 -6.529411764705886
vt 30.74509803921569 -5.9019607843137285
vt 31.372549019607845 -5.9019607843137285
vt 31.372549019607845 -6.529411764705886
vt 30.74509803921569 -5.9019607843137285
vt 30.74509803921569 -5.274509803921571
vt 31.372549019607845 -5.274509803921571
vt 31.372549019607845 -5.9019607843137285
vt 30.74509803921569 -5.274509803921571
vt 30.74509803921569 -4.647058823529414
vt 31.372549019607845 -4.647058823529414
vt 31.372549019607845 -5.274509803921571
vt 30.74509803921569 -4.647058823529414
vt 30.74509803921569 -4.019607843137257
vt 31.372549019607845 -4.019607843137257
vt 31.372549019607845 -4.647058823529414
vt 30.74509803921569 -4.019607843137257
vt 30.74509803921569 -3.3921568627450993
vt 31.372549019607845 -3.3921568627450993
vt 31.372549019607845 -4.019607843137257
vt 30.74509803921569 -3.3921568627450993
vt 30.74509803921569 -2.7647058823529425
vt 31.372549019607845 -2.7647058823529425
vt 31.372549019607845 -3.3921568627450993
vt 30.74509803921569 -2.7647058823529425
vt 30.74509803921569 -2.1372549019607856
vt 31.372549019607845 -2.1372549019607856
vt 31.372549019607845 -2.7647058823529425
vt 30.74509803921569 -2.1372549019607856
vt 30.74509803921569 -1.5098039215686287
vt 31.372549019607845 -1.5098039215686287
vt 31.372549019607845 -2.1372549019607856
vt 30.74509803921569 -1.5098039215686287
vt 30.74509803921569 -0.8823529411764715
vt 31.372549019607845 -0.8823529411764715
vt 31.372549019607845 -1.5098039215686287
vt 30.74509803921569 -0.8823529411764715
vt 30.74509803921569 -0.2549019607843144
vt 31.372549019607845 -0.2549019607843144
vt 31.372549019607845 -0.8823529411764715
vt 30.74509803921569 -0.2549019607843144
vt 30.74509803921569 0.3725490196078428
vt 31.372549019607845 0.3725490196078428
vt 31.372549019607845 -0.2549019607843144
vt 31.372549019607845 -9.666666666666668
vt 31.372549019607845 -9.039215686274511
vt 32 -9.039215686274511
vt 32 -9.666666666666668
vt 31.372549019607845 -9.039215686274511
vt 31.372549019607845 -8.411764705882355
vt 32 -8.411764705882355
vt 32 -9.039215686274511
vt 31.372549019607845 -8.411764705882355
vt 31.372549019607845 -7.784313725490199
vt 32 -7.784313725490199
vt 32 -8.411764705882355
vt 31.372549019607845 -7.784313725490199
vt 31.372549019607845 -7.156862745098042
vt 32 -7.156862745098042
vt 32 -7.784313725490199
vt 31.372549019607845 -7.156862745098042
vt 31.372549019607845 -6.529411764705886
vt 32 -6.529411764705886
vt 32 -7.156862745098042
vt 31.372549019607845 -6.529411764705886
vt 31.372549019607845 -5.9019607843137285
vt 32 -5.9019607843137285
vt 32 -6.529411764705886
vt 31.372549019607845 -5.9019607843137285
vt 31.372549019607845 -5.274509803921571
vt 32 -5.274509803921571
vt 32 -5.9019607843137285
vt 31.372549019607845 -5.274509803921571
vt 31.372549019607845 -4.647058823529414
vt 32 -4.647058823529414
vt 32 -5.274509803921571
vt 31.372549019607845 -4.647058823529414
vt 31.372549019607845 -4.019607843137257
vt 32 -4.019607843137257
vt 32 -4.647058823529414
vt 31.372549019607845 -4.019607843137257
vt 31.372549019607845 -3.3921568627450993
vt 32 -3.3921568627450993
vt 32 -4.019607843137257
vt 31.372549019607845 -3.3921568627450993
vt 31.372549019607845 -2.7647058823529425
vt 32 -2.7647058823529425
vt 32 -3.3921568627450993
vt 31.372549019607845 -2.7647058823529425
vt 31.372549019607845 -2.1372549019607856
vt 32 -2.1372549019607856
vt 32 -2.7647058823529425
vt 31.372549019607845 -2.1372549019607856
vt 31.372549019607845 -1.5098039215686287
vt 32 -1.5098039215686287
vt 32 -2.1372549019607856
vt 31.372549019607845 -1.5098039215686287
vt 31.372549019607845 -0.8823529411764715
vt 32 -0.8823529411764715
vt 32 -1.5098039215686287
vt 31.372549019607845 -0.8823529411764715
vt 31.372549019607845 -0.2549019607843144
vt 32 -0.2549019607843144
vt 32 -0.8823529411764715
vt 31.372549019607845 -0.2549019607843144
vt 31.372549019607845 0.3725490196078428
vt 32 0.3725490196078428
vt 32 -0.2549019607843144
vt 28.862745098039216 -9.666666666666668
vt 28.862745098039216 -9.039215686274511
vt 28.235294117647058 -9.039215686274511
vt 28.235294117647058 -9.666666666666668
vt 28.862745098039216 -9.039215686274511
vt 28.862745098039216 -8.411764705882355
vt 28.235294117647058 -8.411764705882355
vt 28.235294117647058 -9.039215686274511
vt 28.862745098039216 -8.411764705882355
vt 28.862745098039216 -7.784313725490199
vt 28.235294117647058 -7.784313725490199
vt 28.235294117647058 -8.411764705882355
vt 28.862745098039216 -7.784313725490199
vt 28.862745098039216 -7.156862745098042
vt 28.235294117647058 -7.156862745098042
vt 28.235294117647058 -7.784313725490199
vt 28.862745098039216 -7.156862745098042
vt 28.862745098039216 -6.529411764705886
vt 28.235294117647058 -6.529411764705886
vt 28.235294117647058 -7.156862745098042
vt 28.862745098039216 -6.529411764705886
vt 28.862745098039216 -5.9019607843137285
vt 28.235294117647058 -5.9019607843137285
vt 28.235294117647058 -6.529411764705886
vt 28.862745098039216 -5.9019607843137285
vt 28.862745098039216 -5.274509803921571
vt 28.235294117647058 -5.274509803921571
vt 28.235294117647058 -5.9019607843137285
vt 28.862745098039216 -5.274509803921571
vt 28.862745098039216 -4.647058823529414
vt 28.235294117647058 -4.647058823529414
vt 28.235294117647058 -5.274509803921571
vt 28.862745098039216 -4.647058823529414
vt 28.862745098039216 -4.019607843137257
vt 28.235294117647058 -4.019607843137257
vt 28.235294117647058 -4.647058823529414
vt 28.862745098039216 -4.019607843137257
vt 28.862745098039216 -3.3921568627450993
vt 28.235294117647058 -3.3921568627450993
vt 28.235294117647058 -4.019607843137257
vt 28.862745098039216 -3.3921568627450993
vt 28.862745098039216 -2.7647058823529425
vt 28.235294117647058 -2.7647058823529425
vt 28.235294117647058 -3.3921568627450993
vt 28.862745098039216 -2.7647058823529425
vt 28.862745098039216 -2.1372549019607856
vt 28.235294117647058 -2.1372549019607856
vt 28.235294117647058 -2.7647058823529425
vt 28.862745098039216 -2.1372549019607856
vt 28.862745098039216 -1.5098039215686287
vt 28.235294117647058 -1.5098039215686287
vt 28.235294117647058 -2.1372549019607856
vt 28.862745098039216 -1.5098039215686287
vt 28.862745098039216 -0.8823529411764715
vt 28.235294117647058 -0.8823529411764715
vt 28.235294117647058 -1.5098039215686287
vt 28.862745098039216 -0.8823529411764715
vt 28.862745098039216 -0.2549019607843144
vt 28.235294117647058 -0.2549019607843144
vt 28.235294117647058 -0.8823529411764715
vt 28.862745098039216 -0.2549019607843144
vt 28.862745098039216 0.3725490196078428
vt 28.235294117647058 0.3725490196078428
vt 28.235294117647058 -0.2549019607843144
vt 29.490196078431374 -9.666666666666668
vt 29.490196078431374 -9.039215686274511
vt 28.862745098039216 -9.039215686274511
vt 28.862745098039216 -9.666666666666668
vt 29.490196078431374 -9.039215686274511
vt 29.490196078431374 -8.411764705882355
vt 28.862745098039216 -8.411764705882355
vt 28.862745098039216 -9.039215686274511
vt 29.490196078431374 -8.411764705882355
vt 29.490196078431374 -7.784313725490199
vt 28.862745098039216 -7.784313725490199
vt 28.862745098039216 -8.411764705882355
vt 29.490196078431374 -7.784313725490199
vt 29.490196078431374 -7.156862745098042
vt 28.862745098039216 -7.156862745098042
vt 28.862745098039216 -7.784313725490199
vt 29.490196078431374 -7.156862745098042
vt 29.490196078431374 -6.529411764705886
vt 28.862745098039216 -6.529411764705886
vt 28.862745098039216 -7.156862745098042
vt 29.490196078431374 -6.529411764705886
vt 29.490196078431374 -5.9019607843137285
vt 28.862745098039216 -5.9019607843137285
vt 28.862745098039216 -6.529411764705886
vt 29.490196078431374 -5.9019607843137285
vt 29.490196078431374 -5.274509803921571
vt 28.862745098039216 -5.274509803921571
vt 28.862745098039216 -5.9019607843137285
vt 29.490196078431374 -5.274509803921571
vt 29.490196078431374 -4.647058823529414
vt 28.862745098039216 -4.647058823529414
vt 28.862745098039216 -5.274509803921571
vt 29.490196078431374 -4.647058823529414
vt 29.490196078431374 -4.019607843137257
vt 28.862745098039216 -4.019607843137257
vt 28.862745098039216 -4.647058823529414
vt 29.490196078431374 -4.019607843137257
vt 29.490196078431374 -3.3921568627450993
vt 28.862745098039216 -3.3921568627450993
vt 28.862745098039216 -4.019607843137257
vt 29.490196078431374 -3.3921568627450993
vt 29.490196078431374 -2.7647058823529425
vt 28.862745098039216 -2.7647058823529425
vt 28.862745098039216 -3.3921568627450993
vt 29.490196078431374 -2.7647058823529425
vt 29.490196078431374 -2.1372549019607856
vt 28.862745098039216 -2.1372549019607856
vt 28.862745098039216 -2.7647058823529425
vt 29.490196078431374 -2.1372549019607856
vt 29.490196078431374 -1.5098039215686287
vt 28.862745098039216 -1.5098039215686287
vt 28.862745098039216 -2.1372549019607856
vt 29.490196078431374 -1.5098039215686287
vt 29.490196078431374 -0.8823529411764715
vt 28.862745098039216 -0.8823529411764715
vt 28.862745098039216 -1.5098039215686287
vt 29.490196078431374 -0.8823529411764715
vt 29.490196078431374 -0.2549019607843144
vt 28.862745098039216 -0.2549019607843144
vt 28.862745098039216 -0.8823529411764715
vt 29.490196078431374 -0.2549019607843144
vt 29.490196078431374 0.3725490196078428
vt 28.862745098039216 0.3725490196078428
vt 28.862745098039216 -0.2549019607843144
vt 30.11764705882353 -9.666666666666668
vt 30.11764705882353 -9.039215686274511
vt 29.490196078431374 -9.039215686274511
vt 29.490196078431374 -9.666666666666668
vt 30.11764705882353 -9.039215686274511
vt 30.11764705882353 -8.411764705882355
vt 29.490196078431374 -8.411764705882355
vt 29.490196078431374 -9.039215686274511
vt 30.11764705882353 -8.411764705882355
vt 30.11764705882353 -7.784313725490199
vt 29.490196078431374 -7.784313725490199
vt 29.490196078431374 -8.411764705882355
vt 30.11764705882353 -7.784313725490199
vt 30.11764705882353 -7.156862745098042
vt 29.490196078431374 -7.156862745098042
vt 29.490196078431374 -7.784313725490199
vt 30.11764705882353 -7.156862745098042
vt 30.11764705882353 -6.529411764705886
vt 29.490196078431374 -6.529411764705886
vt 29.490196078431374 -7.156862745098042
vt 30.11764705882353 -6.529411764705886
vt 30.11764705882353 -5.9019607843137285
vt 29.490196078431374 -5.9019607843137285
vt 29.490196078431374 -6.529411764705886
vt 30.11764705882353 -5.9019607843137285
vt 30.11764705882353 -5.274509803921571
vt 29.490196078431374 -5.274509803921571
vt 29.490196078431374 -5.9019607843137285
vt 30.11764705882353 -5.274509803921571
vt 30.11764705882353 -4.647058823529414
vt 29.490196078431374 -4.647058823529414
vt 29.490196078431374 -5.274509803921571
vt 30.11764705882353 -4.647058823529414
vt 30.11764705882353 -4.019607843137257
vt 29.490196078431374 -4.019607843137257
vt 29.490196078431374 -4.647058823529414
vt 30.11764705882353 -4.019607843137257
vt 30.11764705882353 -3.3921568627450993
vt 29.490196078431374 -3.3921568627450993
vt 29.490196078431374 -4.019607843137257
vt 30.11764705882353 -3.3921568627450993
vt 30.11764705882353 -2.7647058823529425
vt 29.490196078431374 -2.7647058823529425
vt 29.490196078431374 -3.3921568627450993
vt 30.11764705882353 -2.7647058823529425
vt 30.11764705882353 -2.1372549019607856
vt 29.490196078431374 -2.1372549019607856
vt 29.490196078431374 -2.7647058823529425
vt 30.11764705882353 -2.1372549019607856
vt 30.11764705882353 -1.5098039215686287
vt 29.490196078431374 -1.5098039215686287
vt 29.490196078431374 -2.1372549019607856
vt 30.11764705882353 -1.5098039215686287
vt 30.11764705882353 -0.8823529411764715
vt 29.490196078431374 -0.8823529411764715
vt 29.490196078431374 -1.5098039215686287
vt 30.11764705882353 -0.8823529411764715
vt 30.11764705882353 -0.2549019607843144
vt 29.490196078431374 -0.2549019607843144
vt 29.490196078431374 -0.8823529411764715
vt 30.11764705882353 -0.2549019607843144
vt 30.11764705882353 0.3725490196078428
vt 29.490196078431374 0.3725490196078428
vt 29.490196078431374 -0.2549019607843144
vt 30.745098039215687 -9.666666666666668
vt 30.745098039215687 -9.039215686274511
vt 30.11764705882353 -9.039215686274511
vt 30.11764705882353 -9.666666666666668
vt 30.745098039215687 -9.039215686274511
vt 30.745098039215687 -8.411764705882355
vt 30.11764705882353 -8.411764705882355
vt 30.11764705882353 -9.039215686274511
vt 30.745098039215687 -8.411764705882355
vt 30.745098039215687 -7.784313725490199
vt 30.11764705882353 -7.784313725490199
vt 30.11764705882353 -8.411764705882355
vt 30.745098039215687 -7.784313725490199
vt 30.745098039215687 -7.156862745098042
vt 30.11764705882353 -7.156862745098042
vt 30.11764705882353 -7.784313725490199
vt 30.745098039215687 -7.156862745098042
vt 30.745098039215687 -6.529411764705886
vt 30.11764705882353 -6.529411764705886
vt 30.11764705882353 -7.156862745098042
vt 30.745098039215687 -6.529411764705886
vt 30.745098039215687 -5.9019607843137285
vt 30.11764705882353 -5.9019607843137285
vt 30.11764705882353 -6.529411764705886
vt 30.745098039215687 -5.9019607843137285
vt 30.745098039215687 -5.274509803921571
vt 30.11764705882353 -5.274509803921571
vt 30.11764705882353 -5.9019607843137285
vt 30.745098039215687 -5.274509803921571
vt 30.745098039215687 -4.647058823529414
vt 30.11764705882353 -4.647058823529414
vt 30.11764705882353 -5.274509803921571
vt 30.745098039215687 -4.647058823529414
vt 30.745098039215687 -4.019607843137257
vt 30.11764705882353 -4.019607843137257
vt 30.11764705882353 -4.647058823529414
vt 30.745098039215687 -4.019607843137257
vt 30.745098039215687 -3.3921568627450993
vt 30.11764705882353 -3.3921568627450993
vt 30.11764705882353 -4.019607843137257
vt 30.745098039215687 -3.3921568627450993
vt 30.745098039215687 -2.7647058823529425
vt 30.11764705882353 -2.7647058823529425
vt 30.11764705882353 -3.3921568627450993
vt 30.745098039215687 -2.7647058823529425
vt 30.745098039215687 -2.1372549019607856
vt 30.11764705882353 -2.1372549019607856
vt 30.11764705882353 -2.7647058823529425
vt 30.745098039215687 -2.1372549019607856
vt 30.745098039215687 -1.5098039215686287
vt 30.11764705882353 -1.5098039215686287
vt 30.11764705882353 -2.1372549019607856
vt 30.745098039215687 -1.5098039215686287
vt 30.745098039215687 -0.8823529411764715
vt 30.11764705882353 -0.8823529411764715
vt 30.11764705882353 -1.5098039215686287
vt 30.745098039215687 -0.8823529411764715
vt 30.745098039215687 -0.2549019607843144
vt 30.11764705882353 -0.2549019607843144
vt 30.11764705882353 -0.8823529411764715
vt 30.745098039215687 -0.2549019607843144
vt 30.745098039215687 0.3725490196078428
vt 30.11764705882353 0.3725490196078428
vt 30.11764705882353 -0.2549019607843144
vt 31.372549019607845 -9.666666666666668
vt 31.372549019607845 -9.039215686274511
vt 30.745098039215687 -9.039215686274511
vt 30.745098039215687 -9.666666666666668
vt 31.372549019607845 -9.039215686274511
vt 31.372549019607845 -8.411764705882355
vt 30.745098039215687 -8.411764705882355
vt 30.745098039215687 -9.039215686274511
vt 31.372549019607845 -8.411764705882355
vt 31.372549019607845 -7.784313725490199
vt 30.745098039215687 -7.784313725490199
vt 30.745098039215687 -8.411764705882355
vt 31.372549019607845 -7.784313725490199
vt 31.372549019607845 -7.156862745098042
vt 30.745098039215687 -7.156862745098042
vt 30.745098039215687 -7.784313725490199
vt 31.372549019607845 -7.156862745098042
vt 31.372549019607845 -6.529411764705886
vt 30.745098039215687 -6.529411764705886
vt 30.745098039215687 -7.156862745098042
vt 31.372549019607845 -6.529411764705886
vt 31.372549019607845 -5.9019607843137285
vt 30.745098039215687 -5.9019607843137285
vt 30.745098039215687 -6.529411764705886
vt 31.372549019607845 -5.9019607843137285
vt 31.372549019607845 -5.274509803921571
vt 30.745098039215687 -5.274509803921571
vt 30.745098039215687 -5.9019607843137285
vt 31.372549019607845 -5.274509803921571
vt 31.372549019607845 -4.647058823529414
vt 30.745098039215687 -4.647058823529414
vt 30.745098039215687 -5.274509803921571
vt 31.372549019607845 -4.647058823529414
vt 31.372549019607845 -4.019607843137257
vt 30.745098039215687 -4.019607843137257
vt 30.745098039215687 -4.647058823529414
vt 31.372549019607845 -4.019607843137257
vt 31.372549019607845 -3.3921568627450993
vt 30.745098039215687 -3.3921568627450993
vt 30.745098039215687 -4.019607843137257
vt 31.372549019607845 -3.3921568627450993
vt 31.372549019607845 -2.7647058823529425
vt 30.745098039215687 -2.7647058823529425
vt 30.745098039215687 -3.3921568627450993
vt 31.372549019607845 -2.7647058823529425
vt 31.372549019607845 -2.1372549019607856
vt 30.745098039215687 -2.1372549019607856
vt 30.745098039215687 -2.7647058823529425
vt 31.372549019607845 -2.1372549019607856
vt 31.372549019607845 -1.5098039215686287
vt 30.745098039215687 -1.5098039215686287
vt 30.745098039215687 -2.1372549019607856
vt 31.372549019607845 -1.5098039215686287
vt 31.372549019607845 -0.8823529411764715
vt 30.745098039215687 -0.8823529411764715
vt 30.745098039215687 -1.5098039215686287
vt 31.372549019607845 -0.8823529411764715
vt 31.372549019607845 -0.2549019607843144
vt 30.745098039215687 -0.2549019607843144
vt 30.745098039215687 -0.8823529411764715
vt 31.372549019607845 -0.2549019607843144
vt 31.372549019607845 0.3725490196078428
vt 30.745098039215687 0.3725490196078428
vt 30.745098039215687 -0.2549019607843144
vt 32 -9.666666666666668
vt 32 -9.039215686274511
vt 31.372549019607845 -9.039215686274511
vt 31.372549019607845 -9.666666666666668
vt 32 -9.039215686274511
vt 32 -8.411764705882355
vt 31.372549019607845 -8.411764705882355
vt 31.372549019607845 -9.039215686274511
vt 32 -8.411764705882355
vt 32 -7.784313725490199
vt 31.372549019607845 -7.784313725490199
vt 31.372549019607845 -8.411764705882355
vt 32 -7.784313725490199
vt 32 -7.156862745098042
vt 31.372549019607845 -7.156862745098042
vt 31.372549019607845 -7.784313725490199
vt 32 -7.156862745098042
vt 32 -6.529411764705886
vt 31.372549019607845 -6.529411764705886
vt 31.372549019607845 -7.156862745098042
vt 32 -6.529411764705886
vt 32 -5.9019607843137285
vt 31.372549019607845 -5.9019607843137285
vt 31.372549019607845 -6.529411764705886
vt 32 -5.9019607843137285
vt 32 -5.274509803921571
vt 31.372549019607845 -5.274509803921571
vt 31.372549019607845 -5.9019607843137285
vt 32 -5.274509803921571
vt 32 -4.647058823529414
vt 31.372549019607845 -4.647058823529414
vt 31.372549019607845 -5.274509803921571
vt 32 -4.647058823529414
vt 32 -4.019607843137257
vt 31.372549019607845 -4.019607843137257
vt 31.372549019607845 -4.647058823529414
vt 32 -4.019607843137257
vt 32 -3.3921568627450993
vt 31.372549019607845 -3.3921568627450993
vt 31.372549019607845 -4.019607843137257
vt 32 -3.3921568627450993
vt 32 -2.7647058823529425
vt 31.372549019607845 -2.7647058823529425
vt 31.372549019607845 -3.3921568627450993
vt 32 -2.7647058823529425
vt 32 -2.1372549019607856
vt 31.372549019607845 -2.1372549019607856
vt 31.372549019607845 -2.7647058823529425
vt 32 -2.1372549019607856
vt 32 -1.5098039215686287
vt 31.372549019607845 -1.5098039215686287
vt 31.372549019607845 -2.1372549019607856
vt 32 -1.5098039215686287
vt 32 -0.8823529411764715
vt 31.372549019607845 -0.8823529411764715
vt 31.372549019607845 -1.5098039215686287
vt 32 -0.8823529411764715
vt 32 -0.2549019607843144
vt 31.372549019607845 -0.2549019607843144
vt 31.372549019607845 -0.8823529411764715
vt 32 -0.2549019607843144
vt 32 0.3725490196078428
vt 31.372549019607845 0.3725490196078428
vt 31.372549019607845 -0.2549019607843144
vt 25.09803921568627 -31
vt 25.09803921568627 -30.372549019607845
vt 24.470588235294112 -30.372549019607845
vt 24.470588235294112 -31
vt 25.09803921568627 -30.372549019607845
vt 25.09803921568627 -29.74509803921569
vt 24.470588235294112 -29.74509803921569
vt 24.470588235294112 -30.372549019607845
vt 25.09803921568627 -29.74509803921569
vt 25.09803921568627 -29.117647058823536
vt 24.470588235294112 -29.117647058823536
vt 24.470588235294112 -29.74509803921569
vt 25.09803921568627 -29.117647058823536
vt 25.09803921568627 -28.49019607843138
vt 24.470588235294112 -28.49019607843138
vt 24.470588235294112 -29.117647058823536
vt 25.09803921568627 -28.49019607843138
vt 25.09803921568627 -27.862745098039223
vt 24.470588235294112 -27.862745098039223
vt 24.470588235294112 -28.49019607843138
vt 25.09803921568627 -27.862745098039223
vt 25.09803921568627 -27.235294117647065
vt 24.470588235294112 -27.235294117647065
vt 24.470588235294112 -27.862745098039223
vt 25.09803921568627 -27.235294117647065
vt 25.09803921568627 -26.607843137254907
vt 24.470588235294112 -26.607843137254907
vt 24.470588235294112 -27.235294117647065
vt 25.09803921568627 -26.607843137254907
vt 25.09803921568627 -25.98039215686275
vt 24.470588235294112 -25.98039215686275
vt 24.470588235294112 -26.607843137254907
vt 25.09803921568627 -25.98039215686275
vt 25.09803921568627 -25.35294117647059
vt 24.470588235294112 -25.35294117647059
vt 24.470588235294112 -25.98039215686275
vt 25.09803921568627 -25.35294117647059
vt 25.09803921568627 -24.725490196078432
vt 24.470588235294112 -24.725490196078432
vt 24.470588235294112 -25.35294117647059
vt 25.09803921568627 -24.725490196078432
vt 25.09803921568627 -24.098039215686278
vt 24.470588235294112 -24.098039215686278
vt 24.470588235294112 -24.725490196078432
vt 25.09803921568627 -24.098039215686278
vt 25.09803921568627 -23.47058823529412
vt 24.470588235294112 -23.47058823529412
vt 24.470588235294112 -24.098039215686278
vt 25.09803921568627 -23.47058823529412
vt 25.09803921568627 -22.84313725490196
vt 24.470588235294112 -22.84313725490196
vt 24.470588235294112 -23.47058823529412
vt 25.09803921568627 -22.84313725490196
vt 25.09803921568627 -22.215686274509807
vt 24.470588235294112 -22.215686274509807
vt 24.470588235294112 -22.84313725490196
vt 25.09803921568627 -22.215686274509807
vt 25.09803921568627 -21.58823529411765
vt 24.470588235294112 -21.58823529411765
vt 24.470588235294112 -22.215686274509807
vt 25.09803921568627 -21.58823529411765
vt 25.09803921568627 -20.96078431372549
vt 24.470588235294112 -20.96078431372549
vt 24.470588235294112 -21.58823529411765
vt 24.470588235294112 -31
vt 24.470588235294112 -30.372549019607845
vt 23.843137254901954 -30.372549019607845
vt 23.843137254901954 -31
vt 24.470588235294112 -30.372549019607845
vt 24.470588235294112 -29.74509803921569
vt 23.843137254901954 -29.74509803921569
vt 23.843137254901954 -30.372549019607845
vt 24.470588235294112 -29.74509803921569
vt 24.470588235294112 -29.117647058823536
vt 23.843137254901954 -29.117647058823536
vt 23.843137254901954 -29.74509803921569
vt 24.470588235294112 -29.117647058823536
vt 24.470588235294112 -28.49019607843138
vt 23.843137254901954 -28.49019607843138
vt 23.843137254901954 -29.117647058823536
vt 24.470588235294112 -28.49019607843138
vt 24.470588235294112 -27.862745098039223
vt 23.843137254901954 -27.862745098039223
vt 23.843137254901954 -28.49019607843138
vt 24.470588235294112 -27.862745098039223
vt 24.470588235294112 -27.235294117647065
vt 23.843137254901954 -27.235294117647065
vt 23.843137254901954 -27.862745098039223
vt 24.470588235294112 -27.235294117647065
vt 24.470588235294112 -26.607843137254907
vt 23.843137254901954 -26.607843137254907
vt 23.843137254901954 -27.235294117647065
vt 24.470588235294112 -26.607843137254907
vt 24.470588235294112 -25.98039215686275
vt 23.843137254901954 -25.98039215686275
vt 23.843137254901954 -26.607843137254907
vt 24.470588235294112 -25.98039215686275
vt 24.470588235294112 -25.35294117647059
vt 23.843137254901954 -25.35294117647059
vt 23.843137254901954 -25.98039215686275
vt 24.470588235294112 -25.35294117647059
vt 24.470588235294112 -24.725490196078432
vt 23.843137254901954 -24.725490196078432
vt 23.843137254901954 -25.35294117647059
vt 24.470588235294112 -24.725490196078432
vt 24.470588235294112 -24.098039215686278
vt 23.843137254901954 -24.098039215686278
vt 23.843137254901954 -24.725490196078432
vt 24.470588235294112 -24.098039215686278
vt 24.470588235294112 -23.47058823529412
vt 23.843137254901954 -23.47058823529412
vt 23.843137254901954 -24.098039215686278
vt 24.470588235294112 -23.47058823529412
vt 24.470588235294112 -22.84313725490196
vt 23.843137254901954 -22.84313725490196
vt 23.843137254901954 -23.47058823529412
vt 24.470588235294112 -22.84313725490196
vt 24.470588235294112 -22.215686274509807
vt 23.843137254901954 -22.215686274509807
vt 23.843137254901954 -22.84313725490196
vt 24.470588235294112 -22.215686274509807
vt 24.470588235294112 -21.58823529411765
vt 23.843137254901954 -21.58823529411765
vt 23.843137254901954 -22.215686274509807
vt 24.470588235294112 -21.58823529411765
vt 24.470588235294112 -20.96078431372549
vt 23.843137254901954 -20.96078431372549
vt 23.843137254901954 -21.58823529411765
vt 23.843137254901954 -31
vt 23.843137254901954 -30.372549019607845
vt 23.2156862745098 -30.372549019607845
vt 23.2156862745098 -31
vt 23.843137254901954 -30.372549019607845
vt 23.843137254901954 -29.74509803921569
vt 23.2156862745098 -29.74509803921569
vt 23.2156862745098 -30.372549019607845
vt 23.843137254901954 -29.74509803921569
vt 23.843137254901954 -29.117647058823536
vt 23.2156862745098 -29.117647058823536
vt 23.2156862745098 -29.74509803921569
vt 23.843137254901954 -29.117647058823536
vt 23.843137254901954 -28.49019607843138
vt 23.2156862745098 -28.49019607843138
vt 23.2156862745098 -29.117647058823536
vt 23.843137254901954 -28.49019607843138
vt 23.843137254901954 -27.862745098039223
vt 23.2156862745098 -27.862745098039223
vt 23.2156862745098 -28.49019607843138
vt 23.843137254901954 -27.862745098039223
vt 23.843137254901954 -27.235294117647065
vt 23.2156862745098 -27.235294117647065
vt 23.2156862745098 -27.862745098039223
vt 23.843137254901954 -27.235294117647065
vt 23.843137254901954 -26.607843137254907
vt 23.2156862745098 -26.607843137254907
vt 23.2156862745098 -27.235294117647065
vt 23.843137254901954 -26.607843137254907
vt 23.843137254901954 -25.98039215686275
vt 23.2156862745098 -25.98039215686275
vt 23.2156862745098 -26.607843137254907
vt 23.843137254901954 -25.98039215686275
vt 23.843137254901954 -25.35294117647059
vt 23.2156862745098 -25.35294117647059
vt 23.2156862745098 -25.98039215686275
vt 23.843137254901954 -25.35294117647059
vt 23.843137254901954 -24.725490196078432
vt 23.2156862745098 -24.725490196078432
vt 23.2156862745098 -25.35294117647059
vt 23.843137254901954 -24.725490196078432
vt 23.843137254901954 -24.098039215686278
vt 23.2156862745098 -24.098039215686278
vt 23.2156862745098 -24.725490196078432
vt 23.843137254901954 -24.098039215686278
vt 23.843137254901954 -23.47058823529412
vt 23.2156862745098 -23.47058823529412
vt 23.2156862745098 -24.098039215686278
vt 23.843137254901954 -23.47058823529412
vt 23.843137254901954 -22.84313725490196
vt 23.2156862745098 -22.84313725490196
vt 23.2156862745098 -23.47058823529412
vt 23.843137254901954 -22.84313725490196
vt 23.843137254901954 -22.215686274509807
vt 23.2156862745098 -22.215686274509807
vt 23.2156862745098 -22.84313725490196
vt 23.843137254901954 -22.215686274509807
vt 23.843137254901954 -21.58823529411765
vt 23.2156862745098 -21.58823529411765
vt 23.2156862745098 -22.215686274509807
vt 23.843137254901954 -21.58823529411765
vt 23.843137254901954 -20.96078431372549
vt 23.2156862745098 -20.96078431372549
vt 23.2156862745098 -21.58823529411765
vt 23.2156862745098 -31
vt 23.2156862745098 -30.372549019607845
vt 22.588235294117645 -30.372549019607845
vt 22.588235294117645 -31
vt 23.2156862745098 -30.372549019607845
vt 23.2156862745098 -29.74509803921569
vt 22.588235294117645 -29.74509803921569
vt 22.588235294117645 -30.372549019607845
vt 23.2156862745098 -29.74509803921569
vt 23.2156862745098 -29.117647058823536
vt 22.588235294117645 -29.117647058823536
vt 22.588235294117645 -29.74509803921569
vt 23.2156862745098 -29.117647058823536
vt 23.2156862745098 -28.49019607843138
vt 22.588235294117645 -28.49019607843138
vt 22.588235294117645 -29.117647058823536
vt 23.2156862745098 -28.49019607843138
vt 23.2156862745098 -27.862745098039223
vt 22.588235294117645 -27.862745098039223
vt 22.588235294117645 -28.49019607843138
vt 23.2156862745098 -27.862745098039223
vt 23.2156862745098 -27.235294117647065
vt 22.588235294117645 -27.235294117647065
vt 22.588235294117645 -27.862745098039223
vt 23.2156862745098 -27.235294117647065
vt 23.2156862745098 -26.607843137254907
vt 22.588235294117645 -26.607843137254907
vt 22.588235294117645 -27.235294117647065
vt 23.2156862745098 -26.607843137254907
vt 23.2156862745098 -25.98039215686275
vt 22.588235294117645 -25.98039215686275
vt 22.588235294117645 -26.607843137254907
vt 23.2156862745098 -25.98039215686275
vt 23.2156862745098 -25.35294117647059
vt 22.588235294117645 -25.35294117647059
vt 22.588235294117645 -25.98039215686275
vt 23.2156862745098 -25.35294117647059
vt 23.2156862745098 -24.725490196078432
vt 22.588235294117645 -24.725490196078432
vt 22.588235294117645 -25.35294117647059
vt 23.2156862745098 -24.725490196078432
vt 23.2156862745098 -24.098039215686278
vt 22.588235294117645 -24.098039215686278
vt 22.588235294117645 -24.725490196078432
vt 23.2156862745098 -24.098039215686278
vt 23.2156862745098 -23.47058823529412
vt 22.588235294117645 -23.47058823529412
vt 22.588235294117645 -24.098039215686278
vt 23.2156862745098 -23.47058823529412
vt 23.2156862745098 -22.84313725490196
vt 22.588235294117645 -22.84313725490196
vt 22.588235294117645 -23.47058823529412
vt 23.2156862745098 -22.84313725490196
vt 23.2156862745098 -22.215686274509807
vt 22.588235294117645 -22.215686274509807
vt 22.588235294117645 -22.84313725490196
vt 23.2156862745098 -22.215686274509807
vt 23.2156862745098 -21.58823529411765
vt 22.588235294117645 -21.58823529411765
vt 22.588235294117645 -22.215686274509807
vt 23.2156862745098 -21.58823529411765
vt 23.2156862745098 -20.96078431372549
vt 22.588235294117645 -20.96078431372549
vt 22.588235294117645 -21.58823529411765
vt 22.588235294117645 -31
vt 22.588235294117645 -30.372549019607845
vt 21.96078431372549 -30.372549019607845
vt 21.96078431372549 -31
vt 22.588235294117645 -30.372549019607845
vt 22.588235294117645 -29.74509803921569
vt 21.96078431372549 -29.74509803921569
vt 21.96078431372549 -30.372549019607845
vt 22.588235294117645 -29.74509803921569
vt 22.588235294117645 -29.117647058823536
vt 21.96078431372549 -29.117647058823536
vt 21.96078431372549 -29.74509803921569
vt 22.588235294117645 -29.117647058823536
vt 22.588235294117645 -28.49019607843138
vt 21.96078431372549 -28.49019607843138
vt 21.96078431372549 -29.117647058823536
vt 22.588235294117645 -28.49019607843138
vt 22.588235294117645 -27.862745098039223
vt 21.96078431372549 -27.862745098039223
vt 21.96078431372549 -28.49019607843138
vt 22.588235294117645 -27.862745098039223
vt 22.588235294117645 -27.235294117647065
vt 21.96078431372549 -27.235294117647065
vt 21.96078431372549 -27.862745098039223
vt 22.588235294117645 -27.235294117647065
vt 22.588235294117645 -26.607843137254907
vt 21.96078431372549 -26.607843137254907
vt 21.96078431372549 -27.235294117647065
vt 22.588235294117645 -26.607843137254907
vt 22.588235294117645 -25.98039215686275
vt 21.96078431372549 -25.98039215686275
vt 21.96078431372549 -26.607843137254907
vt 22.588235294117645 -25.98039215686275
vt 22.588235294117645 -25.35294117647059
vt 21.96078431372549 -25.35294117647059
vt 21.96078431372549 -25.98039215686275
vt 22.588235294117645 -25.35294117647059
vt 22.588235294117645 -24.725490196078432
vt 21.96078431372549 -24.725490196078432
vt 21.96078431372549 -25.35294117647059
vt 22.588235294117645 -24.725490196078432
vt 22.588235294117645 -24.098039215686278
vt 21.96078431372549 -24.098039215686278
vt 21.96078431372549 -24.725490196078432
vt 22.588235294117645 -24.098039215686278
vt 22.588235294117645 -23.47058823529412
vt 21.96078431372549 -23.47058823529412
vt 21.96078431372549 -24.098039215686278
vt 22.588235294117645 -23.47058823529412
vt 22.588235294117645 -22.84313725490196
vt 21.96078431372549 -22.84313725490196
vt 21.96078431372549 -23.47058823529412
vt 22.588235294117645 -22.84313725490196
vt 22.588235294117645 -22.215686274509807
vt 21.96078431372549 -22.215686274509807
vt 21.96078431372549 -22.84313725490196
vt 22.588235294117645 -22.215686274509807
vt 22.588235294117645 -21.58823529411765
vt 21.96078431372549 -21.58823529411765
vt 21.96078431372549 -22.215686274509807
vt 22.588235294117645 -21.58823529411765
vt 22.588235294117645 -20.96078431372549
vt 21.96078431372549 -20.96078431372549
vt 21.96078431372549 -21.58823529411765
vt 21.96078431372549 -31
vt 21.96078431372549 -30.372549019607845
vt 21.333333333333336 -30.372549019607845
vt 21.333333333333336 -31
vt 21.96078431372549 -30.372549019607845
vt 21.96078431372549 -29.74509803921569
vt 21.333333333333336 -29.74509803921569
vt 21.333333333333336 -30.372549019607845
vt 21.96078431372549 -29.74509803921569
vt 21.96078431372549 -29.117647058823536
vt 21.333333333333336 -29.117647058823536
vt 21.333333333333336 -29.74509803921569
vt 21.96078431372549 -29.117647058823536
vt 21.96078431372549 -28.49019607843138
vt 21.333333333333336 -28.49019607843138
vt 21.333333333333336 -29.117647058823536
vt 21.96078431372549 -28.49019607843138
vt 21.96078431372549 -27.862745098039223
vt 21.333333333333336 -27.862745098039223
vt 21.333333333333336 -28.49019607843138
vt 21.96078431372549 -27.862745098039223
vt 21.96078431372549 -27.235294117647065
vt 21.333333333333336 -27.235294117647065
vt 21.333333333333336 -27.862745098039223
vt 21.96078431372549 -27.235294117647065
vt 21.96078431372549 -26.607843137254907
vt 21.333333333333336 -26.607843137254907
vt 21.333333333333336 -27.235294117647065
vt 21.96078431372549 -26.607843137254907
vt 21.96078431372549 -25.98039215686275
vt 21.333333333333336 -25.98039215686275
vt 21.333333333333336 -26.607843137254907
vt 21.96078431372549 -25.98039215686275
vt 21.96078431372549 -25.35294117647059
vt 21.333333333333336 -25.35294117647059
vt 21.333333333333336 -25.98039215686275
vt 21.96078431372549 -25.35294117647059
vt 21.96078431372549 -24.725490196078432
vt 21.333333333333336 -24.725490196078432
vt 21.333333333333336 -25.35294117647059
vt 21.96078431372549 -24.725490196078432
vt 21.96078431372549 -24.098039215686278
vt 21.333333333333336 -24.098039215686278
vt 21.333333333333336 -24.725490196078432
vt 21.96078431372549 -24.098039215686278
vt 21.96078431372549 -23.47058823529412
vt 21.333333333333336 -23.47058823529412
vt 21.333333333333336 -24.098039215686278
vt 21.96078431372549 -23.47058823529412
vt 21.96078431372549 -22.84313725490196
vt 21.333333333333336 -22.84313725490196
vt 21.333333333333336 -23.47058823529412
vt 21.96078431372549 -22.84313725490196
vt 21.96078431372549 -22.215686274509807
vt 21.333333333333336 -22.215686274509807
vt 21.333333333333336 -22.84313725490196
vt 21.96078431372549 -22.215686274509807
vt 21.96078431372549 -21.58823529411765
vt 21.333333333333336 -21.58823529411765
vt 21.333333333333336 -22.215686274509807
vt 21.96078431372549 -21.58823529411765
vt 21.96078431372549 -20.96078431372549
vt 21.333333333333336 -20.96078431372549
vt 21.333333333333336 -21.58823529411765
vt 10.666666666666668 -31
vt 11.294117647058826 -31
vt 11.294117647058826 -30.372549019607845
vt 10.666666666666668 -30.372549019607845
vt 10.666666666666668 -30.372549019607845
vt 11.294117647058826 -30.372549019607845
vt 11.294117647058826 -29.74509803921569
vt 10.666666666666668 -29.74509803921569
vt 10.666666666666668 -29.74509803921569
vt 11.294117647058826 -29.74509803921569
vt 11.294117647058826 -29.117647058823536
vt 10.666666666666668 -29.117647058823536
vt 10.666666666666668 -29.117647058823536
vt 11.294117647058826 -29.117647058823536
vt 11.294117647058826 -28.49019607843138
vt 10.666666666666668 -28.49019607843138
vt 10.666666666666668 -28.49019607843138
vt 11.294117647058826 -28.49019607843138
vt 11.294117647058826 -27.862745098039223
vt 10.666666666666668 -27.862745098039223
vt 10.666666666666668 -27.862745098039223
vt 11.294117647058826 -27.862745098039223
vt 11.294117647058826 -27.235294117647065
vt 10.666666666666668 -27.235294117647065
vt 10.666666666666668 -27.235294117647065
vt 11.294117647058826 -27.235294117647065
vt 11.294117647058826 -26.607843137254907
vt 10.666666666666668 -26.607843137254907
vt 10.666666666666668 -26.607843137254907
vt 11.294117647058826 -26.607843137254907
vt 11.294117647058826 -25.98039215686275
vt 10.666666666666668 -25.98039215686275
vt 10.666666666666668 -25.98039215686275
vt 11.294117647058826 -25.98039215686275
vt 11.294117647058826 -25.35294117647059
vt 10.666666666666668 -25.35294117647059
vt 10.666666666666668 -25.35294117647059
vt 11.294117647058826 -25.35294117647059
vt 11.294117647058826 -24.725490196078432
vt 10.666666666666668 -24.725490196078432
vt 10.666666666666668 -24.725490196078432
vt 11.294117647058826 -24.725490196078432
vt 11.294117647058826 -24.098039215686278
vt 10.666666666666668 -24.098039215686278
vt 10.666666666666668 -24.098039215686278
vt 11.294117647058826 -24.098039215686278
vt 11.294117647058826 -23.47058823529412
vt 10.666666666666668 -23.47058823529412
vt 10.666666666666668 -23.47058823529412
vt 11.294117647058826 -23.47058823529412
vt 11.294117647058826 -22.84313725490196
vt 10.666666666666668 -22.84313725490196
vt 10.666666666666668 -22.84313725490196
vt 11.294117647058826 -22.84313725490196
vt 11.294117647058826 -22.215686274509807
vt 10.666666666666668 -22.215686274509807
vt 10.666666666666668 -22.215686274509807
vt 11.294117647058826 -22.215686274509807
vt 11.294117647058826 -21.58823529411765
vt 10.666666666666668 -21.58823529411765
vt 10.666666666666668 -21.58823529411765
vt 11.294117647058826 -21.58823529411765
vt 11.294117647058826 -20.96078431372549
vt 10.666666666666668 -20.96078431372549
vt 21.333333333333336 -31
vt 21.333333333333336 -30.372549019607845
vt 21.96078431372549 -30.372549019607845
vt 21.96078431372549 -31
vt 21.333333333333336 -30.372549019607845
vt 21.333333333333336 -29.74509803921569
vt 21.96078431372549 -29.74509803921569
vt 21.96078431372549 -30.372549019607845
vt 21.333333333333336 -29.74509803921569
vt 21.333333333333336 -29.117647058823536
vt 21.96078431372549 -29.117647058823536
vt 21.96078431372549 -29.74509803921569
vt 21.333333333333336 -29.117647058823536
vt 21.333333333333336 -28.49019607843138
vt 21.96078431372549 -28.49019607843138
vt 21.96078431372549 -29.117647058823536
vt 21.333333333333336 -28.49019607843138
vt 21.333333333333336 -27.862745098039223
vt 21.96078431372549 -27.862745098039223
vt 21.96078431372549 -28.49019607843138
vt 21.333333333333336 -27.862745098039223
vt 21.333333333333336 -27.235294117647065
vt 21.96078431372549 -27.235294117647065
vt 21.96078431372549 -27.862745098039223
vt 21.333333333333336 -27.235294117647065
vt 21.333333333333336 -26.607843137254907
vt 21.96078431372549 -26.607843137254907
vt 21.96078431372549 -27.235294117647065
vt 21.333333333333336 -26.607843137254907
vt 21.333333333333336 -25.98039215686275
vt 21.96078431372549 -25.98039215686275
vt 21.96078431372549 -26.607843137254907
vt 21.333333333333336 -25.98039215686275
vt 21.333333333333336 -25.35294117647059
vt 21.96078431372549 -25.35294117647059
vt 21.96078431372549 -25.98039215686275
vt 21.333333333333336 -25.35294117647059
vt 21.333333333333336 -24.725490196078432
vt 21.96078431372549 -24.725490196078432
vt 21.96078431372549 -25.35294117647059
vt 21.333333333333336 -24.725490196078432
vt 21.333333333333336 -24.098039215686278
vt 21.96078431372549 -24.098039215686278
vt 21.96078431372549 -24.725490196078432
vt 21.333333333333336 -24.098039215686278
vt 21.333333333333336 -23.47058823529412
vt 21.96078431372549 -23.47058823529412
vt 21.96078431372549 -24.098039215686278
vt 21.333333333333336 -23.47058823529412
vt 21.333333333333336 -22.84313725490196
vt 21.96078431372549 -22.84313725490196
vt 21.96078431372549 -23.47058823529412
vt 21.333333333333336 -22.84313725490196
vt 21.333333333333336 -22.215686274509807
vt 21.96078431372549 -22.215686274509807
vt 21.96078431372549 -22.84313725490196
vt 21.333333333333336 -22.215686274509807
vt 21.333333333333336 -21.58823529411765
vt 21.96078431372549 -21.58823529411765
vt 21.96078431372549 -22.215686274509807
vt 21.333333333333336 -21.58823529411765
vt 21.333333333333336 -20.96078431372549
vt 21.96078431372549 -20.96078431372549
vt 21.96078431372549 -21.58823529411765
vt 21.96078431372549 -31
vt 21.96078431372549 -30.372549019607845
vt 22.58823529411765 -30.372549019607845
vt 22.58823529411765 -31
vt 21.96078431372549 -30.372549019607845
vt 21.96078431372549 -29.74509803921569
vt 22.58823529411765 -29.74509803921569
vt 22.58823529411765 -30.372549019607845
vt 21.96078431372549 -29.74509803921569
vt 21.96078431372549 -29.117647058823536
vt 22.58823529411765 -29.117647058823536
vt 22.58823529411765 -29.74509803921569
vt 21.96078431372549 -29.117647058823536
vt 21.96078431372549 -28.49019607843138
vt 22.58823529411765 -28.49019607843138
vt 22.58823529411765 -29.117647058823536
vt 21.96078431372549 -28.49019607843138
vt 21.96078431372549 -27.862745098039223
vt 22.58823529411765 -27.862745098039223
vt 22.58823529411765 -28.49019607843138
vt 21.96078431372549 -27.862745098039223
vt 21.96078431372549 -27.235294117647065
vt 22.58823529411765 -27.235294117647065
vt 22.58823529411765 -27.862745098039223
vt 21.96078431372549 -27.235294117647065
vt 21.96078431372549 -26.607843137254907
vt 22.58823529411765 -26.607843137254907
vt 22.58823529411765 -27.235294117647065
vt 21.96078431372549 -26.607843137254907
vt 21.96078431372549 -25.98039215686275
vt 22.58823529411765 -25.98039215686275
vt 22.58823529411765 -26.607843137254907
vt 21.96078431372549 -25.98039215686275
vt 21.96078431372549 -25.35294117647059
vt 22.58823529411765 -25.35294117647059
vt 22.58823529411765 -25.98039215686275
vt 21.96078431372549 -25.35294117647059
vt 21.96078431372549 -24.725490196078432
vt 22.58823529411765 -24.725490196078432
vt 22.58823529411765 -25.35294117647059
vt 21.96078431372549 -24.725490196078432
vt 21.96078431372549 -24.098039215686278
vt 22.58823529411765 -24.098039215686278
vt 22.58823529411765 -24.725490196078432
vt 21.96078431372549 -24.098039215686278
vt 21.96078431372549 -23.47058823529412
vt 22.58823529411765 -23.47058823529412
vt 22.58823529411765 -24.098039215686278
vt 21.96078431372549 -23.47058823529412
vt 21.96078431372549 -22.84313725490196
vt 22.58823529411765 -22.84313725490196
vt 22.58823529411765 -23.47058823529412
vt 21.96078431372549 -22.84313725490196
vt 21.96078431372549 -22.215686274509807
vt 22.58823529411765 -22.215686274509807
vt 22.58823529411765 -22.84313725490196
vt 21.96078431372549 -22.215686274509807
vt 21.96078431372549 -21.58823529411765
vt 22.58823529411765 -21.58823529411765
vt 22.58823529411765 -22.215686274509807
vt 21.96078431372549 -21.58823529411765
vt 21.96078431372549 -20.96078431372549
vt 22.58823529411765 -20.96078431372549
vt 22.58823529411765 -21.58823529411765
vt 22.58823529411765 -31
vt 22.58823529411765 -30.372549019607845
vt 23.215686274509807 -30.372549019607845
vt 23.215686274509807 -31
vt 22.58823529411765 -30.372549019607845
vt 22.58823529411765 -29.74509803921569
vt 23.215686274509807 -29.74509803921569
vt 23.215686274509807 -30.372549019607845
vt 22.58823529411765 -29.74509803921569
vt 22.58823529411765 -29.117647058823536
vt 23.215686274509807 -29.117647058823536
vt 23.215686274509807 -29.74509803921569
vt 22.58823529411765 -29.117647058823536
vt 22.58823529411765 -28.49019607843138
vt 23.215686274509807 -28.49019607843138
vt 23.215686274509807 -29.117647058823536
vt 22.58823529411765 -28.49019607843138
vt 22.58823529411765 -27.862745098039223
vt 23.215686274509807 -27.862745098039223
vt 23.215686274509807 -28.49019607843138
vt 22.58823529411765 -27.862745098039223
vt 22.58823529411765 -27.235294117647065
vt 23.215686274509807 -27.235294117647065
vt 23.215686274509807 -27.862745098039223
vt 22.58823529411765 -27.235294117647065
vt 22.58823529411765 -26.607843137254907
vt 23.215686274509807 -26.607843137254907
vt 23.215686274509807 -27.235294117647065
vt 22.58823529411765 -26.607843137254907
vt 22.58823529411765 -25.98039215686275
vt 23.215686274509807 -25.98039215686275
vt 23.215686274509807 -26.607843137254907
vt 22.58823529411765 -25.98039215686275
vt 22.58823529411765 -25.35294117647059
vt 23.215686274509807 -25.35294117647059
vt 23.215686274509807 -25.98039215686275
vt 22.58823529411765 -25.35294117647059
vt 22.58823529411765 -24.725490196078432
vt 23.215686274509807 -24.725490196078432
vt 23.215686274509807 -25.35294117647059
vt 22.58823529411765 -24.725490196078432
vt 22.58823529411765 -24.098039215686278
vt 23.215686274509807 -24.098039215686278
vt 23.215686274509807 -24.725490196078432
vt 22.58823529411765 -24.098039215686278
vt 22.58823529411765 -23.47058823529412
vt 23.215686274509807 -23.47058823529412
vt 23.215686274509807 -24.098039215686278
vt 22.58823529411765 -23.47058823529412
vt 22.58823529411765 -22.84313725490196
vt 23.215686274509807 -22.84313725490196
vt 23.215686274509807 -23.47058823529412
vt 22.58823529411765 -22.84313725490196
vt 22.58823529411765 -22.215686274509807
vt 23.215686274509807 -22.215686274509807
vt 23.215686274509807 -22.84313725490196
vt 22.58823529411765 -22.215686274509807
vt 22.58823529411765 -21.58823529411765
vt 23.215686274509807 -21.58823529411765
vt 23.215686274509807 -22.215686274509807
vt 22.58823529411765 -21.58823529411765
vt 22.58823529411765 -20.96078431372549
vt 23.215686274509807 -20.96078431372549
vt 23.215686274509807 -21.58823529411765
vt 23.215686274509807 -31
vt 23.215686274509807 -30.372549019607845
vt 23.84313725490196 -30.372549019607845
vt 23.84313725490196 -31
vt 23.215686274509807 -30.372549019607845
vt 23.215686274509807 -29.74509803921569
vt 23.84313725490196 -29.74509803921569
vt 23.84313725490196 -30.372549019607845
vt 23.215686274509807 -29.74509803921569
vt 23.215686274509807 -29.117647058823536
vt 23.84313725490196 -29.117647058823536
vt 23.84313725490196 -29.74509803921569
vt 23.215686274509807 -29.117647058823536
vt 23.215686274509807 -28.49019607843138
vt 23.84313725490196 -28.49019607843138
vt 23.84313725490196 -29.117647058823536
vt 23.215686274509807 -28.49019607843138
vt 23.215686274509807 -27.862745098039223
vt 23.84313725490196 -27.862745098039223
vt 23.84313725490196 -28.49019607843138
vt 23.215686274509807 -27.862745098039223
vt 23.215686274509807 -27.235294117647065
vt 23.84313725490196 -27.235294117647065
vt 23.84313725490196 -27.862745098039223
vt 23.215686274509807 -27.235294117647065
vt 23.215686274509807 -26.607843137254907
vt 23.84313725490196 -26.607843137254907
vt 23.84313725490196 -27.235294117647065
vt 23.215686274509807 -26.607843137254907
vt 23.215686274509807 -25.98039215686275
vt 23.84313725490196 -25.98039215686275
vt 23.84313725490196 -26.607843137254907
vt 23.215686274509807 -25.98039215686275
vt 23.215686274509807 -25.35294117647059
vt 23.84313725490196 -25.35294117647059
vt 23.84313725490196 -25.98039215686275
vt 23.215686274509807 -25.35294117647059
vt 23.215686274509807 -24.725490196078432
vt 23.84313725490196 -24.725490196078432
vt 23.84313725490196 -25.35294117647059
vt 23.215686274509807 -24.725490196078432
vt 23.215686274509807 -24.098039215686278
vt 23.84313725490196 -24.098039215686278
vt 23.84313725490196 -24.725490196078432
vt 23.215686274509807 -24.098039215686278
vt 23.215686274509807 -23.47058823529412
vt 23.84313725490196 -23.47058823529412
vt 23.84313725490196 -24.098039215686278
vt 23.215686274509807 -23.47058823529412
vt 23.215686274509807 -22.84313725490196
vt 23.84313725490196 -22.84313725490196
vt 23.84313725490196 -23.47058823529412
vt 23.215686274509807 -22.84313725490196
vt 23.215686274509807 -22.215686274509807
vt 23.84313725490196 -22.215686274509807
vt 23.84313725490196 -22.84313725490196
vt 23.215686274509807 -22.215686274509807
vt 23.215686274509807 -21.58823529411765
vt 23.84313725490196 -21.58823529411765
vt 23.84313725490196 -22.215686274509807
vt 23.215686274509807 -21.58823529411765
vt 23.215686274509807 -20.96078431372549
vt 23.84313725490196 -20.96078431372549
vt 23.84313725490196 -21.58823529411765
vt 23.84313725490196 -31
vt 23.84313725490196 -30.372549019607845
vt 24.47058823529412 -30.372549019607845
vt 24.47058823529412 -31
vt 23.84313725490196 -30.372549019607845
vt 23.84313725490196 -29.74509803921569
vt 24.47058823529412 -29.74509803921569
vt 24.47058823529412 -30.372549019607845
vt 23.84313725490196 -29.74509803921569
vt 23.84313725490196 -29.117647058823536
vt 24.47058823529412 -29.117647058823536
vt 24.47058823529412 -29.74509803921569
vt 23.84313725490196 -29.117647058823536
vt 23.84313725490196 -28.49019607843138
vt 24.47058823529412 -28.49019607843138
vt 24.47058823529412 -29.117647058823536
vt 23.84313725490196 -28.49019607843138
vt 23.84313725490196 -27.862745098039223
vt 24.47058823529412 -27.862745098039223
vt 24.47058823529412 -28.49019607843138
vt 23.84313725490196 -27.862745098039223
vt 23.84313725490196 -27.235294117647065
vt 24.47058823529412 -27.235294117647065
vt 24.47058823529412 -27.862745098039223
vt 23.84313725490196 -27.235294117647065
vt 23.84313725490196 -26.607843137254907
vt 24.47058823529412 -26.607843137254907
vt 24.47058823529412 -27.235294117647065
vt 23.84313725490196 -26.607843137254907
vt 23.84313725490196 -25.98039215686275
vt 24.47058823529412 -25.98039215686275
vt 24.47058823529412 -26.607843137254907
vt 23.84313725490196 -25.98039215686275
vt 23.84313725490196 -25.35294117647059
vt 24.47058823529412 -25.35294117647059
vt 24.47058823529412 -25.98039215686275
vt 23.84313725490196 -25.35294117647059
vt 23.84313725490196 -24.725490196078432
vt 24.47058823529412 -24.725490196078432
vt 24.47058823529412 -25.35294117647059
vt 23.84313725490196 -24.725490196078432
vt 23.84313725490196 -24.098039215686278
vt 24.47058823529412 -24.098039215686278
vt 24.47058823529412 -24.725490196078432
vt 23.84313725490196 -24.098039215686278
vt 23.84313725490196 -23.47058823529412
vt 24.47058823529412 -23.47058823529412
vt 24.47058823529412 -24.098039215686278
vt 23.84313725490196 -23.47058823529412
vt 23.84313725490196 -22.84313725490196
vt 24.47058823529412 -22.84313725490196
vt 24.47058823529412 -23.47058823529412
vt 23.84313725490196 -22.84313725490196
vt 23.84313725490196 -22.215686274509807
vt 24.47058823529412 -22.215686274509807
vt 24.47058823529412 -22.84313725490196
vt 23.84313725490196 -22.215686274509807
vt 23.84313725490196 -21.58823529411765
vt 24.47058823529412 -21.58823529411765
vt 24.47058823529412 -22.215686274509807
vt 23.84313725490196 -21.58823529411765
vt 23.84313725490196 -20.96078431372549
vt 24.47058823529412 -20.96078431372549
vt 24.47058823529412 -21.58823529411765
vt 24.47058823529412 -31
vt 24.47058823529412 -30.372549019607845
vt 25.098039215686278 -30.372549019607845
vt 25.098039215686278 -31
vt 24.47058823529412 -30.372549019607845
vt 24.47058823529412 -29.74509803921569
vt 25.098039215686278 -29.74509803921569
vt 25.098039215686278 -30.372549019607845
vt 24.47058823529412 -29.74509803921569
vt 24.47058823529412 -29.117647058823536
vt 25.098039215686278 -29.117647058823536
vt 25.098039215686278 -29.74509803921569
vt 24.47058823529412 -29.117647058823536
vt 24.47058823529412 -28.49019607843138
vt 25.098039215686278 -28.49019607843138
vt 25.098039215686278 -29.117647058823536
vt 24.47058823529412 -28.49019607843138
vt 24.47058823529412 -27.862745098039223
vt 25.098039215686278 -27.862745098039223
vt 25.098039215686278 -28.49019607843138
vt 24.47058823529412 -27.862745098039223
vt 24.47058823529412 -27.235294117647065
vt 25.098039215686278 -27.235294117647065
vt 25.098039215686278 -27.862745098039223
vt 24.47058823529412 -27.235294117647065
vt 24.47058823529412 -26.607843137254907
vt 25.098039215686278 -26.607843137254907
vt 25.098039215686278 -27.235294117647065
vt 24.47058823529412 -26.607843137254907
vt 24.47058823529412 -25.98039215686275
vt 25.098039215686278 -25.98039215686275
vt 25.098039215686278 -26.607843137254907
vt 24.47058823529412 -25.98039215686275
vt 24.47058823529412 -25.35294117647059
vt 25.098039215686278 -25.35294117647059
vt 25.098039215686278 -25.98039215686275
vt 24.47058823529412 -25.35294117647059
vt 24.47058823529412 -24.725490196078432
vt 25.098039215686278 -24.725490196078432
vt 25.098039215686278 -25.35294117647059
vt 24.47058823529412 -24.725490196078432
vt 24.47058823529412 -24.098039215686278
vt 25.098039215686278 -24.098039215686278
vt 25.098039215686278 -24.725490196078432
vt 24.47058823529412 -24.098039215686278
vt 24.47058823529412 -23.47058823529412
vt 25.098039215686278 -23.47058823529412
vt 25.098039215686278 -24.098039215686278
vt 24.47058823529412 -23.47058823529412
vt 24.47058823529412 -22.84313725490196
vt 25.098039215686278 -22.84313725490196
vt 25.098039215686278 -23.47058823529412
vt 24.47058823529412 -22.84313725490196
vt 24.47058823529412 -22.215686274509807
vt 25.098039215686278 -22.215686274509807
vt 25.098039215686278 -22.84313725490196
vt 24.47058823529412 -22.215686274509807
vt 24.47058823529412 -21.58823529411765
vt 25.098039215686278 -21.58823529411765
vt 25.098039215686278 -22.215686274509807
vt 24.47058823529412 -21.58823529411765
vt 24.47058823529412 -20.96078431372549
vt 25.098039215686278 -20.96078431372549
vt 25.098039215686278 -21.58823529411765
vt 25.098039215686278 -31
vt 25.098039215686278 -30.372549019607845
vt 25.725490196078432 -30.372549019607845
vt 25.725490196078432 -31
vt 25.098039215686278 -30.372549019607845
vt 25.098039215686278 -29.74509803921569
vt 25.725490196078432 -29.74509803921569
vt 25.725490196078432 -30.372549019607845
vt 25.098039215686278 -29.74509803921569
vt 25.098039215686278 -29.117647058823536
vt 25.725490196078432 -29.117647058823536
vt 25.725490196078432 -29.74509803921569
vt 25.098039215686278 -29.117647058823536
vt 25.098039215686278 -28.49019607843138
vt 25.725490196078432 -28.49019607843138
vt 25.725490196078432 -29.117647058823536
vt 25.098039215686278 -28.49019607843138
vt 25.098039215686278 -27.862745098039223
vt 25.725490196078432 -27.862745098039223
vt 25.725490196078432 -28.49019607843138
vt 25.098039215686278 -27.862745098039223
vt 25.098039215686278 -27.235294117647065
vt 25.725490196078432 -27.235294117647065
vt 25.725490196078432 -27.862745098039223
vt 25.098039215686278 -27.235294117647065
vt 25.098039215686278 -26.607843137254907
vt 25.725490196078432 -26.607843137254907
vt 25.725490196078432 -27.235294117647065
vt 25.098039215686278 -26.607843137254907
vt 25.098039215686278 -25.98039215686275
vt 25.725490196078432 -25.98039215686275
vt 25.725490196078432 -26.607843137254907
vt 25.098039215686278 -25.98039215686275
vt 25.098039215686278 -25.35294117647059
vt 25.725490196078432 -25.35294117647059
vt 25.725490196078432 -25.98039215686275
vt 25.098039215686278 -25.35294117647059
vt 25.098039215686278 -24.725490196078432
vt 25.725490196078432 -24.725490196078432
vt 25.725490196078432 -25.35294117647059
vt 25.098039215686278 -24.725490196078432
vt 25.098039215686278 -24.098039215686278
vt 25.725490196078432 -24.098039215686278
vt 25.725490196078432 -24.725490196078432
vt 25.098039215686278 -24.098039215686278
vt 25.098039215686278 -23.47058823529412
vt 25.725490196078432 -23.47058823529412
vt 25.725490196078432 -24.098039215686278
vt 25.098039215686278 -23.47058823529412
vt 25.098039215686278 -22.84313725490196
vt 25.725490196078432 -22.84313725490196
vt 25.725490196078432 -23.47058823529412
vt 25.098039215686278 -22.84313725490196
vt 25.098039215686278 -22.215686274509807
vt 25.725490196078432 -22.215686274509807
vt 25.725490196078432 -22.84313725490196
vt 25.098039215686278 -22.215686274509807
vt 25.098039215686278 -21.58823529411765
vt 25.725490196078432 -21.58823529411765
vt 25.725490196078432 -22.215686274509807
vt 25.098039215686278 -21.58823529411765
vt 25.098039215686278 -20.96078431372549
vt 25.725490196078432 -20.96078431372549
vt 25.725490196078432 -21.58823529411765
vt 25.725490196078432 -31
vt 25.725490196078432 -30.372549019607845
vt 26.35294117647059 -30.372549019607845
vt 26.35294117647059 -31
vt 25.725490196078432 -30.372549019607845
vt 25.725490196078432 -29.74509803921569
vt 26.35294117647059 -29.74509803921569
vt 26.35294117647059 -30.372549019607845
vt 25.725490196078432 -29.74509803921569
vt 25.725490196078432 -29.117647058823536
vt 26.35294117647059 -29.117647058823536
vt 26.35294117647059 -29.74509803921569
vt 25.725490196078432 -29.117647058823536
vt 25.725490196078432 -28.49019607843138
vt 26.35294117647059 -28.49019607843138
vt 26.35294117647059 -29.117647058823536
vt 25.725490196078432 -28.49019607843138
vt 25.725490196078432 -27.862745098039223
vt 26.35294117647059 -27.862745098039223
vt 26.35294117647059 -28.49019607843138
vt 25.725490196078432 -27.862745098039223
vt 25.725490196078432 -27.235294117647065
vt 26.35294117647059 -27.235294117647065
vt 26.35294117647059 -27.862745098039223
vt 25.725490196078432 -27.235294117647065
vt 25.725490196078432 -26.607843137254907
vt 26.35294117647059 -26.607843137254907
vt 26.35294117647059 -27.235294117647065
vt 25.725490196078432 -26.607843137254907
vt 25.725490196078432 -25.98039215686275
vt 26.35294117647059 -25.98039215686275
vt 26.35294117647059 -26.607843137254907
vt 25.725490196078432 -25.98039215686275
vt 25.725490196078432 -25.35294117647059
vt 26.35294117647059 -25.35294117647059
vt 26.35294117647059 -25.98039215686275
vt 25.725490196078432 -25.35294117647059
vt 25.725490196078432 -24.725490196078432
vt 26.35294117647059 -24.725490196078432
vt 26.35294117647059 -25.35294117647059
vt 25.725490196078432 -24.725490196078432
vt 25.725490196078432 -24.098039215686278
vt 26.35294117647059 -24.098039215686278
vt 26.35294117647059 -24.725490196078432
vt 25.725490196078432 -24.098039215686278
vt 25.725490196078432 -23.47058823529412
vt 26.35294117647059 -23.47058823529412
vt 26.35294117647059 -24.098039215686278
vt 25.725490196078432 -23.47058823529412
vt 25.725490196078432 -22.84313725490196
vt 26.35294117647059 -22.84313725490196
vt 26.35294117647059 -23.47058823529412
vt 25.725490196078432 -22.84313725490196
vt 25.725490196078432 -22.215686274509807
vt 26.35294117647059 -22.215686274509807
vt 26.35294117647059 -22.84313725490196
vt 25.725490196078432 -22.215686274509807
vt 25.725490196078432 -21.58823529411765
vt 26.35294117647059 -21.58823529411765
vt 26.35294117647059 -22.215686274509807
vt 25.725490196078432 -21.58823529411765
vt 25.725490196078432 -20.96078431372549
vt 26.35294117647059 -20.96078431372549
vt 26.35294117647059 -21.58823529411765
vt 26.35294117647059 -31
vt 26.35294117647059 -30.372549019607845
vt 26.98039215686275 -30.372549019607845
vt 26.98039215686275 -31
vt 26.35294117647059 -30.372549019607845
vt 26.35294117647059 -29.74509803921569
vt 26.98039215686275 -29.74509803921569
vt 26.98039215686275 -30.372549019607845
vt 26.35294117647059 -29.74509803921569
vt 26.35294117647059 -29.117647058823536
vt 26.98039215686275 -29.117647058823536
vt 26.98039215686275 -29.74509803921569
vt 26.35294117647059 -29.117647058823536
vt 26.35294117647059 -28.49019607843138
vt 26.98039215686275 -28.49019607843138
vt 26.98039215686275 -29.117647058823536
vt 26.35294117647059 -28.49019607843138
vt 26.35294117647059 -27.862745098039223
vt 26.98039215686275 -27.862745098039223
vt 26.98039215686275 -28.49019607843138
vt 26.35294117647059 -27.862745098039223
vt 26.35294117647059 -27.235294117647065
vt 26.98039215686275 -27.235294117647065
vt 26.98039215686275 -27.862745098039223
vt 26.35294117647059 -27.235294117647065
vt 26.35294117647059 -26.607843137254907
vt 26.98039215686275 -26.607843137254907
vt 26.98039215686275 -27.235294117647065
vt 26.35294117647059 -26.607843137254907
vt 26.35294117647059 -25.98039215686275
vt 26.98039215686275 -25.98039215686275
vt 26.98039215686275 -26.607843137254907
vt 26.35294117647059 -25.98039215686275
vt 26.35294117647059 -25.35294117647059
vt 26.98039215686275 -25.35294117647059
vt 26.98039215686275 -25.98039215686275
vt 26.35294117647059 -25.35294117647059
vt 26.35294117647059 -24.725490196078432
vt 26.98039215686275 -24.725490196078432
vt 26.98039215686275 -25.35294117647059
vt 26.35294117647059 -24.725490196078432
vt 26.35294117647059 -24.098039215686278
vt 26.98039215686275 -24.098039215686278
vt 26.98039215686275 -24.725490196078432
vt 26.35294117647059 -24.098039215686278
vt 26.35294117647059 -23.47058823529412
vt 26.98039215686275 -23.47058823529412
vt 26.98039215686275 -24.098039215686278
vt 26.35294117647059 -23.47058823529412
vt 26.35294117647059 -22.84313725490196
vt 26.98039215686275 -22.84313725490196
vt 26.98039215686275 -23.47058823529412
vt 26.35294117647059 -22.84313725490196
vt 26.35294117647059 -22.215686274509807
vt 26.98039215686275 -22.215686274509807
vt 26.98039215686275 -22.84313725490196
vt 26.35294117647059 -22.215686274509807
vt 26.35294117647059 -21.58823529411765
vt 26.98039215686275 -21.58823529411765
vt 26.98039215686275 -22.215686274509807
vt 26.35294117647059 -21.58823529411765
vt 26.35294117647059 -20.96078431372549
vt 26.98039215686275 -20.96078431372549
vt 26.98039215686275 -21.58823529411765
vt 26.98039215686275 -31
vt 26.98039215686275 -30.372549019607845
vt 27.607843137254907 -30.372549019607845
vt 27.607843137254907 -31
vt 26.98039215686275 -30.372549019607845
vt 26.98039215686275 -29.74509803921569
vt 27.607843137254907 -29.74509803921569
vt 27.607843137254907 -30.372549019607845
vt 26.98039215686275 -29.74509803921569
vt 26.98039215686275 -29.117647058823536
vt 27.607843137254907 -29.117647058823536
vt 27.607843137254907 -29.74509803921569
vt 26.98039215686275 -29.117647058823536
vt 26.98039215686275 -28.49019607843138
vt 27.607843137254907 -28.49019607843138
vt 27.607843137254907 -29.117647058823536
vt 26.98039215686275 -28.49019607843138
vt 26.98039215686275 -27.862745098039223
vt 27.607843137254907 -27.862745098039223
vt 27.607843137254907 -28.49019607843138
vt 26.98039215686275 -27.862745098039223
vt 26.98039215686275 -27.235294117647065
vt 27.607843137254907 -27.235294117647065
vt 27.607843137254907 -27.862745098039223
vt 26.98039215686275 -27.235294117647065
vt 26.98039215686275 -26.607843137254907
vt 27.607843137254907 -26.607843137254907
vt 27.607843137254907 -27.235294117647065
vt 26.98039215686275 -26.607843137254907
vt 26.98039215686275 -25.98039215686275
vt 27.607843137254907 -25.98039215686275
vt 27.607843137254907 -26.607843137254907
vt 26.98039215686275 -25.98039215686275
vt 26.98039215686275 -25.35294117647059
vt 27.607843137254907 -25.35294117647059
vt 27.607843137254907 -25.98039215686275
vt 26.98039215686275 -25.35294117647059
vt 26.98039215686275 -24.725490196078432
vt 27.607843137254907 -24.725490196078432
vt 27.607843137254907 -25.35294117647059
vt 26.98039215686275 -24.725490196078432
vt 26.98039215686275 -24.098039215686278
vt 27.607843137254907 -24.098039215686278
vt 27.607843137254907 -24.725490196078432
vt 26.98039215686275 -24.098039215686278
vt 26.98039215686275 -23.47058823529412
vt 27.607843137254907 -23.47058823529412
vt 27.607843137254907 -24.098039215686278
vt 26.98039215686275 -23.47058823529412
vt 26.98039215686275 -22.84313725490196
vt 27.607843137254907 -22.84313725490196
vt 27.607843137254907 -23.47058823529412
vt 26.98039215686275 -22.84313725490196
vt 26.98039215686275 -22.215686274509807
vt 27.607843137254907 -22.215686274509807
vt 27.607843137254907 -22.84313725490196
vt 26.98039215686275 -22.215686274509807
vt 26.98039215686275 -21.58823529411765
vt 27.607843137254907 -21.58823529411765
vt 27.607843137254907 -22.215686274509807
vt 26.98039215686275 -21.58823529411765
vt 26.98039215686275 -20.96078431372549
vt 27.607843137254907 -20.96078431372549
vt 27.607843137254907 -21.58823529411765
vt 27.607843137254907 -31
vt 27.607843137254907 -30.372549019607845
vt 28.235294117647065 -30.372549019607845
vt 28.235294117647065 -31
vt 27.607843137254907 -30.372549019607845
vt 27.607843137254907 -29.74509803921569
vt 28.235294117647065 -29.74509803921569
vt 28.235294117647065 -30.372549019607845
vt 27.607843137254907 -29.74509803921569
vt 27.607843137254907 -29.117647058823536
vt 28.235294117647065 -29.117647058823536
vt 28.235294117647065 -29.74509803921569
vt 27.607843137254907 -29.117647058823536
vt 27.607843137254907 -28.49019607843138
vt 28.235294117647065 -28.49019607843138
vt 28.235294117647065 -29.117647058823536
vt 27.607843137254907 -28.49019607843138
vt 27.607843137254907 -27.862745098039223
vt 28.235294117647065 -27.862745098039223
vt 28.235294117647065 -28.49019607843138
vt 27.607843137254907 -27.862745098039223
vt 27.607843137254907 -27.235294117647065
vt 28.235294117647065 -27.235294117647065
vt 28.235294117647065 -27.862745098039223
vt 27.607843137254907 -27.235294117647065
vt 27.607843137254907 -26.607843137254907
vt 28.235294117647065 -26.607843137254907
vt 28.235294117647065 -27.235294117647065
vt 27.607843137254907 -26.607843137254907
vt 27.607843137254907 -25.98039215686275
vt 28.235294117647065 -25.98039215686275
vt 28.235294117647065 -26.607843137254907
vt 27.607843137254907 -25.98039215686275
vt 27.607843137254907 -25.35294117647059
vt 28.235294117647065 -25.35294117647059
vt 28.235294117647065 -25.98039215686275
vt 27.607843137254907 -25.35294117647059
vt 27.607843137254907 -24.725490196078432
vt 28.235294117647065 -24.725490196078432
vt 28.235294117647065 -25.35294117647059
vt 27.607843137254907 -24.725490196078432
vt 27.607843137254907 -24.098039215686278
vt 28.235294117647065 -24.098039215686278
vt 28.235294117647065 -24.725490196078432
vt 27.607843137254907 -24.098039215686278
vt 27.607843137254907 -23.47058823529412
vt 28.235294117647065 -23.47058823529412
vt 28.235294117647065 -24.098039215686278
vt 27.607843137254907 -23.47058823529412
vt 27.607843137254907 -22.84313725490196
vt 28.235294117647065 -22.84313725490196
vt 28.235294117647065 -23.47058823529412
vt 27.607843137254907 -22.84313725490196
vt 27.607843137254907 -22.215686274509807
vt 28.235294117647065 -22.215686274509807
vt 28.235294117647065 -22.84313725490196
vt 27.607843137254907 -22.215686274509807
vt 27.607843137254907 -21.58823529411765
vt 28.235294117647065 -21.58823529411765
vt 28.235294117647065 -22.215686274509807
vt 27.607843137254907 -21.58823529411765
vt 27.607843137254907 -20.96078431372549
vt 28.235294117647065 -20.96078431372549
vt 28.235294117647065 -21.58823529411765
vt 28.235294117647065 -31
vt 28.235294117647065 -30.372549019607845
vt 28.862745098039223 -30.372549019607845
vt 28.862745098039223 -31
vt 28.235294117647065 -30.372549019607845
vt 28.235294117647065 -29.74509803921569
vt 28.862745098039223 -29.74509803921569
vt 28.862745098039223 -30.372549019607845
vt 28.235294117647065 -29.74509803921569
vt 28.235294117647065 -29.117647058823536
vt 28.862745098039223 -29.117647058823536
vt 28.862745098039223 -29.74509803921569
vt 28.235294117647065 -29.117647058823536
vt 28.235294117647065 -28.49019607843138
vt 28.862745098039223 -28.49019607843138
vt 28.862745098039223 -29.117647058823536
vt 28.235294117647065 -28.49019607843138
vt 28.235294117647065 -27.862745098039223
vt 28.862745098039223 -27.862745098039223
vt 28.862745098039223 -28.49019607843138
vt 28.235294117647065 -27.862745098039223
vt 28.235294117647065 -27.235294117647065
vt 28.862745098039223 -27.235294117647065
vt 28.862745098039223 -27.862745098039223
vt 28.235294117647065 -27.235294117647065
vt 28.235294117647065 -26.607843137254907
vt 28.862745098039223 -26.607843137254907
vt 28.862745098039223 -27.235294117647065
vt 28.235294117647065 -26.607843137254907
vt 28.235294117647065 -25.98039215686275
vt 28.862745098039223 -25.98039215686275
vt 28.862745098039223 -26.607843137254907
vt 28.235294117647065 -25.98039215686275
vt 28.235294117647065 -25.35294117647059
vt 28.862745098039223 -25.35294117647059
vt 28.862745098039223 -25.98039215686275
vt 28.235294117647065 -25.35294117647059
vt 28.235294117647065 -24.725490196078432
vt 28.862745098039223 -24.725490196078432
vt 28.862745098039223 -25.35294117647059
vt 28.235294117647065 -24.725490196078432
vt 28.235294117647065 -24.098039215686278
vt 28.862745098039223 -24.098039215686278
vt 28.862745098039223 -24.725490196078432
vt 28.235294117647065 -24.098039215686278
vt 28.235294117647065 -23.47058823529412
vt 28.862745098039223 -23.47058823529412
vt 28.862745098039223 -24.098039215686278
vt 28.235294117647065 -23.47058823529412
vt 28.235294117647065 -22.84313725490196
vt 28.862745098039223 -22.84313725490196
vt 28.862745098039223 -23.47058823529412
vt 28.235294117647065 -22.84313725490196
vt 28.235294117647065 -22.215686274509807
vt 28.862745098039223 -22.215686274509807
vt 28.862745098039223 -22.84313725490196
vt 28.235294117647065 -22.215686274509807
vt 28.235294117647065 -21.58823529411765
vt 28.862745098039223 -21.58823529411765
vt 28.862745098039223 -22.215686274509807
vt 28.235294117647065 -21.58823529411765
vt 28.235294117647065 -20.96078431372549
vt 28.862745098039223 -20.96078431372549
vt 28.862745098039223 -21.58823529411765
vt 28.862745098039223 -31
vt 28.862745098039223 -30.372549019607845
vt 29.49019607843138 -30.372549019607845
vt 29.49019607843138 -31
vt 28.862745098039223 -30.372549019607845
vt 28.862745098039223 -29.74509803921569
vt 29.49019607843138 -29.74509803921569
vt 29.49019607843138 -30.372549019607845
vt 28.862745098039223 -29.74509803921569
vt 28.862745098039223 -29.117647058823536
vt 29.49019607843138 -29.117647058823536
vt 29.49019607843138 -29.74509803921569
vt 28.862745098039223 -29.117647058823536
vt 28.862745098039223 -28.49019607843138
vt 29.49019607843138 -28.49019607843138
vt 29.49019607843138 -29.117647058823536
vt 28.862745098039223 -28.49019607843138
vt 28.862745098039223 -27.862745098039223
vt 29.49019607843138 -27.862745098039223
vt 29.49019607843138 -28.49019607843138
vt 28.862745098039223 -27.862745098039223
vt 28.862745098039223 -27.235294117647065
vt 29.49019607843138 -27.235294117647065
vt 29.49019607843138 -27.862745098039223
vt 28.862745098039223 -27.235294117647065
vt 28.862745098039223 -26.607843137254907
vt 29.49019607843138 -26.607843137254907
vt 29.49019607843138 -27.235294117647065
vt 28.862745098039223 -26.607843137254907
vt 28.862745098039223 -25.98039215686275
vt 29.49019607843138 -25.98039215686275
vt 29.49019607843138 -26.607843137254907
vt 28.862745098039223 -25.98039215686275
vt 28.862745098039223 -25.35294117647059
vt 29.49019607843138 -25.35294117647059
vt 29.49019607843138 -25.98039215686275
vt 28.862745098039223 -25.35294117647059
vt 28.862745098039223 -24.725490196078432
vt 29.49019607843138 -24.725490196078432
vt 29.49019607843138 -25.35294117647059
vt 28.862745098039223 -24.725490196078432
vt 28.862745098039223 -24.098039215686278
vt 29.49019607843138 -24.098039215686278
vt 29.49019607843138 -24.725490196078432
vt 28.862745098039223 -24.098039215686278
vt 28.862745098039223 -23.47058823529412
vt 29.49019607843138 -23.47058823529412
vt 29.49019607843138 -24.098039215686278
vt 28.862745098039223 -23.47058823529412
vt 28.862745098039223 -22.84313725490196
vt 29.49019607843138 -22.84313725490196
vt 29.49019607843138 -23.47058823529412
vt 28.862745098039223 -22.84313725490196
vt 28.862745098039223 -22.215686274509807
vt 29.49019607843138 -22.215686274509807
vt 29.49019607843138 -22.84313725490196
vt 28.862745098039223 -22.215686274509807
vt 28.862745098039223 -21.58823529411765
vt 29.49019607843138 -21.58823529411765
vt 29.49019607843138 -22.215686274509807
vt 28.862745098039223 -21.58823529411765
vt 28.862745098039223 -20.96078431372549
vt 29.49019607843138 -20.96078431372549
vt 29.49019607843138 -21.58823529411765
vt 29.49019607843138 -31
vt 29.49019607843138 -30.372549019607845
vt 30.117647058823536 -30.372549019607845
vt 30.117647058823536 -31
vt 29.49019607843138 -30.372549019607845
vt 29.49019607843138 -29.74509803921569
vt 30.117647058823536 -29.74509803921569
vt 30.117647058823536 -30.372549019607845
vt 29.49019607843138 -29.74509803921569
vt 29.49019607843138 -29.117647058823536
vt 30.117647058823536 -29.117647058823536
vt 30.117647058823536 -29.74509803921569
vt 29.49019607843138 -29.117647058823536
vt 29.49019607843138 -28.49019607843138
vt 30.117647058823536 -28.49019607843138
vt 30.117647058823536 -29.117647058823536
vt 29.49019607843138 -28.49019607843138
vt 29.49019607843138 -27.862745098039223
vt 30.117647058823536 -27.862745098039223
vt 30.117647058823536 -28.49019607843138
vt 29.49019607843138 -27.862745098039223
vt 29.49019607843138 -27.235294117647065
vt 30.117647058823536 -27.235294117647065
vt 30.117647058823536 -27.862745098039223
vt 29.49019607843138 -27.235294117647065
vt 29.49019607843138 -26.607843137254907
vt 30.117647058823536 -26.607843137254907
vt 30.117647058823536 -27.235294117647065
vt 29.49019607843138 -26.607843137254907
vt 29.49019607843138 -25.98039215686275
vt 30.117647058823536 -25.98039215686275
vt 30.117647058823536 -26.607843137254907
vt 29.49019607843138 -25.98039215686275
vt 29.49019607843138 -25.35294117647059
vt 30.117647058823536 -25.35294117647059
vt 30.117647058823536 -25.98039215686275
vt 29.49019607843138 -25.35294117647059
vt 29.49019607843138 -24.725490196078432
vt 30.117647058823536 -24.725490196078432
vt 30.117647058823536 -25.35294117647059
vt 29.49019607843138 -24.725490196078432
vt 29.49019607843138 -24.098039215686278
vt 30.117647058823536 -24.098039215686278
vt 30.117647058823536 -24.725490196078432
vt 29.49019607843138 -24.098039215686278
vt 29.49019607843138 -23.47058823529412
vt 30.117647058823536 -23.47058823529412
vt 30.117647058823536 -24.098039215686278
vt 29.49019607843138 -23.47058823529412
vt 29.49019607843138 -22.84313725490196
vt 30.117647058823536 -22.84313725490196
vt 30.117647058823536 -23.47058823529412
vt 29.49019607843138 -22.84313725490196
vt 29.49019607843138 -22.215686274509807
vt 30.117647058823536 -22.215686274509807
vt 30.117647058823536 -22.84313725490196
vt 29.49019607843138 -22.215686274509807
vt 29.49019607843138 -21.58823529411765
vt 30.117647058823536 -21.58823529411765
vt 30.117647058823536 -22.215686274509807
vt 29.49019607843138 -21.58823529411765
vt 29.49019607843138 -20.96078431372549
vt 30.117647058823536 -20.96078431372549
vt 30.117647058823536 -21.58823529411765
vt 30.117647058823536 -31
vt 30.117647058823536 -30.372549019607845
vt 30.74509803921569 -30.372549019607845
vt 30.74509803921569 -31
vt 30.117647058823536 -30.372549019607845
vt 30.117647058823536 -29.74509803921569
vt 30.74509803921569 -29.74509803921569
vt 30.74509803921569 -30.372549019607845
vt 30.117647058823536 -29.74509803921569
vt 30.117647058823536 -29.117647058823536
vt 30.74509803921569 -29.117647058823536
vt 30.74509803921569 -29.74509803921569
vt 30.117647058823536 -29.117647058823536
vt 30.117647058823536 -28.49019607843138
vt 30.74509803921569 -28.49019607843138
vt 30.74509803921569 -29.117647058823536
vt 30.117647058823536 -28.49019607843138
vt 30.117647058823536 -27.862745098039223
vt 30.74509803921569 -27.862745098039223
vt 30.74509803921569 -28.49019607843138
vt 30.117647058823536 -27.862745098039223
vt 30.117647058823536 -27.235294117647065
vt 30.74509803921569 -27.235294117647065
vt 30.74509803921569 -27.862745098039223
vt 30.117647058823536 -27.235294117647065
vt 30.117647058823536 -26.607843137254907
vt 30.74509803921569 -26.607843137254907
vt 30.74509803921569 -27.235294117647065
vt 30.117647058823536 -26.607843137254907
vt 30.117647058823536 -25.98039215686275
vt 30.74509803921569 -25.98039215686275
vt 30.74509803921569 -26.607843137254907
vt 30.117647058823536 -25.98039215686275
vt 30.117647058823536 -25.35294117647059
vt 30.74509803921569 -25.35294117647059
vt 30.74509803921569 -25.98039215686275
vt 30.117647058823536 -25.35294117647059
vt 30.117647058823536 -24.725490196078432
vt 30.74509803921569 -24.725490196078432
vt 30.74509803921569 -25.35294117647059
vt 30.117647058823536 -24.725490196078432
vt 30.117647058823536 -24.098039215686278
vt 30.74509803921569 -24.098039215686278
vt 30.74509803921569 -24.725490196078432
vt 30.117647058823536 -24.098039215686278
vt 30.117647058823536 -23.47058823529412
vt 30.74509803921569 -23.47058823529412
vt 30.74509803921569 -24.098039215686278
vt 30.117647058823536 -23.47058823529412
vt 30.117647058823536 -22.84313725490196
vt 30.74509803921569 -22.84313725490196
vt 30.74509803921569 -23.47058823529412
vt 30.117647058823536 -22.84313725490196
vt 30.117647058823536 -22.215686274509807
vt 30.74509803921569 -22.215686274509807
vt 30.74509803921569 -22.84313725490196
vt 30.117647058823536 -22.215686274509807
vt 30.117647058823536 -21.58823529411765
vt 30.74509803921569 -21.58823529411765
vt 30.74509803921569 -22.215686274509807
vt 30.117647058823536 -21.58823529411765
vt 30.117647058823536 -20.96078431372549
vt 30.74509803921569 -20.96078431372549
vt 30.74509803921569 -21.58823529411765
vt 30.74509803921569 -31
vt 30.74509803921569 -30.372549019607845
vt 31.372549019607845 -30.372549019607845
vt 31.372549019607845 -31
vt 30.74509803921569 -30.372549019607845
vt 30.74509803921569 -29.74509803921569
vt 31.372549019607845 -29.74509803921569
vt 31.372549019607845 -30.372549019607845
vt 30.74509803921569 -29.74509803921569
vt 30.74509803921569 -29.117647058823536
vt 31.372549019607845 -29.117647058823536
vt 31.372549019607845 -29.74509803921569
vt 30.74509803921569 -29.117647058823536
vt 30.74509803921569 -28.49019607843138
vt 31.372549019607845 -28.49019607843138
vt 31.372549019607845 -29.117647058823536
vt 30.74509803921569 -28.49019607843138
vt 30.74509803921569 -27.862745098039223
vt 31.372549019607845 -27.862745098039223
vt 31.372549019607845 -28.49019607843138
vt 30.74509803921569 -27.862745098039223
vt 30.74509803921569 -27.235294117647065
vt 31.372549019607845 -27.235294117647065
vt 31.372549019607845 -27.862745098039223
vt 30.74509803921569 -27.235294117647065
vt 30.74509803921569 -26.607843137254907
vt 31.372549019607845 -26.607843137254907
vt 31.372549019607845 -27.235294117647065
vt 30.74509803921569 -26.607843137254907
vt 30.74509803921569 -25.98039215686275
vt 31.372549019607845 -25.98039215686275
vt 31.372549019607845 -26.607843137254907
vt 30.74509803921569 -25.98039215686275
vt 30.74509803921569 -25.35294117647059
vt 31.372549019607845 -25.35294117647059
vt 31.372549019607845 -25.98039215686275
vt 30.74509803921569 -25.35294117647059
vt 30.74509803921569 -24.725490196078432
vt 31.372549019607845 -24.725490196078432
vt 31.372549019607845 -25.35294117647059
vt 30.74509803921569 -24.725490196078432
vt 30.74509803921569 -24.098039215686278
vt 31.372549019607845 -24.098039215686278
vt 31.372549019607845 -24.725490196078432
vt 30.74509803921569 -24.098039215686278
vt 30.74509803921569 -23.47058823529412
vt 31.372549019607845 -23.47058823529412
vt 31.372549019607845 -24.098039215686278
vt 30.74509803921569 -23.47058823529412
vt 30.74509803921569 -22.84313725490196
vt 31.372549019607845 -22.84313725490196
vt 31.372549019607845 -23.47058823529412
vt 30.74509803921569 -22.84313725490196
vt 30.74509803921569 -22.215686274509807
vt 31.372549019607845 -22.215686274509807
vt 31.372549019607845 -22.84313725490196
vt 30.74509803921569 -22.215686274509807
vt 30.74509803921569 -21.58823529411765
vt 31.372549019607845 -21.58823529411765
vt 31.372549019607845 -22.215686274509807
vt 30.74509803921569 -21.58823529411765
vt 30.74509803921569 -20.96078431372549
vt 31.372549019607845 -20.96078431372549
vt 31.372549019607845 -21.58823529411765
vt 31.372549019607845 -31
vt 31.372549019607845 -30.372549019607845
vt 32 -30.372549019607845
vt 32 -31
vt 31.372549019607845 -30.372549019607845
vt 31.372549019607845 -29.74509803921569
vt 32 -29.74509803921569
vt 32 -30.372549019607845
vt 31.372549019607845 -29.74509803921569
vt 31.372549019607845 -29.117647058823536
vt 32 -29.117647058823536
vt 32 -29.74509803921569
vt 31.372549019607845 -29.117647058823536
vt 31.372549019607845 -28.49019607843138
vt 32 -28.49019607843138
vt 32 -29.117647058823536
vt 31.372549019607845 -28.49019607843138
vt 31.372549019607845 -27.862745098039223
vt 32 -27.862745098039223
vt 32 -28.49019607843138
vt 31.372549019607845 -27.862745098039223
vt 31.372549019607845 -27.235294117647065
vt 32 -27.235294117647065
vt 32 -27.862745098039223
vt 31.372549019607845 -27.235294117647065
vt 31.372549019607845 -26.607843137254907
vt 32 -26.607843137254907
vt 32 -27.235294117647065
vt 31.372549019607845 -26.607843137254907
vt 31.372549019607845 -25.98039215686275
vt 32 -25.98039215686275
vt 32 -26.607843137254907
vt 31.372549019607845 -25.98039215686275
vt 31.372549019607845 -25.35294117647059
vt 32 -25.35294117647059
vt 32 -25.98039215686275
vt 31.372549019607845 -25.35294117647059
vt 31.372549019607845 -24.725490196078432
vt 32 -24.725490196078432
vt 32 -25.35294117647059
vt 31.372549019607845 -24.725490196078432
vt 31.372549019607845 -24.098039215686278
vt 32 -24.098039215686278
vt 32 -24.725490196078432
vt 31.372549019607845 -24.098039215686278
vt 31.372549019607845 -23.47058823529412
vt 32 -23.47058823529412
vt 32 -24.098039215686278
vt 31.372549019607845 -23.47058823529412
vt 31.372549019607845 -22.84313725490196
vt 32 -22.84313725490196
vt 32 -23.47058823529412
vt 31.372549019607845 -22.84313725490196
vt 31.372549019607845 -22.215686274509807
vt 32 -22.215686274509807
vt 32 -22.84313725490196
vt 31.372549019607845 -22.215686274509807
vt 31.372549019607845 -21.58823529411765
vt 32 -21.58823529411765
vt 32 -22.215686274509807
vt 31.372549019607845 -21.58823529411765
vt 31.372549019607845 -20.96078431372549
vt 32 -20.96078431372549
vt 32 -21.58823529411765
vt 25.72549019607843 -31
vt 25.72549019607843 -30.372549019607845
vt 25.09803921568627 -30.372549019607845
vt 25.09803921568627 -31
vt 25.72549019607843 -30.372549019607845
vt 25.72549019607843 -29.74509803921569
vt 25.09803921568627 -29.74509803921569
vt 25.09803921568627 -30.372549019607845
vt 25.72549019607843 -29.74509803921569
vt 25.72549019607843 -29.117647058823536
vt 25.09803921568627 -29.117647058823536
vt 25.09803921568627 -29.74509803921569
vt 25.72549019607843 -29.117647058823536
vt 25.72549019607843 -28.49019607843138
vt 25.09803921568627 -28.49019607843138
vt 25.09803921568627 -29.117647058823536
vt 25.72549019607843 -28.49019607843138
vt 25.72549019607843 -27.862745098039223
vt 25.09803921568627 -27.862745098039223
vt 25.09803921568627 -28.49019607843138
vt 25.72549019607843 -27.862745098039223
vt 25.72549019607843 -27.235294117647065
vt 25.09803921568627 -27.235294117647065
vt 25.09803921568627 -27.862745098039223
vt 25.72549019607843 -27.235294117647065
vt 25.72549019607843 -26.607843137254907
vt 25.09803921568627 -26.607843137254907
vt 25.09803921568627 -27.235294117647065
vt 25.72549019607843 -26.607843137254907
vt 25.72549019607843 -25.98039215686275
vt 25.09803921568627 -25.98039215686275
vt 25.09803921568627 -26.607843137254907
vt 25.72549019607843 -25.98039215686275
vt 25.72549019607843 -25.35294117647059
vt 25.09803921568627 -25.35294117647059
vt 25.09803921568627 -25.98039215686275
vt 25.72549019607843 -25.35294117647059
vt 25.72549019607843 -24.725490196078432
vt 25.09803921568627 -24.725490196078432
vt 25.09803921568627 -25.35294117647059
vt 25.72549019607843 -24.725490196078432
vt 25.72549019607843 -24.098039215686278
vt 25.09803921568627 -24.098039215686278
vt 25.09803921568627 -24.725490196078432
vt 25.72549019607843 -24.098039215686278
vt 25.72549019607843 -23.47058823529412
vt 25.09803921568627 -23.47058823529412
vt 25.09803921568627 -24.098039215686278
vt 25.72549019607843 -23.47058823529412
vt 25.72549019607843 -22.84313725490196
vt 25.09803921568627 -22.84313725490196
vt 25.09803921568627 -23.47058823529412
vt 25.72549019607843 -22.84313725490196
vt 25.72549019607843 -22.215686274509807
vt 25.09803921568627 -22.215686274509807
vt 25.09803921568627 -22.84313725490196
vt 25.72549019607843 -22.215686274509807
vt 25.72549019607843 -21.58823529411765
vt 25.09803921568627 -21.58823529411765
vt 25.09803921568627 -22.215686274509807
vt 25.72549019607843 -21.58823529411765
vt 25.72549019607843 -20.96078431372549
vt 25.09803921568627 -20.96078431372549
vt 25.09803921568627 -21.58823529411765
vt 26.352941176470587 -31
vt 26.352941176470587 -30.372549019607845
vt 25.72549019607843 -30.372549019607845
vt 25.72549019607843 -31
vt 26.352941176470587 -30.372549019607845
vt 26.352941176470587 -29.74509803921569
vt 25.72549019607843 -29.74509803921569
vt 25.72549019607843 -30.372549019607845
vt 26.352941176470587 -29.74509803921569
vt 26.352941176470587 -29.117647058823536
vt 25.72549019607843 -29.117647058823536
vt 25.72549019607843 -29.74509803921569
vt 26.352941176470587 -29.117647058823536
vt 26.352941176470587 -28.49019607843138
vt 25.72549019607843 -28.49019607843138
vt 25.72549019607843 -29.117647058823536
vt 26.352941176470587 -28.49019607843138
vt 26.352941176470587 -27.862745098039223
vt 25.72549019607843 -27.862745098039223
vt 25.72549019607843 -28.49019607843138
vt 26.352941176470587 -27.862745098039223
vt 26.352941176470587 -27.235294117647065
vt 25.72549019607843 -27.235294117647065
vt 25.72549019607843 -27.862745098039223
vt 26.352941176470587 -27.235294117647065
vt 26.352941176470587 -26.607843137254907
vt 25.72549019607843 -26.607843137254907
vt 25.72549019607843 -27.235294117647065
vt 26.352941176470587 -26.607843137254907
vt 26.352941176470587 -25.98039215686275
vt 25.72549019607843 -25.98039215686275
vt 25.72549019607843 -26.607843137254907
vt 26.352941176470587 -25.98039215686275
vt 26.352941176470587 -25.35294117647059
vt 25.72549019607843 -25.35294117647059
vt 25.72549019607843 -25.98039215686275
vt 26.352941176470587 -25.35294117647059
vt 26.352941176470587 -24.725490196078432
vt 25.72549019607843 -24.725490196078432
vt 25.72549019607843 -25.35294117647059
vt 26.352941176470587 -24.725490196078432
vt 26.352941176470587 -24.098039215686278
vt 25.72549019607843 -24.098039215686278
vt 25.72549019607843 -24.725490196078432
vt 26.352941176470587 -24.098039215686278
vt 26.352941176470587 -23.47058823529412
vt 25.72549019607843 -23.47058823529412
vt 25.72549019607843 -24.098039215686278
vt 26.352941176470587 -23.47058823529412
vt 26.352941176470587 -22.84313725490196
vt 25.72549019607843 -22.84313725490196
vt 25.72549019607843 -23.47058823529412
vt 26.352941176470587 -22.84313725490196
vt 26.352941176470587 -22.215686274509807
vt 25.72549019607843 -22.215686274509807
vt 25.72549019607843 -22.84313725490196
vt 26.352941176470587 -22.215686274509807
vt 26.352941176470587 -21.58823529411765
vt 25.72549019607843 -21.58823529411765
vt 25.72549019607843 -22.215686274509807
vt 26.352941176470587 -21.58823529411765
vt 26.352941176470587 -20.96078431372549
vt 25.72549019607843 -20.96078431372549
vt 25.72549019607843 -21.58823529411765
vt 26.980392156862745 -31
vt 26.980392156862745 -30.372549019607845
vt 26.352941176470587 -30.372549019607845
vt 26.352941176470587 -31
vt 26.980392156862745 -30.372549019607845
vt 26.980392156862745 -29.74509803921569
vt 26.352941176470587 -29.74509803921569
vt 26.352941176470587 -30.372549019607845
vt 26.980392156862745 -29.74509803921569
vt 26.980392156862745 -29.117647058823536
vt 26.352941176470587 -29.117647058823536
vt 26.352941176470587 -29.74509803921569
vt 26.980392156862745 -29.117647058823536
vt 26.980392156862745 -28.49019607843138
vt 26.352941176470587 -28.49019607843138
vt 26.352941176470587 -29.117647058823536
vt 26.980392156862745 -28.49019607843138
vt 26.980392156862745 -27.862745098039223
vt 26.352941176470587 -27.862745098039223
vt 26.352941176470587 -28.49019607843138
vt 26.980392156862745 -27.862745098039223
vt 26.980392156862745 -27.235294117647065
vt 26.352941176470587 -27.235294117647065
vt 26.352941176470587 -27.862745098039223
vt 26.980392156862745 -27.235294117647065
vt 26.980392156862745 -26.607843137254907
vt 26.352941176470587 -26.607843137254907
vt 26.352941176470587 -27.235294117647065
vt 26.980392156862745 -26.607843137254907
vt 26.980392156862745 -25.98039215686275
vt 26.352941176470587 -25.98039215686275
vt 26.352941176470587 -26.607843137254907
vt 26.980392156862745 -25.98039215686275
vt 26.980392156862745 -25.35294117647059
vt 26.352941176470587 -25.35294117647059
vt 26.352941176470587 -25.98039215686275
vt 26.980392156862745 -25.35294117647059
vt 26.980392156862745 -24.725490196078432
vt 26.352941176470587 -24.725490196078432
vt 26.352941176470587 -25.35294117647059
vt 26.980392156862745 -24.725490196078432
vt 26.980392156862745 -24.098039215686278
vt 26.352941176470587 -24.098039215686278
vt 26.352941176470587 -24.725490196078432
vt 26.980392156862745 -24.098039215686278
vt 26.980392156862745 -23.47058823529412
vt 26.352941176470587 -23.47058823529412
vt 26.352941176470587 -24.098039215686278
vt 26.980392156862745 -23.47058823529412
vt 26.980392156862745 -22.84313725490196
vt 26.352941176470587 -22.84313725490196
vt 26.352941176470587 -23.47058823529412
vt 26.980392156862745 -22.84313725490196
vt 26.980392156862745 -22.215686274509807
vt 26.352941176470587 -22.215686274509807
vt 26.352941176470587 -22.84313725490196
vt 26.980392156862745 -22.215686274509807
vt 26.980392156862745 -21.58823529411765
vt 26.352941176470587 -21.58823529411765
vt 26.352941176470587 -22.215686274509807
vt 26.980392156862745 -21.58823529411765
vt 26.980392156862745 -20.96078431372549
vt 26.352941176470587 -20.96078431372549
vt 26.352941176470587 -21.58823529411765
vt 27.607843137254903 -31
vt 27.607843137254903 -30.372549019607845
vt 26.980392156862745 -30.372549019607845
vt 26.980392156862745 -31
vt 27.607843137254903 -30.372549019607845
vt 27.607843137254903 -29.74509803921569
vt 26.980392156862745 -29.74509803921569
vt 26.980392156862745 -30.372549019607845
vt 27.607843137254903 -29.74509803921569
vt 27.607843137254903 -29.117647058823536
vt 26.980392156862745 -29.117647058823536
vt 26.980392156862745 -29.74509803921569
vt 27.607843137254903 -29.117647058823536
vt 27.607843137254903 -28.49019607843138
vt 26.980392156862745 -28.49019607843138
vt 26.980392156862745 -29.117647058823536
vt 27.607843137254903 -28.49019607843138
vt 27.607843137254903 -27.862745098039223
vt 26.980392156862745 -27.862745098039223
vt 26.980392156862745 -28.49019607843138
vt 27.607843137254903 -27.862745098039223
vt 27.607843137254903 -27.235294117647065
vt 26.980392156862745 -27.235294117647065
vt 26.980392156862745 -27.862745098039223
vt 27.607843137254903 -27.235294117647065
vt 27.607843137254903 -26.607843137254907
vt 26.980392156862745 -26.607843137254907
vt 26.980392156862745 -27.235294117647065
vt 27.607843137254903 -26.607843137254907
vt 27.607843137254903 -25.98039215686275
vt 26.980392156862745 -25.98039215686275
vt 26.980392156862745 -26.607843137254907
vt 27.607843137254903 -25.98039215686275
vt 27.607843137254903 -25.35294117647059
vt 26.980392156862745 -25.35294117647059
vt 26.980392156862745 -25.98039215686275
vt 27.607843137254903 -25.35294117647059
vt 27.607843137254903 -24.725490196078432
vt 26.980392156862745 -24.725490196078432
vt 26.980392156862745 -25.35294117647059
vt 27.607843137254903 -24.725490196078432
vt 27.607843137254903 -24.098039215686278
vt 26.980392156862745 -24.098039215686278
vt 26.980392156862745 -24.725490196078432
vt 27.607843137254903 -24.098039215686278
vt 27.607843137254903 -23.47058823529412
vt 26.980392156862745 -23.47058823529412
vt 26.980392156862745 -24.098039215686278
vt 27.607843137254903 -23.47058823529412
vt 27.607843137254903 -22.84313725490196
vt 26.980392156862745 -22.84313725490196
vt 26.980392156862745 -23.47058823529412
vt 27.607843137254903 -22.84313725490196
vt 27.607843137254903 -22.215686274509807
vt 26.980392156862745 -22.215686274509807
vt 26.980392156862745 -22.84313725490196
vt 27.607843137254903 -22.215686274509807
vt 27.607843137254903 -21.58823529411765
vt 26.980392156862745 -21.58823529411765
vt 26.980392156862745 -22.215686274509807
vt 27.607843137254903 -21.58823529411765
vt 27.607843137254903 -20.96078431372549
vt 26.980392156862745 -20.96078431372549
vt 26.980392156862745 -21.58823529411765
vt 28.235294117647058 -31
vt 28.235294117647058 -30.372549019607845
vt 27.607843137254903 -30.372549019607845
vt 27.607843137254903 -31
vt 28.235294117647058 -30.372549019607845
vt 28.235294117647058 -29.74509803921569
vt 27.607843137254903 -29.74509803921569
vt 27.607843137254903 -30.372549019607845
vt 28.235294117647058 -29.74509803921569
vt 28.235294117647058 -29.117647058823536
vt 27.607843137254903 -29.117647058823536
vt 27.607843137254903 -29.74509803921569
vt 28.235294117647058 -29.117647058823536
vt 28.235294117647058 -28.49019607843138
vt 27.607843137254903 -28.49019607843138
vt 27.607843137254903 -29.117647058823536
vt 28.235294117647058 -28.49019607843138
vt 28.235294117647058 -27.862745098039223
vt 27.607843137254903 -27.862745098039223
vt 27.607843137254903 -28.49019607843138
vt 28.235294117647058 -27.862745098039223
vt 28.235294117647058 -27.235294117647065
vt 27.607843137254903 -27.235294117647065
vt 27.607843137254903 -27.862745098039223
vt 28.235294117647058 -27.235294117647065
vt 28.235294117647058 -26.607843137254907
vt 27.607843137254903 -26.607843137254907
vt 27.607843137254903 -27.235294117647065
vt 28.235294117647058 -26.607843137254907
vt 28.235294117647058 -25.98039215686275
vt 27.607843137254903 -25.98039215686275
vt 27.607843137254903 -26.607843137254907
vt 28.235294117647058 -25.98039215686275
vt 28.235294117647058 -25.35294117647059
vt 27.607843137254903 -25.35294117647059
vt 27.607843137254903 -25.98039215686275
vt 28.235294117647058 -25.35294117647059
vt 28.235294117647058 -24.725490196078432
vt 27.607843137254903 -24.725490196078432
vt 27.607843137254903 -25.35294117647059
vt 28.235294117647058 -24.725490196078432
vt 28.235294117647058 -24.098039215686278
vt 27.607843137254903 -24.098039215686278
vt 27.607843137254903 -24.725490196078432
vt 28.235294117647058 -24.098039215686278
vt 28.235294117647058 -23.47058823529412
vt 27.607843137254903 -23.47058823529412
vt 27.607843137254903 -24.098039215686278
vt 28.235294117647058 -23.47058823529412
vt 28.235294117647058 -22.84313725490196
vt 27.607843137254903 -22.84313725490196
vt 27.607843137254903 -23.47058823529412
vt 28.235294117647058 -22.84313725490196
vt 28.235294117647058 -22.215686274509807
vt 27.607843137254903 -22.215686274509807
vt 27.607843137254903 -22.84313725490196
vt 28.235294117647058 -22.215686274509807
vt 28.235294117647058 -21.58823529411765
vt 27.607843137254903 -21.58823529411765
vt 27.607843137254903 -22.215686274509807
vt 28.235294117647058 -21.58823529411765
vt 28.235294117647058 -20.96078431372549
vt 27.607843137254903 -20.96078431372549
vt 27.607843137254903 -21.58823529411765
vt 28.862745098039216 -31
vt 28.862745098039216 -30.372549019607845
vt 28.235294117647058 -30.372549019607845
vt 28.235294117647058 -31
vt 28.862745098039216 -30.372549019607845
vt 28.862745098039216 -29.74509803921569
vt 28.235294117647058 -29.74509803921569
vt 28.235294117647058 -30.372549019607845
vt 28.862745098039216 -29.74509803921569
vt 28.862745098039216 -29.117647058823536
vt 28.235294117647058 -29.117647058823536
vt 28.235294117647058 -29.74509803921569
vt 28.862745098039216 -29.117647058823536
vt 28.862745098039216 -28.49019607843138
vt 28.235294117647058 -28.49019607843138
vt 28.235294117647058 -29.117647058823536
vt 28.862745098039216 -28.49019607843138
vt 28.862745098039216 -27.862745098039223
vt 28.235294117647058 -27.862745098039223
vt 28.235294117647058 -28.49019607843138
vt 28.862745098039216 -27.862745098039223
vt 28.862745098039216 -27.235294117647065
vt 28.235294117647058 -27.235294117647065
vt 28.235294117647058 -27.862745098039223
vt 28.862745098039216 -27.235294117647065
vt 28.862745098039216 -26.607843137254907
vt 28.235294117647058 -26.607843137254907
vt 28.235294117647058 -27.235294117647065
vt 28.862745098039216 -26.607843137254907
vt 28.862745098039216 -25.98039215686275
vt 28.235294117647058 -25.98039215686275
vt 28.235294117647058 -26.607843137254907
vt 28.862745098039216 -25.98039215686275
vt 28.862745098039216 -25.35294117647059
vt 28.235294117647058 -25.35294117647059
vt 28.235294117647058 -25.98039215686275
vt 28.862745098039216 -25.35294117647059
vt 28.862745098039216 -24.725490196078432
vt 28.235294117647058 -24.725490196078432
vt 28.235294117647058 -25.35294117647059
vt 28.862745098039216 -24.725490196078432
vt 28.862745098039216 -24.098039215686278
vt 28.235294117647058 -24.098039215686278
vt 28.235294117647058 -24.725490196078432
vt 28.862745098039216 -24.098039215686278
vt 28.862745098039216 -23.47058823529412
vt 28.235294117647058 -23.47058823529412
vt 28.235294117647058 -24.098039215686278
vt 28.862745098039216 -23.47058823529412
vt 28.862745098039216 -22.84313725490196
vt 28.235294117647058 -22.84313725490196
vt 28.235294117647058 -23.47058823529412
vt 28.862745098039216 -22.84313725490196
vt 28.862745098039216 -22.215686274509807
vt 28.235294117647058 -22.215686274509807
vt 28.235294117647058 -22.84313725490196
vt 28.862745098039216 -22.215686274509807
vt 28.862745098039216 -21.58823529411765
vt 28.235294117647058 -21.58823529411765
vt 28.235294117647058 -22.215686274509807
vt 28.862745098039216 -21.58823529411765
vt 28.862745098039216 -20.96078431372549
vt 28.235294117647058 -20.96078431372549
vt 28.235294117647058 -21.58823529411765
vt 29.490196078431374 -31
vt 29.490196078431374 -30.372549019607845
vt 28.862745098039216 -30.372549019607845
vt 28.862745098039216 -31
vt 29.490196078431374 -30.372549019607845
vt 29.490196078431374 -29.74509803921569
vt 28.862745098039216 -29.74509803921569
vt 28.862745098039216 -30.372549019607845
vt 29.490196078431374 -29.74509803921569
vt 29.490196078431374 -29.117647058823536
vt 28.862745098039216 -29.117647058823536
vt 28.862745098039216 -29.74509803921569
vt 29.490196078431374 -29.117647058823536
vt 29.490196078431374 -28.49019607843138
vt 28.862745098039216 -28.49019607843138
vt 28.862745098039216 -29.117647058823536
vt 29.490196078431374 -28.49019607843138
vt 29.490196078431374 -27.862745098039223
vt 28.862745098039216 -27.862745098039223
vt 28.862745098039216 -28.49019607843138
vt 29.490196078431374 -27.862745098039223
vt 29.490196078431374 -27.235294117647065
vt 28.862745098039216 -27.235294117647065
vt 28.862745098039216 -27.862745098039223
vt 29.490196078431374 -27.235294117647065
vt 29.490196078431374 -26.607843137254907
vt 28.862745098039216 -26.607843137254907
vt 28.862745098039216 -27.235294117647065
vt 29.490196078431374 -26.607843137254907
vt 29.490196078431374 -25.98039215686275
vt 28.862745098039216 -25.98039215686275
vt 28.862745098039216 -26.607843137254907
vt 29.490196078431374 -25.98039215686275
vt 29.490196078431374 -25.35294117647059
vt 28.862745098039216 -25.35294117647059
vt 28.862745098039216 -25.98039215686275
vt 29.490196078431374 -25.35294117647059
vt 29.490196078431374 -24.725490196078432
vt 28.862745098039216 -24.725490196078432
vt 28.862745098039216 -25.35294117647059
vt 29.490196078431374 -24.725490196078432
vt 29.490196078431374 -24.098039215686278
vt 28.862745098039216 -24.098039215686278
vt 28.862745098039216 -24.725490196078432
vt 29.490196078431374 -24.098039215686278
vt 29.490196078431374 -23.47058823529412
vt 28.862745098039216 -23.47058823529412
vt 28.862745098039216 -24.098039215686278
vt 29.490196078431374 -23.47058823529412
vt 29.490196078431374 -22.84313725490196
vt 28.862745098039216 -22.84313725490196
vt 28.862745098039216 -23.47058823529412
vt 29.490196078431374 -22.84313725490196
vt 29.490196078431374 -22.215686274509807
vt 28.862745098039216 -22.215686274509807
vt 28.862745098039216 -22.84313725490196
vt 29.490196078431374 -22.215686274509807
vt 29.490196078431374 -21.58823529411765
vt 28.862745098039216 -21.58823529411765
vt 28.862745098039216 -22.215686274509807
vt 29.490196078431374 -21.58823529411765
vt 29.490196078431374 -20.96078431372549
vt 28.862745098039216 -20.96078431372549
vt 28.862745098039216 -21.58823529411765
vt 30.11764705882353 -31
vt 30.11764705882353 -30.372549019607845
vt 29.490196078431374 -30.372549019607845
vt 29.490196078431374 -31
vt 30.11764705882353 -30.372549019607845
vt 30.11764705882353 -29.74509803921569
vt 29.490196078431374 -29.74509803921569
vt 29.490196078431374 -30.372549019607845
vt 30.11764705882353 -29.74509803921569
vt 30.11764705882353 -29.117647058823536
vt 29.490196078431374 -29.117647058823536
vt 29.490196078431374 -29.74509803921569
vt 30.11764705882353 -29.117647058823536
vt 30.11764705882353 -28.49019607843138
vt 29.490196078431374 -28.49019607843138
vt 29.490196078431374 -29.117647058823536
vt 30.11764705882353 -28.49019607843138
vt 30.11764705882353 -27.862745098039223
vt 29.490196078431374 -27.862745098039223
vt 29.490196078431374 -28.49019607843138
vt 30.11764705882353 -27.862745098039223
vt 30.11764705882353 -27.235294117647065
vt 29.490196078431374 -27.235294117647065
vt 29.490196078431374 -27.862745098039223
vt 30.11764705882353 -27.235294117647065
vt 30.11764705882353 -26.607843137254907
vt 29.490196078431374 -26.607843137254907
vt 29.490196078431374 -27.235294117647065
vt 30.11764705882353 -26.607843137254907
vt 30.11764705882353 -25.98039215686275
vt 29.490196078431374 -25.98039215686275
vt 29.490196078431374 -26.607843137254907
vt 30.11764705882353 -25.98039215686275
vt 30.11764705882353 -25.35294117647059
vt 29.490196078431374 -25.35294117647059
vt 29.490196078431374 -25.98039215686275
vt 30.11764705882353 -25.35294117647059
vt 30.11764705882353 -24.725490196078432
vt 29.490196078431374 -24.725490196078432
vt 29.490196078431374 -25.35294117647059
vt 30.11764705882353 -24.725490196078432
vt 30.11764705882353 -24.098039215686278
vt 29.490196078431374 -24.098039215686278
vt 29.490196078431374 -24.725490196078432
vt 30.11764705882353 -24.098039215686278
vt 30.11764705882353 -23.47058823529412
vt 29.490196078431374 -23.47058823529412
vt 29.490196078431374 -24.098039215686278
vt 30.11764705882353 -23.47058823529412
vt 30.11764705882353 -22.84313725490196
vt 29.490196078431374 -22.84313725490196
vt 29.490196078431374 -23.47058823529412
vt 30.11764705882353 -22.84313725490196
vt 30.11764705882353 -22.215686274509807
vt 29.490196078431374 -22.215686274509807
vt 29.490196078431374 -22.84313725490196
vt 30.11764705882353 -22.215686274509807
vt 30.11764705882353 -21.58823529411765
vt 29.490196078431374 -21.58823529411765
vt 29.490196078431374 -22.215686274509807
vt 30.11764705882353 -21.58823529411765
vt 30.11764705882353 -20.96078431372549
vt 29.490196078431374 -20.96078431372549
vt 29.490196078431374 -21.58823529411765
vt 30.745098039215687 -31
vt 30.745098039215687 -30.372549019607845
vt 30.11764705882353 -30.372549019607845
vt 30.11764705882353 -31
vt 30.745098039215687 -30.372549019607845
vt 30.745098039215687 -29.74509803921569
vt 30.11764705882353 -29.74509803921569
vt 30.11764705882353 -30.372549019607845
vt 30.745098039215687 -29.74509803921569
vt 30.745098039215687 -29.117647058823536
vt 30.11764705882353 -29.117647058823536
vt 30.11764705882353 -29.74509803921569
vt 30.745098039215687 -29.117647058823536
vt 30.745098039215687 -28.49019607843138
vt 30.11764705882353 -28.49019607843138
vt 30.11764705882353 -29.117647058823536
vt 30.745098039215687 -28.49019607843138
vt 30.745098039215687 -27.862745098039223
vt 30.11764705882353 -27.862745098039223
vt 30.11764705882353 -28.49019607843138
vt 30.745098039215687 -27.862745098039223
vt 30.745098039215687 -27.235294117647065
vt 30.11764705882353 -27.235294117647065
vt 30.11764705882353 -27.862745098039223
vt 30.745098039215687 -27.235294117647065
vt 30.745098039215687 -26.607843137254907
vt 30.11764705882353 -26.607843137254907
vt 30.11764705882353 -27.235294117647065
vt 30.745098039215687 -26.607843137254907
vt 30.745098039215687 -25.98039215686275
vt 30.11764705882353 -25.98039215686275
vt 30.11764705882353 -26.607843137254907
vt 30.745098039215687 -25.98039215686275
vt 30.745098039215687 -25.35294117647059
vt 30.11764705882353 -25.35294117647059
vt 30.11764705882353 -25.98039215686275
vt 30.745098039215687 -25.35294117647059
vt 30.745098039215687 -24.725490196078432
vt 30.11764705882353 -24.725490196078432
vt 30.11764705882353 -25.35294117647059
vt 30.745098039215687 -24.725490196078432
vt 30.745098039215687 -24.098039215686278
vt 30.11764705882353 -24.098039215686278
vt 30.11764705882353 -24.725490196078432
vt 30.745098039215687 -24.098039215686278
vt 30.745098039215687 -23.47058823529412
vt 30.11764705882353 -23.47058823529412
vt 30.11764705882353 -24.098039215686278
vt 30.745098039215687 -23.47058823529412
vt 30.745098039215687 -22.84313725490196
vt 30.11764705882353 -22.84313725490196
vt 30.11764705882353 -23.47058823529412
vt 30.745098039215687 -22.84313725490196
vt 30.745098039215687 -22.215686274509807
vt 30.11764705882353 -22.215686274509807
vt 30.11764705882353 -22.84313725490196
vt 30.745098039215687 -22.215686274509807
vt 30.745098039215687 -21.58823529411765
vt 30.11764705882353 -21.58823529411765
vt 30.11764705882353 -22.215686274509807
vt 30.745098039215687 -21.58823529411765
vt 30.745098039215687 -20.96078431372549
vt 30.11764705882353 -20.96078431372549
vt 30.11764705882353 -21.58823529411765
vt 31.372549019607845 -31
vt 31.372549019607845 -30.372549019607845
vt 30.745098039215687 -30.372549019607845
vt 30.745098039215687 -31
vt 31.372549019607845 -30.372549019607845
vt 31.372549019607845 -29.74509803921569
vt 30.745098039215687 -29.74509803921569
vt 30.745098039215687 -30.372549019607845
vt 31.372549019607845 -29.74509803921569
vt 31.372549019607845 -29.117647058823536
vt 30.745098039215687 -29.117647058823536
vt 30.745098039215687 -29.74509803921569
vt 31.372549019607845 -29.117647058823536
vt 31.372549019607845 -28.49019607843138
vt 30.745098039215687 -28.49019607843138
vt 30.745098039215687 -29.117647058823536
vt 31.372549019607845 -28.49019607843138
vt 31.372549019607845 -27.862745098039223
vt 30.745098039215687 -27.862745098039223
vt 30.745098039215687 -28.49019607843138
vt 31.372549019607845 -27.862745098039223
vt 31.372549019607845 -27.235294117647065
vt 30.745098039215687 -27.235294117647065
vt 30.745098039215687 -27.862745098039223
vt 31.372549019607845 -27.235294117647065
vt 31.372549019607845 -26.607843137254907
vt 30.745098039215687 -26.607843137254907
vt 30.745098039215687 -27.235294117647065
vt 31.372549019607845 -26.607843137254907
vt 31.372549019607845 -25.98039215686275
vt 30.745098039215687 -25.98039215686275
vt 30.745098039215687 -26.607843137254907
vt 31.372549019607845 -25.98039215686275
vt 31.372549019607845 -25.35294117647059
vt 30.745098039215687 -25.35294117647059
vt 30.745098039215687 -25.98039215686275
vt 31.372549019607845 -25.35294117647059
vt 31.372549019607845 -24.725490196078432
vt 30.745098039215687 -24.725490196078432
vt 30.745098039215687 -25.35294117647059
vt 31.372549019607845 -24.725490196078432
vt 31.372549019607845 -24.098039215686278
vt 30.745098039215687 -24.098039215686278
vt 30.745098039215687 -24.725490196078432
vt 31.372549019607845 -24.098039215686278
vt 31.372549019607845 -23.47058823529412
vt 30.745098039215687 -23.47058823529412
vt 30.745098039215687 -24.098039215686278
vt 31.372549019607845 -23.47058823529412
vt 31.372549019607845 -22.84313725490196
vt 30.745098039215687 -22.84313725490196
vt 30.745098039215687 -23.47058823529412
vt 31.372549019607845 -22.84313725490196
vt 31.372549019607845 -22.215686274509807
vt 30.745098039215687 -22.215686274509807
vt 30.745098039215687 -22.84313725490196
vt 31.372549019607845 -22.215686274509807
vt 31.372549019607845 -21.58823529411765
vt 30.745098039215687 -21.58823529411765
vt 30.745098039215687 -22.215686274509807
vt 31.372549019607845 -21.58823529411765
vt 31.372549019607845 -20.96078431372549
vt 30.745098039215687 -20.96078431372549
vt 30.745098039215687 -21.58823529411765
vt 32 -31
vt 32 -30.372549019607845
vt 31.372549019607845 -30.372549019607845
vt 31.372549019607845 -31
vt 32 -30.372549019607845
vt 32 -29.74509803921569
vt 31.372549019607845 -29.74509803921569
vt 31.372549019607845 -30.372549019607845
vt 32 -29.74509803921569
vt 32 -29.117647058823536
vt 31.372549019607845 -29.117647058823536
vt 31.372549019607845 -29.74509803921569
vt 32 -29.117647058823536
vt 32 -28.49019607843138
vt 31.372549019607845 -28.49019607843138
vt 31.372549019607845 -29.117647058823536
vt 32 -28.49019607843138
vt 32 -27.862745098039223
vt 31.372549019607845 -27.862745098039223
vt 31.372549019607845 -28.49019607843138
vt 32 -27.862745098039223
vt 32 -27.235294117647065
vt 31.372549019607845 -27.235294117647065
vt 31.372549019607845 -27.862745098039223
vt 32 -27.235294117647065
vt 32 -26.607843137254907
vt 31.372549019607845 -26.607843137254907
vt 31.372549019607845 -27.235294117647065
vt 32 -26.607843137254907
vt 32 -25.98039215686275
vt 31.372549019607845 -25.98039215686275
vt 31.372549019607845 -26.607843137254907
vt 32 -25.98039215686275
vt 32 -25.35294117647059
vt 31.372549019607845 -25.35294117647059
vt 31.372549019607845 -25.98039215686275
vt 32 -25.35294117647059
vt 32 -24.725490196078432
vt 31.372549019607845 -24.725490196078432
vt 31.372549019607845 -25.35294117647059
vt 32 -24.725490196078432
vt 32 -24.098039215686278
vt 31.372549019607845 -24.098039215686278
vt 31.372549019607845 -24.725490196078432
vt 32 -24.098039215686278
vt 32 -23.47058823529412
vt 31.372549019607845 -23.47058823529412
vt 31.372549019607845 -24.098039215686278
vt 32 -23.47058823529412
vt 32 -22.84313725490196
vt 31.372549019607845 -22.84313725490196
vt 31.372549019607845 -23.47058823529412
vt 32 -22.84313725490196
vt 32 -22.215686274509807
vt 31.372549019607845 -22.215686274509807
vt 31.372549019607845 -22.84313725490196
vt 32 -22.215686274509807
vt 32 -21.58823529411765
vt 31.372549019607845 -21.58823529411765
vt 31.372549019607845 -22.215686274509807
vt 32 -21.58823529411765
vt 32 -20.96078431372549
vt 31.372549019607845 -20.96078431372549
vt 31.372549019607845 -21.58823529411765
vt 31.372549019607845 -20.333333333333336
vt 31.372549019607845 -19.70588235294118
vt 30.745098039215687 -19.70588235294118
vt 30.745098039215687 -20.333333333333336
vt 31.372549019607845 -19.70588235294118
vt 31.372549019607845 -19.078431372549026
vt 30.745098039215687 -19.078431372549026
vt 30.745098039215687 -19.70588235294118
vt 31.372549019607845 -19.078431372549026
vt 31.372549019607845 -18.450980392156872
vt 30.745098039215687 -18.450980392156872
vt 30.745098039215687 -19.078431372549026
vt 31.372549019607845 -18.450980392156872
vt 31.372549019607845 -17.823529411764717
vt 30.745098039215687 -17.823529411764717
vt 30.745098039215687 -18.450980392156872
vt 31.372549019607845 -17.823529411764717
vt 31.372549019607845 -17.19607843137256
vt 30.745098039215687 -17.19607843137256
vt 30.745098039215687 -17.823529411764717
vt 31.372549019607845 -17.19607843137256
vt 31.372549019607845 -16.5686274509804
vt 30.745098039215687 -16.5686274509804
vt 30.745098039215687 -17.19607843137256
vt 31.372549019607845 -16.5686274509804
vt 31.372549019607845 -15.941176470588243
vt 30.745098039215687 -15.941176470588243
vt 30.745098039215687 -16.5686274509804
vt 31.372549019607845 -15.941176470588243
vt 31.372549019607845 -15.313725490196084
vt 30.745098039215687 -15.313725490196084
vt 30.745098039215687 -15.941176470588243
vt 31.372549019607845 -15.313725490196084
vt 31.372549019607845 -14.686274509803926
vt 30.745098039215687 -14.686274509803926
vt 30.745098039215687 -15.313725490196084
vt 31.372549019607845 -14.686274509803926
vt 31.372549019607845 -14.058823529411768
vt 30.745098039215687 -14.058823529411768
vt 30.745098039215687 -14.686274509803926
vt 31.372549019607845 -14.058823529411768
vt 31.372549019607845 -13.431372549019612
vt 30.745098039215687 -13.431372549019612
vt 30.745098039215687 -14.058823529411768
vt 31.372549019607845 -13.431372549019612
vt 31.372549019607845 -12.803921568627455
vt 30.745098039215687 -12.803921568627455
vt 30.745098039215687 -13.431372549019612
vt 31.372549019607845 -12.803921568627455
vt 31.372549019607845 -12.176470588235297
vt 30.745098039215687 -12.176470588235297
vt 30.745098039215687 -12.803921568627455
vt 31.372549019607845 -12.176470588235297
vt 31.372549019607845 -11.549019607843139
vt 30.745098039215687 -11.549019607843139
vt 30.745098039215687 -12.176470588235297
vt 31.372549019607845 -11.549019607843139
vt 31.372549019607845 -10.921568627450982
vt 30.745098039215687 -10.921568627450982
vt 30.745098039215687 -11.549019607843139
vt 31.372549019607845 -10.921568627450982
vt 31.372549019607845 -10.294117647058826
vt 30.745098039215687 -10.294117647058826
vt 30.745098039215687 -10.921568627450982
vt 30.745098039215687 -20.333333333333336
vt 30.745098039215687 -19.70588235294118
vt 30.11764705882353 -19.70588235294118
vt 30.11764705882353 -20.333333333333336
vt 30.745098039215687 -19.70588235294118
vt 30.745098039215687 -19.078431372549026
vt 30.11764705882353 -19.078431372549026
vt 30.11764705882353 -19.70588235294118
vt 30.745098039215687 -19.078431372549026
vt 30.745098039215687 -18.450980392156872
vt 30.11764705882353 -18.450980392156872
vt 30.11764705882353 -19.078431372549026
vt 30.745098039215687 -18.450980392156872
vt 30.745098039215687 -17.823529411764717
vt 30.11764705882353 -17.823529411764717
vt 30.11764705882353 -18.450980392156872
vt 30.745098039215687 -17.823529411764717
vt 30.745098039215687 -17.19607843137256
vt 30.11764705882353 -17.19607843137256
vt 30.11764705882353 -17.823529411764717
vt 30.745098039215687 -17.19607843137256
vt 30.745098039215687 -16.5686274509804
vt 30.11764705882353 -16.5686274509804
vt 30.11764705882353 -17.19607843137256
vt 30.745098039215687 -16.5686274509804
vt 30.745098039215687 -15.941176470588243
vt 30.11764705882353 -15.941176470588243
vt 30.11764705882353 -16.5686274509804
vt 30.745098039215687 -15.941176470588243
vt 30.745098039215687 -15.313725490196084
vt 30.11764705882353 -15.313725490196084
vt 30.11764705882353 -15.941176470588243
vt 30.745098039215687 -15.313725490196084
vt 30.745098039215687 -14.686274509803926
vt 30.11764705882353 -14.686274509803926
vt 30.11764705882353 -15.313725490196084
vt 30.745098039215687 -14.686274509803926
vt 30.745098039215687 -14.058823529411768
vt 30.11764705882353 -14.058823529411768
vt 30.11764705882353 -14.686274509803926
vt 30.745098039215687 -14.058823529411768
vt 30.745098039215687 -13.431372549019612
vt 30.11764705882353 -13.431372549019612
vt 30.11764705882353 -14.058823529411768
vt 30.745098039215687 -13.431372549019612
vt 30.745098039215687 -12.803921568627455
vt 30.11764705882353 -12.803921568627455
vt 30.11764705882353 -13.431372549019612
vt 30.745098039215687 -12.803921568627455
vt 30.745098039215687 -12.176470588235297
vt 30.11764705882353 -12.176470588235297
vt 30.11764705882353 -12.803921568627455
vt 30.745098039215687 -12.176470588235297
vt 30.745098039215687 -11.549019607843139
vt 30.11764705882353 -11.549019607843139
vt 30.11764705882353 -12.176470588235297
vt 30.745098039215687 -11.549019607843139
vt 30.745098039215687 -10.921568627450982
vt 30.11764705882353 -10.921568627450982
vt 30.11764705882353 -11.549019607843139
vt 30.745098039215687 -10.921568627450982
vt 30.745098039215687 -10.294117647058826
vt 30.11764705882353 -10.294117647058826
vt 30.11764705882353 -10.921568627450982
vt 30.11764705882353 -20.333333333333336
vt 30.11764705882353 -19.70588235294118
vt 29.490196078431374 -19.70588235294118
vt 29.490196078431374 -20.333333333333336
vt 30.11764705882353 -19.70588235294118
vt 30.11764705882353 -19.078431372549026
vt 29.490196078431374 -19.078431372549026
vt 29.490196078431374 -19.70588235294118
vt 30.11764705882353 -19.078431372549026
vt 30.11764705882353 -18.450980392156872
vt 29.490196078431374 -18.450980392156872
vt 29.490196078431374 -19.078431372549026
vt 30.11764705882353 -18.450980392156872
vt 30.11764705882353 -17.823529411764717
vt 29.490196078431374 -17.823529411764717
vt 29.490196078431374 -18.450980392156872
vt 30.11764705882353 -17.823529411764717
vt 30.11764705882353 -17.19607843137256
vt 29.490196078431374 -17.19607843137256
vt 29.490196078431374 -17.823529411764717
vt 30.11764705882353 -17.19607843137256
vt 30.11764705882353 -16.5686274509804
vt 29.490196078431374 -16.5686274509804
vt 29.490196078431374 -17.19607843137256
vt 30.11764705882353 -16.5686274509804
vt 30.11764705882353 -15.941176470588243
vt 29.490196078431374 -15.941176470588243
vt 29.490196078431374 -16.5686274509804
vt 30.11764705882353 -15.941176470588243
vt 30.11764705882353 -15.313725490196084
vt 29.490196078431374 -15.313725490196084
vt 29.490196078431374 -15.941176470588243
vt 30.11764705882353 -15.313725490196084
vt 30.11764705882353 -14.686274509803926
vt 29.490196078431374 -14.686274509803926
vt 29.490196078431374 -15.313725490196084
vt 30.11764705882353 -14.686274509803926
vt 30.11764705882353 -14.058823529411768
vt 29.490196078431374 -14.058823529411768
vt 29.490196078431374 -14.686274509803926
vt 30.11764705882353 -14.058823529411768
vt 30.11764705882353 -13.431372549019612
vt 29.490196078431374 -13.431372549019612
vt 29.490196078431374 -14.058823529411768
vt 30.11764705882353 -13.431372549019612
vt 30.11764705882353 -12.803921568627455
vt 29.490196078431374 -12.803921568627455
vt 29.490196078431374 -13.431372549019612
vt 30.11764705882353 -12.803921568627455
vt 30.11764705882353 -12.176470588235297
vt 29.490196078431374 -12.176470588235297
vt 29.490196078431374 -12.803921568627455
vt 30.11764705882353 -12.176470588235297
vt 30.11764705882353 -11.549019607843139
vt 29.490196078431374 -11.549019607843139
vt 29.490196078431374 -12.176470588235297
vt 30.11764705882353 -11.549019607843139
vt 30.11764705882353 -10.921568627450982
vt 29.490196078431374 -10.921568627450982
vt 29.490196078431374 -11.549019607843139
vt 30.11764705882353 -10.921568627450982
vt 30.11764705882353 -10.294117647058826
vt 29.490196078431374 -10.294117647058826
vt 29.490196078431374 -10.921568627450982
vt 29.490196078431374 -20.333333333333336
vt 29.490196078431374 -19.70588235294118
vt 28.862745098039216 -19.70588235294118
vt 28.862745098039216 -20.333333333333336
vt 29.490196078431374 -19.70588235294118
vt 29.490196078431374 -19.078431372549026
vt 28.862745098039216 -19.078431372549026
vt 28.862745098039216 -19.70588235294118
vt 29.490196078431374 -19.078431372549026
vt 29.490196078431374 -18.450980392156872
vt 28.862745098039216 -18.450980392156872
vt 28.862745098039216 -19.078431372549026
vt 29.490196078431374 -18.450980392156872
vt 29.490196078431374 -17.823529411764717
vt 28.862745098039216 -17.823529411764717
vt 28.862745098039216 -18.450980392156872
vt 29.490196078431374 -17.823529411764717
vt 29.490196078431374 -17.19607843137256
vt 28.862745098039216 -17.19607843137256
vt 28.862745098039216 -17.823529411764717
vt 29.490196078431374 -17.19607843137256
vt 29.490196078431374 -16.5686274509804
vt 28.862745098039216 -16.5686274509804
vt 28.862745098039216 -17.19607843137256
vt 29.490196078431374 -16.5686274509804
vt 29.490196078431374 -15.941176470588243
vt 28.862745098039216 -15.941176470588243
vt 28.862745098039216 -16.5686274509804
vt 29.490196078431374 -15.941176470588243
vt 29.490196078431374 -15.313725490196084
vt 28.862745098039216 -15.313725490196084
vt 28.862745098039216 -15.941176470588243
vt 29.490196078431374 -15.313725490196084
vt 29.490196078431374 -14.686274509803926
vt 28.862745098039216 -14.686274509803926
vt 28.862745098039216 -15.313725490196084
vt 29.490196078431374 -14.686274509803926
vt 29.490196078431374 -14.058823529411768
vt 28.862745098039216 -14.058823529411768
vt 28.862745098039216 -14.686274509803926
vt 29.490196078431374 -14.058823529411768
vt 29.490196078431374 -13.431372549019612
vt 28.862745098039216 -13.431372549019612
vt 28.862745098039216 -14.058823529411768
vt 29.490196078431374 -13.431372549019612
vt 29.490196078431374 -12.803921568627455
vt 28.862745098039216 -12.803921568627455
vt 28.862745098039216 -13.431372549019612
vt 29.490196078431374 -12.803921568627455
vt 29.490196078431374 -12.176470588235297
vt 28.862745098039216 -12.176470588235297
vt 28.862745098039216 -12.803921568627455
vt 29.490196078431374 -12.176470588235297
vt 29.490196078431374 -11.549019607843139
vt 28.862745098039216 -11.549019607843139
vt 28.862745098039216 -12.176470588235297
vt 29.490196078431374 -11.549019607843139
vt 29.490196078431374 -10.921568627450982
vt 28.862745098039216 -10.921568627450982
vt 28.862745098039216 -11.549019607843139
vt 29.490196078431374 -10.921568627450982
vt 29.490196078431374 -10.294117647058826
vt 28.862745098039216 -10.294117647058826
vt 28.862745098039216 -10.921568627450982
vt 28.862745098039216 -20.333333333333336
vt 28.862745098039216 -19.70588235294118
vt 28.235294117647058 -19.70588235294118
vt 28.235294117647058 -20.333333333333336
vt 28.862745098039216 -19.70588235294118
vt 28.862745098039216 -19.078431372549026
vt 28.235294117647058 -19.078431372549026
vt 28.235294117647058 -19.70588235294118
vt 28.862745098039216 -19.078431372549026
vt 28.862745098039216 -18.450980392156872
vt 28.235294117647058 -18.450980392156872
vt 28.235294117647058 -19.078431372549026
vt 28.862745098039216 -18.450980392156872
vt 28.862745098039216 -17.823529411764717
vt 28.235294117647058 -17.823529411764717
vt 28.235294117647058 -18.450980392156872
vt 28.862745098039216 -17.823529411764717
vt 28.862745098039216 -17.19607843137256
vt 28.235294117647058 -17.19607843137256
vt 28.235294117647058 -17.823529411764717
vt 28.862745098039216 -17.19607843137256
vt 28.862745098039216 -16.5686274509804
vt 28.235294117647058 -16.5686274509804
vt 28.235294117647058 -17.19607843137256
vt 28.862745098039216 -16.5686274509804
vt 28.862745098039216 -15.941176470588243
vt 28.235294117647058 -15.941176470588243
vt 28.235294117647058 -16.5686274509804
vt 28.862745098039216 -15.941176470588243
vt 28.862745098039216 -15.313725490196084
vt 28.235294117647058 -15.313725490196084
vt 28.235294117647058 -15.941176470588243
vt 28.862745098039216 -15.313725490196084
vt 28.862745098039216 -14.686274509803926
vt 28.235294117647058 -14.686274509803926
vt 28.235294117647058 -15.313725490196084
vt 28.862745098039216 -14.686274509803926
vt 28.862745098039216 -14.058823529411768
vt 28.235294117647058 -14.058823529411768
vt 28.235294117647058 -14.686274509803926
vt 28.862745098039216 -14.058823529411768
vt 28.862745098039216 -13.431372549019612
vt 28.235294117647058 -13.431372549019612
vt 28.235294117647058 -14.058823529411768
vt 28.862745098039216 -13.431372549019612
vt 28.862745098039216 -12.803921568627455
vt 28.235294117647058 -12.803921568627455
vt 28.235294117647058 -13.431372549019612
vt 28.862745098039216 -12.803921568627455
vt 28.862745098039216 -12.176470588235297
vt 28.235294117647058 -12.176470588235297
vt 28.235294117647058 -12.803921568627455
vt 28.862745098039216 -12.176470588235297
vt 28.862745098039216 -11.549019607843139
vt 28.235294117647058 -11.549019607843139
vt 28.235294117647058 -12.176470588235297
vt 28.862745098039216 -11.549019607843139
vt 28.862745098039216 -10.921568627450982
vt 28.235294117647058 -10.921568627450982
vt 28.235294117647058 -11.549019607843139
vt 28.862745098039216 -10.921568627450982
vt 28.862745098039216 -10.294117647058826
vt 28.235294117647058 -10.294117647058826
vt 28.235294117647058 -10.921568627450982
vt 28.235294117647058 -20.333333333333336
vt 28.235294117647058 -19.70588235294118
vt 27.607843137254903 -19.70588235294118
vt 27.607843137254903 -20.333333333333336
vt 28.235294117647058 -19.70588235294118
vt 28.235294117647058 -19.078431372549026
vt 27.607843137254903 -19.078431372549026
vt 27.607843137254903 -19.70588235294118
vt 28.235294117647058 -19.078431372549026
vt 28.235294117647058 -18.450980392156872
vt 27.607843137254903 -18.450980392156872
vt 27.607843137254903 -19.078431372549026
vt 28.235294117647058 -18.450980392156872
vt 28.235294117647058 -17.823529411764717
vt 27.607843137254903 -17.823529411764717
vt 27.607843137254903 -18.450980392156872
vt 28.235294117647058 -17.823529411764717
vt 28.235294117647058 -17.19607843137256
vt 27.607843137254903 -17.19607843137256
vt 27.607843137254903 -17.823529411764717
vt 28.235294117647058 -17.19607843137256
vt 28.235294117647058 -16.5686274509804
vt 27.607843137254903 -16.5686274509804
vt 27.607843137254903 -17.19607843137256
vt 28.235294117647058 -16.5686274509804
vt 28.235294117647058 -15.941176470588243
vt 27.607843137254903 -15.941176470588243
vt 27.607843137254903 -16.5686274509804
vt 28.235294117647058 -15.941176470588243
vt 28.235294117647058 -15.313725490196084
vt 27.607843137254903 -15.313725490196084
vt 27.607843137254903 -15.941176470588243
vt 28.235294117647058 -15.313725490196084
vt 28.235294117647058 -14.686274509803926
vt 27.607843137254903 -14.686274509803926
vt 27.607843137254903 -15.313725490196084
vt 28.235294117647058 -14.686274509803926
vt 28.235294117647058 -14.058823529411768
vt 27.607843137254903 -14.058823529411768
vt 27.607843137254903 -14.686274509803926
vt 28.235294117647058 -14.058823529411768
vt 28.235294117647058 -13.431372549019612
vt 27.607843137254903 -13.431372549019612
vt 27.607843137254903 -14.058823529411768
vt 28.235294117647058 -13.431372549019612
vt 28.235294117647058 -12.803921568627455
vt 27.607843137254903 -12.803921568627455
vt 27.607843137254903 -13.431372549019612
vt 28.235294117647058 -12.803921568627455
vt 28.235294117647058 -12.176470588235297
vt 27.607843137254903 -12.176470588235297
vt 27.607843137254903 -12.803921568627455
vt 28.235294117647058 -12.176470588235297
vt 28.235294117647058 -11.549019607843139
vt 27.607843137254903 -11.549019607843139
vt 27.607843137254903 -12.176470588235297
vt 28.235294117647058 -11.549019607843139
vt 28.235294117647058 -10.921568627450982
vt 27.607843137254903 -10.921568627450982
vt 27.607843137254903 -11.549019607843139
vt 28.235294117647058 -10.921568627450982
vt 28.235294117647058 -10.294117647058826
vt 27.607843137254903 -10.294117647058826
vt 27.607843137254903 -10.921568627450982
vt 27.607843137254903 -20.333333333333336
vt 27.607843137254903 -19.70588235294118
vt 26.980392156862745 -19.70588235294118
vt 26.980392156862745 -20.333333333333336
vt 27.607843137254903 -19.70588235294118
vt 27.607843137254903 -19.078431372549026
vt 26.980392156862745 -19.078431372549026
vt 26.980392156862745 -19.70588235294118
vt 27.607843137254903 -19.078431372549026
vt 27.607843137254903 -18.450980392156872
vt 26.980392156862745 -18.450980392156872
vt 26.980392156862745 -19.078431372549026
vt 27.607843137254903 -18.450980392156872
vt 27.607843137254903 -17.823529411764717
vt 26.980392156862745 -17.823529411764717
vt 26.980392156862745 -18.450980392156872
vt 27.607843137254903 -17.823529411764717
vt 27.607843137254903 -17.19607843137256
vt 26.980392156862745 -17.19607843137256
vt 26.980392156862745 -17.823529411764717
vt 27.607843137254903 -17.19607843137256
vt 27.607843137254903 -16.5686274509804
vt 26.980392156862745 -16.5686274509804
vt 26.980392156862745 -17.19607843137256
vt 27.607843137254903 -16.5686274509804
vt 27.607843137254903 -15.941176470588243
vt 26.980392156862745 -15.941176470588243
vt 26.980392156862745 -16.5686274509804
vt 27.607843137254903 -15.941176470588243
vt 27.607843137254903 -15.313725490196084
vt 26.980392156862745 -15.313725490196084
vt 26.980392156862745 -15.941176470588243
vt 27.607843137254903 -15.313725490196084
vt 27.607843137254903 -14.686274509803926
vt 26.980392156862745 -14.686274509803926
vt 26.980392156862745 -15.313725490196084
vt 27.607843137254903 -14.686274509803926
vt 27.607843137254903 -14.058823529411768
vt 26.980392156862745 -14.058823529411768
vt 26.980392156862745 -14.686274509803926
vt 27.607843137254903 -14.058823529411768
vt 27.607843137254903 -13.431372549019612
vt 26.980392156862745 -13.431372549019612
vt 26.980392156862745 -14.058823529411768
vt 27.607843137254903 -13.431372549019612
vt 27.607843137254903 -12.803921568627455
vt 26.980392156862745 -12.803921568627455
vt 26.980392156862745 -13.431372549019612
vt 27.607843137254903 -12.803921568627455
vt 27.607843137254903 -12.176470588235297
vt 26.980392156862745 -12.176470588235297
vt 26.980392156862745 -12.803921568627455
vt 27.607843137254903 -12.176470588235297
vt 27.607843137254903 -11.549019607843139
vt 26.980392156862745 -11.549019607843139
vt 26.980392156862745 -12.176470588235297
vt 27.607843137254903 -11.549019607843139
vt 27.607843137254903 -10.921568627450982
vt 26.980392156862745 -10.921568627450982
vt 26.980392156862745 -11.549019607843139
vt 27.607843137254903 -10.921568627450982
vt 27.607843137254903 -10.294117647058826
vt 26.980392156862745 -10.294117647058826
vt 26.980392156862745 -10.921568627450982
vt 26.980392156862745 -20.333333333333336
vt 26.980392156862745 -19.70588235294118
vt 26.352941176470587 -19.70588235294118
vt 26.352941176470587 -20.333333333333336
vt 26.980392156862745 -19.70588235294118
vt 26.980392156862745 -19.078431372549026
vt 26.352941176470587 -19.078431372549026
vt 26.352941176470587 -19.70588235294118
vt 26.980392156862745 -19.078431372549026
vt 26.980392156862745 -18.450980392156872
vt 26.352941176470587 -18.450980392156872
vt 26.352941176470587 -19.078431372549026
vt 26.980392156862745 -18.450980392156872
vt 26.980392156862745 -17.823529411764717
vt 26.352941176470587 -17.823529411764717
vt 26.352941176470587 -18.450980392156872
vt 26.980392156862745 -17.823529411764717
vt 26.980392156862745 -17.19607843137256
vt 26.352941176470587 -17.19607843137256
vt 26.352941176470587 -17.823529411764717
vt 26.980392156862745 -17.19607843137256
vt 26.980392156862745 -16.5686274509804
vt 26.352941176470587 -16.5686274509804
vt 26.352941176470587 -17.19607843137256
vt 26.980392156862745 -16.5686274509804
vt 26.980392156862745 -15.941176470588243
vt 26.352941176470587 -15.941176470588243
vt 26.352941176470587 -16.5686274509804
vt 26.980392156862745 -15.941176470588243
vt 26.980392156862745 -15.313725490196084
vt 26.352941176470587 -15.313725490196084
vt 26.352941176470587 -15.941176470588243
vt 26.980392156862745 -15.313725490196084
vt 26.980392156862745 -14.686274509803926
vt 26.352941176470587 -14.686274509803926
vt 26.352941176470587 -15.313725490196084
vt 26.980392156862745 -14.686274509803926
vt 26.980392156862745 -14.058823529411768
vt 26.352941176470587 -14.058823529411768
vt 26.352941176470587 -14.686274509803926
vt 26.980392156862745 -14.058823529411768
vt 26.980392156862745 -13.431372549019612
vt 26.352941176470587 -13.431372549019612
vt 26.352941176470587 -14.058823529411768
vt 26.980392156862745 -13.431372549019612
vt 26.980392156862745 -12.803921568627455
vt 26.352941176470587 -12.803921568627455
vt 26.352941176470587 -13.431372549019612
vt 26.980392156862745 -12.803921568627455
vt 26.980392156862745 -12.176470588235297
vt 26.352941176470587 -12.176470588235297
vt 26.352941176470587 -12.803921568627455
vt 26.980392156862745 -12.176470588235297
vt 26.980392156862745 -11.549019607843139
vt 26.352941176470587 -11.549019607843139
vt 26.352941176470587 -12.176470588235297
vt 26.980392156862745 -11.549019607843139
vt 26.980392156862745 -10.921568627450982
vt 26.352941176470587 -10.921568627450982
vt 26.352941176470587 -11.549019607843139
vt 26.980392156862745 -10.921568627450982
vt 26.980392156862745 -10.294117647058826
vt 26.352941176470587 -10.294117647058826
vt 26.352941176470587 -10.921568627450982
vt 26.352941176470587 -20.333333333333336
vt 26.352941176470587 -19.70588235294118
vt 25.72549019607843 -19.70588235294118
vt 25.72549019607843 -20.333333333333336
vt 26.352941176470587 -19.70588235294118
vt 26.352941176470587 -19.078431372549026
vt 25.72549019607843 -19.078431372549026
vt 25.72549019607843 -19.70588235294118
vt 26.352941176470587 -19.078431372549026
vt 26.352941176470587 -18.450980392156872
vt 25.72549019607843 -18.450980392156872
vt 25.72549019607843 -19.078431372549026
vt 26.352941176470587 -18.450980392156872
vt 26.352941176470587 -17.823529411764717
vt 25.72549019607843 -17.823529411764717
vt 25.72549019607843 -18.450980392156872
vt 26.352941176470587 -17.823529411764717
vt 26.352941176470587 -17.19607843137256
vt 25.72549019607843 -17.19607843137256
vt 25.72549019607843 -17.823529411764717
vt 26.352941176470587 -17.19607843137256
vt 26.352941176470587 -16.5686274509804
vt 25.72549019607843 -16.5686274509804
vt 25.72549019607843 -17.19607843137256
vt 26.352941176470587 -16.5686274509804
vt 26.352941176470587 -15.941176470588243
vt 25.72549019607843 -15.941176470588243
vt 25.72549019607843 -16.5686274509804
vt 26.352941176470587 -15.941176470588243
vt 26.352941176470587 -15.313725490196084
vt 25.72549019607843 -15.313725490196084
vt 25.72549019607843 -15.941176470588243
vt 26.352941176470587 -15.313725490196084
vt 26.352941176470587 -14.686274509803926
vt 25.72549019607843 -14.686274509803926
vt 25.72549019607843 -15.313725490196084
vt 26.352941176470587 -14.686274509803926
vt 26.352941176470587 -14.058823529411768
vt 25.72549019607843 -14.058823529411768
vt 25.72549019607843 -14.686274509803926
vt 26.352941176470587 -14.058823529411768
vt 26.352941176470587 -13.431372549019612
vt 25.72549019607843 -13.431372549019612
vt 25.72549019607843 -14.058823529411768
vt 26.352941176470587 -13.431372549019612
vt 26.352941176470587 -12.803921568627455
vt 25.72549019607843 -12.803921568627455
vt 25.72549019607843 -13.431372549019612
vt 26.352941176470587 -12.803921568627455
vt 26.352941176470587 -12.176470588235297
vt 25.72549019607843 -12.176470588235297
vt 25.72549019607843 -12.803921568627455
vt 26.352941176470587 -12.176470588235297
vt 26.352941176470587 -11.549019607843139
vt 25.72549019607843 -11.549019607843139
vt 25.72549019607843 -12.176470588235297
vt 26.352941176470587 -11.549019607843139
vt 26.352941176470587 -10.921568627450982
vt 25.72549019607843 -10.921568627450982
vt 25.72549019607843 -11.549019607843139
vt 26.352941176470587 -10.921568627450982
vt 26.352941176470587 -10.294117647058826
vt 25.72549019607843 -10.294117647058826
vt 25.72549019607843 -10.921568627450982
vt 25.72549019607843 -20.333333333333336
vt 25.72549019607843 -19.70588235294118
vt 25.09803921568627 -19.70588235294118
vt 25.09803921568627 -20.333333333333336
vt 25.72549019607843 -19.70588235294118
vt 25.72549019607843 -19.078431372549026
vt 25.09803921568627 -19.078431372549026
vt 25.09803921568627 -19.70588235294118
vt 25.72549019607843 -19.078431372549026
vt 25.72549019607843 -18.450980392156872
vt 25.09803921568627 -18.450980392156872
vt 25.09803921568627 -19.078431372549026
vt 25.72549019607843 -18.450980392156872
vt 25.72549019607843 -17.823529411764717
vt 25.09803921568627 -17.823529411764717
vt 25.09803921568627 -18.450980392156872
vt 25.72549019607843 -17.823529411764717
vt 25.72549019607843 -17.19607843137256
vt 25.09803921568627 -17.19607843137256
vt 25.09803921568627 -17.823529411764717
vt 25.72549019607843 -17.19607843137256
vt 25.72549019607843 -16.5686274509804
vt 25.09803921568627 -16.5686274509804
vt 25.09803921568627 -17.19607843137256
vt 25.72549019607843 -16.5686274509804
vt 25.72549019607843 -15.941176470588243
vt 25.09803921568627 -15.941176470588243
vt 25.09803921568627 -16.5686274509804
vt 25.72549019607843 -15.941176470588243
vt 25.72549019607843 -15.313725490196084
vt 25.09803921568627 -15.313725490196084
vt 25.09803921568627 -15.941176470588243
vt 25.72549019607843 -15.313725490196084
vt 25.72549019607843 -14.686274509803926
vt 25.09803921568627 -14.686274509803926
vt 25.09803921568627 -15.313725490196084
vt 25.72549019607843 -14.686274509803926
vt 25.72549019607843 -14.058823529411768
vt 25.09803921568627 -14.058823529411768
vt 25.09803921568627 -14.686274509803926
vt 25.72549019607843 -14.058823529411768
vt 25.72549019607843 -13.431372549019612
vt 25.09803921568627 -13.431372549019612
vt 25.09803921568627 -14.058823529411768
vt 25.72549019607843 -13.431372549019612
vt 25.72549019607843 -12.803921568627455
vt 25.09803921568627 -12.803921568627455
vt 25.09803921568627 -13.431372549019612
vt 25.72549019607843 -12.803921568627455
vt 25.72549019607843 -12.176470588235297
vt 25.09803921568627 -12.176470588235297
vt 25.09803921568627 -12.803921568627455
vt 25.72549019607843 -12.176470588235297
vt 25.72549019607843 -11.549019607843139
vt 25.09803921568627 -11.549019607843139
vt 25.09803921568627 -12.176470588235297
vt 25.72549019607843 -11.549019607843139
vt 25.72549019607843 -10.921568627450982
vt 25.09803921568627 -10.921568627450982
vt 25.09803921568627 -11.549019607843139
vt 25.72549019607843 -10.921568627450982
vt 25.72549019607843 -10.294117647058826
vt 25.09803921568627 -10.294117647058826
vt 25.09803921568627 -10.921568627450982
vt 25.09803921568627 -20.333333333333336
vt 25.09803921568627 -19.70588235294118
vt 24.470588235294112 -19.70588235294118
vt 24.470588235294112 -20.333333333333336
vt 25.09803921568627 -19.70588235294118
vt 25.09803921568627 -19.078431372549026
vt 24.470588235294112 -19.078431372549026
vt 24.470588235294112 -19.70588235294118
vt 25.09803921568627 -19.078431372549026
vt 25.09803921568627 -18.450980392156872
vt 24.470588235294112 -18.450980392156872
vt 24.470588235294112 -19.078431372549026
vt 25.09803921568627 -18.450980392156872
vt 25.09803921568627 -17.823529411764717
vt 24.470588235294112 -17.823529411764717
vt 24.470588235294112 -18.450980392156872
vt 25.09803921568627 -17.823529411764717
vt 25.09803921568627 -17.19607843137256
vt 24.470588235294112 -17.19607843137256
vt 24.470588235294112 -17.823529411764717
vt 25.09803921568627 -17.19607843137256
vt 25.09803921568627 -16.5686274509804
vt 24.470588235294112 -16.5686274509804
vt 24.470588235294112 -17.19607843137256
vt 25.09803921568627 -16.5686274509804
vt 25.09803921568627 -15.941176470588243
vt 24.470588235294112 -15.941176470588243
vt 24.470588235294112 -16.5686274509804
vt 25.09803921568627 -15.941176470588243
vt 25.09803921568627 -15.313725490196084
vt 24.470588235294112 -15.313725490196084
vt 24.470588235294112 -15.941176470588243
vt 25.09803921568627 -15.313725490196084
vt 25.09803921568627 -14.686274509803926
vt 24.470588235294112 -14.686274509803926
vt 24.470588235294112 -15.313725490196084
vt 25.09803921568627 -14.686274509803926
vt 25.09803921568627 -14.058823529411768
vt 24.470588235294112 -14.058823529411768
vt 24.470588235294112 -14.686274509803926
vt 25.09803921568627 -14.058823529411768
vt 25.09803921568627 -13.431372549019612
vt 24.470588235294112 -13.431372549019612
vt 24.470588235294112 -14.058823529411768
vt 25.09803921568627 -13.431372549019612
vt 25.09803921568627 -12.803921568627455
vt 24.470588235294112 -12.803921568627455
vt 24.470588235294112 -13.431372549019612
vt 25.09803921568627 -12.803921568627455
vt 25.09803921568627 -12.176470588235297
vt 24.470588235294112 -12.176470588235297
vt 24.470588235294112 -12.803921568627455
vt 25.09803921568627 -12.176470588235297
vt 25.09803921568627 -11.549019607843139
vt 24.470588235294112 -11.549019607843139
vt 24.470588235294112 -12.176470588235297
vt 25.09803921568627 -11.549019607843139
vt 25.09803921568627 -10.921568627450982
vt 24.470588235294112 -10.921568627450982
vt 24.470588235294112 -11.549019607843139
vt 25.09803921568627 -10.921568627450982
vt 25.09803921568627 -10.294117647058826
vt 24.470588235294112 -10.294117647058826
vt 24.470588235294112 -10.921568627450982
vt 24.470588235294112 -20.333333333333336
vt 24.470588235294112 -19.70588235294118
vt 23.843137254901954 -19.70588235294118
vt 23.843137254901954 -20.333333333333336
vt 24.470588235294112 -19.70588235294118
vt 24.470588235294112 -19.078431372549026
vt 23.843137254901954 -19.078431372549026
vt 23.843137254901954 -19.70588235294118
vt 24.470588235294112 -19.078431372549026
vt 24.470588235294112 -18.450980392156872
vt 23.843137254901954 -18.450980392156872
vt 23.843137254901954 -19.078431372549026
vt 24.470588235294112 -18.450980392156872
vt 24.470588235294112 -17.823529411764717
vt 23.843137254901954 -17.823529411764717
vt 23.843137254901954 -18.450980392156872
vt 24.470588235294112 -17.823529411764717
vt 24.470588235294112 -17.19607843137256
vt 23.843137254901954 -17.19607843137256
vt 23.843137254901954 -17.823529411764717
vt 24.470588235294112 -17.19607843137256
vt 24.470588235294112 -16.5686274509804
vt 23.843137254901954 -16.5686274509804
vt 23.843137254901954 -17.19607843137256
vt 24.470588235294112 -16.5686274509804
vt 24.470588235294112 -15.941176470588243
vt 23.843137254901954 -15.941176470588243
vt 23.843137254901954 -16.5686274509804
vt 24.470588235294112 -15.941176470588243
vt 24.470588235294112 -15.313725490196084
vt 23.843137254901954 -15.313725490196084
vt 23.843137254901954 -15.941176470588243
vt 24.470588235294112 -15.313725490196084
vt 24.470588235294112 -14.686274509803926
vt 23.843137254901954 -14.686274509803926
vt 23.843137254901954 -15.313725490196084
vt 24.470588235294112 -14.686274509803926
vt 24.470588235294112 -14.058823529411768
vt 23.843137254901954 -14.058823529411768
vt 23.843137254901954 -14.686274509803926
vt 24.470588235294112 -14.058823529411768
vt 24.470588235294112 -13.431372549019612
vt 23.843137254901954 -13.431372549019612
vt 23.843137254901954 -14.058823529411768
vt 24.470588235294112 -13.431372549019612
vt 24.470588235294112 -12.803921568627455
vt 23.843137254901954 -12.803921568627455
vt 23.843137254901954 -13.431372549019612
vt 24.470588235294112 -12.803921568627455
vt 24.470588235294112 -12.176470588235297
vt 23.843137254901954 -12.176470588235297
vt 23.843137254901954 -12.803921568627455
vt 24.470588235294112 -12.176470588235297
vt 24.470588235294112 -11.549019607843139
vt 23.843137254901954 -11.549019607843139
vt 23.843137254901954 -12.176470588235297
vt 24.470588235294112 -11.549019607843139
vt 24.470588235294112 -10.921568627450982
vt 23.843137254901954 -10.921568627450982
vt 23.843137254901954 -11.549019607843139
vt 24.470588235294112 -10.921568627450982
vt 24.470588235294112 -10.294117647058826
vt 23.843137254901954 -10.294117647058826
vt 23.843137254901954 -10.921568627450982
vt 23.843137254901954 -20.333333333333336
vt 23.843137254901954 -19.70588235294118
vt 23.2156862745098 -19.70588235294118
vt 23.2156862745098 -20.333333333333336
vt 23.843137254901954 -19.70588235294118
vt 23.843137254901954 -19.078431372549026
vt 23.2156862745098 -19.078431372549026
vt 23.2156862745098 -19.70588235294118
vt 23.843137254901954 -19.078431372549026
vt 23.843137254901954 -18.450980392156872
vt 23.2156862745098 -18.450980392156872
vt 23.2156862745098 -19.078431372549026
vt 23.843137254901954 -18.450980392156872
vt 23.843137254901954 -17.823529411764717
vt 23.2156862745098 -17.823529411764717
vt 23.2156862745098 -18.450980392156872
vt 23.843137254901954 -17.823529411764717
vt 23.843137254901954 -17.19607843137256
vt 23.2156862745098 -17.19607843137256
vt 23.2156862745098 -17.823529411764717
vt 23.843137254901954 -17.19607843137256
vt 23.843137254901954 -16.5686274509804
vt 23.2156862745098 -16.5686274509804
vt 23.2156862745098 -17.19607843137256
vt 23.843137254901954 -16.5686274509804
vt 23.843137254901954 -15.941176470588243
vt 23.2156862745098 -15.941176470588243
vt 23.2156862745098 -16.5686274509804
vt 23.843137254901954 -15.941176470588243
vt 23.843137254901954 -15.313725490196084
vt 23.2156862745098 -15.313725490196084
vt 23.2156862745098 -15.941176470588243
vt 23.843137254901954 -15.313725490196084
vt 23.843137254901954 -14.686274509803926
vt 23.2156862745098 -14.686274509803926
vt 23.2156862745098 -15.313725490196084
vt 23.843137254901954 -14.686274509803926
vt 23.843137254901954 -14.058823529411768
vt 23.2156862745098 -14.058823529411768
vt 23.2156862745098 -14.686274509803926
vt 23.843137254901954 -14.058823529411768
vt 23.843137254901954 -13.431372549019612
vt 23.2156862745098 -13.431372549019612
vt 23.2156862745098 -14.058823529411768
vt 23.843137254901954 -13.431372549019612
vt 23.843137254901954 -12.803921568627455
vt 23.2156862745098 -12.803921568627455
vt 23.2156862745098 -13.431372549019612
vt 23.843137254901954 -12.803921568627455
vt 23.843137254901954 -12.176470588235297
vt 23.2156862745098 -12.176470588235297
vt 23.2156862745098 -12.803921568627455
vt 23.843137254901954 -12.176470588235297
vt 23.843137254901954 -11.549019607843139
vt 23.2156862745098 -11.549019607843139
vt 23.2156862745098 -12.176470588235297
vt 23.843137254901954 -11.549019607843139
vt 23.843137254901954 -10.921568627450982
vt 23.2156862745098 -10.921568627450982
vt 23.2156862745098 -11.549019607843139
vt 23.843137254901954 -10.921568627450982
vt 23.843137254901954 -10.294117647058826
vt 23.2156862745098 -10.294117647058826
vt 23.2156862745098 -10.921568627450982
vt 23.2156862745098 -20.333333333333336
vt 23.2156862745098 -19.70588235294118
vt 22.588235294117645 -19.70588235294118
vt 22.588235294117645 -20.333333333333336
vt 23.2156862745098 -19.70588235294118
vt 23.2156862745098 -19.078431372549026
vt 22.588235294117645 -19.078431372549026
vt 22.588235294117645 -19.70588235294118
vt 23.2156862745098 -19.078431372549026
vt 23.2156862745098 -18.450980392156872
vt 22.588235294117645 -18.450980392156872
vt 22.588235294117645 -19.078431372549026
vt 23.2156862745098 -18.450980392156872
vt 23.2156862745098 -17.823529411764717
vt 22.588235294117645 -17.823529411764717
vt 22.588235294117645 -18.450980392156872
vt 23.2156862745098 -17.823529411764717
vt 23.2156862745098 -17.19607843137256
vt 22.588235294117645 -17.19607843137256
vt 22.588235294117645 -17.823529411764717
vt 23.2156862745098 -17.19607843137256
vt 23.2156862745098 -16.5686274509804
vt 22.588235294117645 -16.5686274509804
vt 22.588235294117645 -17.19607843137256
vt 23.2156862745098 -16.5686274509804
vt 23.2156862745098 -15.941176470588243
vt 22.588235294117645 -15.941176470588243
vt 22.588235294117645 -16.5686274509804
vt 23.2156862745098 -15.941176470588243
vt 23.2156862745098 -15.313725490196084
vt 22.588235294117645 -15.313725490196084
vt 22.588235294117645 -15.941176470588243
vt 23.2156862745098 -15.313725490196084
vt 23.2156862745098 -14.686274509803926
vt 22.588235294117645 -14.686274509803926
vt 22.588235294117645 -15.313725490196084
vt 23.2156862745098 -14.686274509803926
vt 23.2156862745098 -14.058823529411768
vt 22.588235294117645 -14.058823529411768
vt 22.588235294117645 -14.686274509803926
vt 23.2156862745098 -14.058823529411768
vt 23.2156862745098 -13.431372549019612
vt 22.588235294117645 -13.431372549019612
vt 22.588235294117645 -14.058823529411768
vt 23.2156862745098 -13.431372549019612
vt 23.2156862745098 -12.803921568627455
vt 22.588235294117645 -12.803921568627455
vt 22.588235294117645 -13.431372549019612
vt 23.2156862745098 -12.803921568627455
vt 23.2156862745098 -12.176470588235297
vt 22.588235294117645 -12.176470588235297
vt 22.588235294117645 -12.803921568627455
vt 23.2156862745098 -12.176470588235297
vt 23.2156862745098 -11.549019607843139
vt 22.588235294117645 -11.549019607843139
vt 22.588235294117645 -12.176470588235297
vt 23.2156862745098 -11.549019607843139
vt 23.2156862745098 -10.921568627450982
vt 22.588235294117645 -10.921568627450982
vt 22.588235294117645 -11.549019607843139
vt 23.2156862745098 -10.921568627450982
vt 23.2156862745098 -10.294117647058826
vt 22.588235294117645 -10.294117647058826
vt 22.588235294117645 -10.921568627450982
vt 22.588235294117645 -20.333333333333336
vt 22.588235294117645 -19.70588235294118
vt 21.96078431372549 -19.70588235294118
vt 21.96078431372549 -20.333333333333336
vt 22.588235294117645 -19.70588235294118
vt 22.588235294117645 -19.078431372549026
vt 21.96078431372549 -19.078431372549026
vt 21.96078431372549 -19.70588235294118
vt 22.588235294117645 -19.078431372549026
vt 22.588235294117645 -18.450980392156872
vt 21.96078431372549 -18.450980392156872
vt 21.96078431372549 -19.078431372549026
vt 22.588235294117645 -18.450980392156872
vt 22.588235294117645 -17.823529411764717
vt 21.96078431372549 -17.823529411764717
vt 21.96078431372549 -18.450980392156872
vt 22.588235294117645 -17.823529411764717
vt 22.588235294117645 -17.19607843137256
vt 21.96078431372549 -17.19607843137256
vt 21.96078431372549 -17.823529411764717
vt 22.588235294117645 -17.19607843137256
vt 22.588235294117645 -16.5686274509804
vt 21.96078431372549 -16.5686274509804
vt 21.96078431372549 -17.19607843137256
vt 22.588235294117645 -16.5686274509804
vt 22.588235294117645 -15.941176470588243
vt 21.96078431372549 -15.941176470588243
vt 21.96078431372549 -16.5686274509804
vt 22.588235294117645 -15.941176470588243
vt 22.588235294117645 -15.313725490196084
vt 21.96078431372549 -15.313725490196084
vt 21.96078431372549 -15.941176470588243
vt 22.588235294117645 -15.313725490196084
vt 22.588235294117645 -14.686274509803926
vt 21.96078431372549 -14.686274509803926
vt 21.96078431372549 -15.313725490196084
vt 22.588235294117645 -14.686274509803926
vt 22.588235294117645 -14.058823529411768
vt 21.96078431372549 -14.058823529411768
vt 21.96078431372549 -14.686274509803926
vt 22.588235294117645 -14.058823529411768
vt 22.588235294117645 -13.431372549019612
vt 21.96078431372549 -13.431372549019612
vt 21.96078431372549 -14.058823529411768
vt 22.588235294117645 -13.431372549019612
vt 22.588235294117645 -12.803921568627455
vt 21.96078431372549 -12.803921568627455
vt 21.96078431372549 -13.431372549019612
vt 22.588235294117645 -12.803921568627455
vt 22.588235294117645 -12.176470588235297
vt 21.96078431372549 -12.176470588235297
vt 21.96078431372549 -12.803921568627455
vt 22.588235294117645 -12.176470588235297
vt 22.588235294117645 -11.549019607843139
vt 21.96078431372549 -11.549019607843139
vt 21.96078431372549 -12.176470588235297
vt 22.588235294117645 -11.549019607843139
vt 22.588235294117645 -10.921568627450982
vt 21.96078431372549 -10.921568627450982
vt 21.96078431372549 -11.549019607843139
vt 22.588235294117645 -10.921568627450982
vt 22.588235294117645 -10.294117647058826
vt 21.96078431372549 -10.294117647058826
vt 21.96078431372549 -10.921568627450982
vt 21.96078431372549 -20.333333333333336
vt 21.96078431372549 -19.70588235294118
vt 21.333333333333336 -19.70588235294118
vt 21.333333333333336 -20.333333333333336
vt 21.96078431372549 -19.70588235294118
vt 21.96078431372549 -19.078431372549026
vt 21.333333333333336 -19.078431372549026
vt 21.333333333333336 -19.70588235294118
vt 21.96078431372549 -19.078431372549026
vt 21.96078431372549 -18.450980392156872
vt 21.333333333333336 -18.450980392156872
vt 21.333333333333336 -19.078431372549026
vt 21.96078431372549 -18.450980392156872
vt 21.96078431372549 -17.823529411764717
vt 21.333333333333336 -17.823529411764717
vt 21.333333333333336 -18.450980392156872
vt 21.96078431372549 -17.823529411764717
vt 21.96078431372549 -17.19607843137256
vt 21.333333333333336 -17.19607843137256
vt 21.333333333333336 -17.823529411764717
vt 21.96078431372549 -17.19607843137256
vt 21.96078431372549 -16.5686274509804
vt 21.333333333333336 -16.5686274509804
vt 21.333333333333336 -17.19607843137256
vt 21.96078431372549 -16.5686274509804
vt 21.96078431372549 -15.941176470588243
vt 21.333333333333336 -15.941176470588243
vt 21.333333333333336 -16.5686274509804
vt 21.96078431372549 -15.941176470588243
vt 21.96078431372549 -15.313725490196084
vt 21.333333333333336 -15.313725490196084
vt 21.333333333333336 -15.941176470588243
vt 21.96078431372549 -15.313725490196084
vt 21.96078431372549 -14.686274509803926
vt 21.333333333333336 -14.686274509803926
vt 21.333333333333336 -15.313725490196084
vt 21.96078431372549 -14.686274509803926
vt 21.96078431372549 -14.058823529411768
vt 21.333333333333336 -14.058823529411768
vt 21.333333333333336 -14.686274509803926
vt 21.96078431372549 -14.058823529411768
vt 21.96078431372549 -13.431372549019612
vt 21.333333333333336 -13.431372549019612
vt 21.333333333333336 -14.058823529411768
vt 21.96078431372549 -13.431372549019612
vt 21.96078431372549 -12.803921568627455
vt 21.333333333333336 -12.803921568627455
vt 21.333333333333336 -13.431372549019612
vt 21.96078431372549 -12.803921568627455
vt 21.96078431372549 -12.176470588235297
vt 21.333333333333336 -12.176470588235297
vt 21.333333333333336 -12.803921568627455
vt 21.96078431372549 -12.176470588235297
vt 21.96078431372549 -11.549019607843139
vt 21.333333333333336 -11.549019607843139
vt 21.333333333333336 -12.176470588235297
vt 21.96078431372549 -11.549019607843139
vt 21.96078431372549 -10.921568627450982
vt 21.333333333333336 -10.921568627450982
vt 21.333333333333336 -11.549019607843139
vt 21.96078431372549 -10.921568627450982
vt 21.96078431372549 -10.294117647058826
vt 21.333333333333336 -10.294117647058826
vt 21.333333333333336 -10.921568627450982
vt 32 -20.333333333333336
vt 32 -19.70588235294118
vt 31.372549019607845 -19.70588235294118
vt 31.372549019607845 -20.333333333333336
vt 32 -19.70588235294118
vt 32 -19.078431372549026
vt 31.372549019607845 -19.078431372549026
vt 31.372549019607845 -19.70588235294118
vt 32 -19.078431372549026
vt 32 -18.450980392156872
vt 31.372549019607845 -18.450980392156872
vt 31.372549019607845 -19.078431372549026
vt 32 -18.450980392156872
vt 32 -17.823529411764717
vt 31.372549019607845 -17.823529411764717
vt 31.372549019607845 -18.450980392156872
vt 32 -17.823529411764717
vt 32 -17.19607843137256
vt 31.372549019607845 -17.19607843137256
vt 31.372549019607845 -17.823529411764717
vt 32 -17.19607843137256
vt 32 -16.5686274509804
vt 31.372549019607845 -16.5686274509804
vt 31.372549019607845 -17.19607843137256
vt 32 -16.5686274509804
vt 32 -15.941176470588243
vt 31.372549019607845 -15.941176470588243
vt 31.372549019607845 -16.5686274509804
vt 32 -15.941176470588243
vt 32 -15.313725490196084
vt 31.372549019607845 -15.313725490196084
vt 31.372549019607845 -15.941176470588243
vt 32 -15.313725490196084
vt 32 -14.686274509803926
vt 31.372549019607845 -14.686274509803926
vt 31.372549019607845 -15.313725490196084
vt 32 -14.686274509803926
vt 32 -14.058823529411768
vt 31.372549019607845 -14.058823529411768
vt 31.372549019607845 -14.686274509803926
vt 32 -14.058823529411768
vt 32 -13.431372549019612
vt 31.372549019607845 -13.431372549019612
vt 31.372549019607845 -14.058823529411768
vt 32 -13.431372549019612
vt 32 -12.803921568627455
vt 31.372549019607845 -12.803921568627455
vt 31.372549019607845 -13.431372549019612
vt 32 -12.803921568627455
vt 32 -12.176470588235297
vt 31.372549019607845 -12.176470588235297
vt 31.372549019607845 -12.803921568627455
vt 32 -12.176470588235297
vt 32 -11.549019607843139
vt 31.372549019607845 -11.549019607843139
vt 31.372549019607845 -12.176470588235297
vt 32 -11.549019607843139
vt 32 -10.921568627450982
vt 31.372549019607845 -10.921568627450982
vt 31.372549019607845 -11.549019607843139
vt 32 -10.921568627450982
vt 32 -10.294117647058826
vt 31.372549019607845 -10.294117647058826
vt 31.372549019607845 -10.921568627450982
vt 25.098039215686278 -20.333333333333336
vt 25.098039215686278 -19.70588235294118
vt 25.725490196078432 -19.70588235294118
vt 25.725490196078432 -20.333333333333336
vt 25.098039215686278 -19.70588235294118
vt 25.098039215686278 -19.078431372549026
vt 25.725490196078432 -19.078431372549026
vt 25.725490196078432 -19.70588235294118
vt 25.098039215686278 -19.078431372549026
vt 25.098039215686278 -18.450980392156872
vt 25.725490196078432 -18.450980392156872
vt 25.725490196078432 -19.078431372549026
vt 25.098039215686278 -18.450980392156872
vt 25.098039215686278 -17.823529411764717
vt 25.725490196078432 -17.823529411764717
vt 25.725490196078432 -18.450980392156872
vt 25.098039215686278 -17.823529411764717
vt 25.098039215686278 -17.19607843137256
vt 25.725490196078432 -17.19607843137256
vt 25.725490196078432 -17.823529411764717
vt 25.098039215686278 -17.19607843137256
vt 25.098039215686278 -16.5686274509804
vt 25.725490196078432 -16.5686274509804
vt 25.725490196078432 -17.19607843137256
vt 25.098039215686278 -16.5686274509804
vt 25.098039215686278 -15.941176470588243
vt 25.725490196078432 -15.941176470588243
vt 25.725490196078432 -16.5686274509804
vt 25.098039215686278 -15.941176470588243
vt 25.098039215686278 -15.313725490196084
vt 25.725490196078432 -15.313725490196084
vt 25.725490196078432 -15.941176470588243
vt 25.098039215686278 -15.313725490196084
vt 25.098039215686278 -14.686274509803926
vt 25.725490196078432 -14.686274509803926
vt 25.725490196078432 -15.313725490196084
vt 25.098039215686278 -14.686274509803926
vt 25.098039215686278 -14.058823529411768
vt 25.725490196078432 -14.058823529411768
vt 25.725490196078432 -14.686274509803926
vt 25.098039215686278 -14.058823529411768
vt 25.098039215686278 -13.431372549019612
vt 25.725490196078432 -13.431372549019612
vt 25.725490196078432 -14.058823529411768
vt 25.098039215686278 -13.431372549019612
vt 25.098039215686278 -12.803921568627455
vt 25.725490196078432 -12.803921568627455
vt 25.725490196078432 -13.431372549019612
vt 25.098039215686278 -12.803921568627455
vt 25.098039215686278 -12.176470588235297
vt 25.725490196078432 -12.176470588235297
vt 25.725490196078432 -12.803921568627455
vt 25.098039215686278 -12.176470588235297
vt 25.098039215686278 -11.549019607843139
vt 25.725490196078432 -11.549019607843139
vt 25.725490196078432 -12.176470588235297
vt 25.098039215686278 -11.549019607843139
vt 25.098039215686278 -10.921568627450982
vt 25.725490196078432 -10.921568627450982
vt 25.725490196078432 -11.549019607843139
vt 25.098039215686278 -10.921568627450982
vt 25.098039215686278 -10.294117647058826
vt 25.725490196078432 -10.294117647058826
vt 25.725490196078432 -10.921568627450982
vt 25.725490196078432 -20.333333333333336
vt 25.725490196078432 -19.70588235294118
vt 26.35294117647059 -19.70588235294118
vt 26.35294117647059 -20.333333333333336
vt 25.725490196078432 -19.70588235294118
vt 25.725490196078432 -19.078431372549026
vt 26.35294117647059 -19.078431372549026
vt 26.35294117647059 -19.70588235294118
vt 25.725490196078432 -19.078431372549026
vt 25.725490196078432 -18.450980392156872
vt 26.35294117647059 -18.450980392156872
vt 26.35294117647059 -19.078431372549026
vt 25.725490196078432 -18.450980392156872
vt 25.725490196078432 -17.823529411764717
vt 26.35294117647059 -17.823529411764717
vt 26.35294117647059 -18.450980392156872
vt 25.725490196078432 -17.823529411764717
vt 25.725490196078432 -17.19607843137256
vt 26.35294117647059 -17.19607843137256
vt 26.35294117647059 -17.823529411764717
vt 25.725490196078432 -17.19607843137256
vt 25.725490196078432 -16.5686274509804
vt 26.35294117647059 -16.5686274509804
vt 26.35294117647059 -17.19607843137256
vt 25.725490196078432 -16.5686274509804
vt 25.725490196078432 -15.941176470588243
vt 26.35294117647059 -15.941176470588243
vt 26.35294117647059 -16.5686274509804
vt 25.725490196078432 -15.941176470588243
vt 25.725490196078432 -15.313725490196084
vt 26.35294117647059 -15.313725490196084
vt 26.35294117647059 -15.941176470588243
vt 25.725490196078432 -15.313725490196084
vt 25.725490196078432 -14.686274509803926
vt 26.35294117647059 -14.686274509803926
vt 26.35294117647059 -15.313725490196084
vt 25.725490196078432 -14.686274509803926
vt 25.725490196078432 -14.058823529411768
vt 26.35294117647059 -14.058823529411768
vt 26.35294117647059 -14.686274509803926
vt 25.725490196078432 -14.058823529411768
vt 25.725490196078432 -13.431372549019612
vt 26.35294117647059 -13.431372549019612
vt 26.35294117647059 -14.058823529411768
vt 25.725490196078432 -13.431372549019612
vt 25.725490196078432 -12.803921568627455
vt 26.35294117647059 -12.803921568627455
vt 26.35294117647059 -13.431372549019612
vt 25.725490196078432 -12.803921568627455
vt 25.725490196078432 -12.176470588235297
vt 26.35294117647059 -12.176470588235297
vt 26.35294117647059 -12.803921568627455
vt 25.725490196078432 -12.176470588235297
vt 25.725490196078432 -11.549019607843139
vt 26.35294117647059 -11.549019607843139
vt 26.35294117647059 -12.176470588235297
vt 25.725490196078432 -11.549019607843139
vt 25.725490196078432 -10.921568627450982
vt 26.35294117647059 -10.921568627450982
vt 26.35294117647059 -11.549019607843139
vt 25.725490196078432 -10.921568627450982
vt 25.725490196078432 -10.294117647058826
vt 26.35294117647059 -10.294117647058826
vt 26.35294117647059 -10.921568627450982
vt 26.35294117647059 -20.333333333333336
vt 26.35294117647059 -19.70588235294118
vt 26.98039215686275 -19.70588235294118
vt 26.98039215686275 -20.333333333333336
vt 26.35294117647059 -19.70588235294118
vt 26.35294117647059 -19.078431372549026
vt 26.98039215686275 -19.078431372549026
vt 26.98039215686275 -19.70588235294118
vt 26.35294117647059 -19.078431372549026
vt 26.35294117647059 -18.450980392156872
vt 26.98039215686275 -18.450980392156872
vt 26.98039215686275 -19.078431372549026
vt 26.35294117647059 -18.450980392156872
vt 26.35294117647059 -17.823529411764717
vt 26.98039215686275 -17.823529411764717
vt 26.98039215686275 -18.450980392156872
vt 26.35294117647059 -17.823529411764717
vt 26.35294117647059 -17.19607843137256
vt 26.98039215686275 -17.19607843137256
vt 26.98039215686275 -17.823529411764717
vt 26.35294117647059 -17.19607843137256
vt 26.35294117647059 -16.5686274509804
vt 26.98039215686275 -16.5686274509804
vt 26.98039215686275 -17.19607843137256
vt 26.35294117647059 -16.5686274509804
vt 26.35294117647059 -15.941176470588243
vt 26.98039215686275 -15.941176470588243
vt 26.98039215686275 -16.5686274509804
vt 26.35294117647059 -15.941176470588243
vt 26.35294117647059 -15.313725490196084
vt 26.98039215686275 -15.313725490196084
vt 26.98039215686275 -15.941176470588243
vt 26.35294117647059 -15.313725490196084
vt 26.35294117647059 -14.686274509803926
vt 26.98039215686275 -14.686274509803926
vt 26.98039215686275 -15.313725490196084
vt 26.35294117647059 -14.686274509803926
vt 26.35294117647059 -14.058823529411768
vt 26.98039215686275 -14.058823529411768
vt 26.98039215686275 -14.686274509803926
vt 26.35294117647059 -14.058823529411768
vt 26.35294117647059 -13.431372549019612
vt 26.98039215686275 -13.431372549019612
vt 26.98039215686275 -14.058823529411768
vt 26.35294117647059 -13.431372549019612
vt 26.35294117647059 -12.803921568627455
vt 26.98039215686275 -12.803921568627455
vt 26.98039215686275 -13.431372549019612
vt 26.35294117647059 -12.803921568627455
vt 26.35294117647059 -12.176470588235297
vt 26.98039215686275 -12.176470588235297
vt 26.98039215686275 -12.803921568627455
vt 26.35294117647059 -12.176470588235297
vt 26.35294117647059 -11.549019607843139
vt 26.98039215686275 -11.549019607843139
vt 26.98039215686275 -12.176470588235297
vt 26.35294117647059 -11.549019607843139
vt 26.35294117647059 -10.921568627450982
vt 26.98039215686275 -10.921568627450982
vt 26.98039215686275 -11.549019607843139
vt 26.35294117647059 -10.921568627450982
vt 26.35294117647059 -10.294117647058826
vt 26.98039215686275 -10.294117647058826
vt 26.98039215686275 -10.921568627450982
vt 26.98039215686275 -20.333333333333336
vt 26.98039215686275 -19.70588235294118
vt 27.607843137254907 -19.70588235294118
vt 27.607843137254907 -20.333333333333336
vt 26.98039215686275 -19.70588235294118
vt 26.98039215686275 -19.078431372549026
vt 27.607843137254907 -19.078431372549026
vt 27.607843137254907 -19.70588235294118
vt 26.98039215686275 -19.078431372549026
vt 26.98039215686275 -18.450980392156872
vt 27.607843137254907 -18.450980392156872
vt 27.607843137254907 -19.078431372549026
vt 26.98039215686275 -18.450980392156872
vt 26.98039215686275 -17.823529411764717
vt 27.607843137254907 -17.823529411764717
vt 27.607843137254907 -18.450980392156872
vt 26.98039215686275 -17.823529411764717
vt 26.98039215686275 -17.19607843137256
vt 27.607843137254907 -17.19607843137256
vt 27.607843137254907 -17.823529411764717
vt 26.98039215686275 -17.19607843137256
vt 26.98039215686275 -16.5686274509804
vt 27.607843137254907 -16.5686274509804
vt 27.607843137254907 -17.19607843137256
vt 26.98039215686275 -16.5686274509804
vt 26.98039215686275 -15.941176470588243
vt 27.607843137254907 -15.941176470588243
vt 27.607843137254907 -16.5686274509804
vt 26.98039215686275 -15.941176470588243
vt 26.98039215686275 -15.313725490196084
vt 27.607843137254907 -15.313725490196084
vt 27.607843137254907 -15.941176470588243
vt 26.98039215686275 -15.313725490196084
vt 26.98039215686275 -14.686274509803926
vt 27.607843137254907 -14.686274509803926
vt 27.607843137254907 -15.313725490196084
vt 26.98039215686275 -14.686274509803926
vt 26.98039215686275 -14.058823529411768
vt 27.607843137254907 -14.058823529411768
vt 27.607843137254907 -14.686274509803926
vt 26.98039215686275 -14.058823529411768
vt 26.98039215686275 -13.431372549019612
vt 27.607843137254907 -13.431372549019612
vt 27.607843137254907 -14.058823529411768
vt 26.98039215686275 -13.431372549019612
vt 26.98039215686275 -12.803921568627455
vt 27.607843137254907 -12.803921568627455
vt 27.607843137254907 -13.431372549019612
vt 26.98039215686275 -12.803921568627455
vt 26.98039215686275 -12.176470588235297
vt 27.607843137254907 -12.176470588235297
vt 27.607843137254907 -12.803921568627455
vt 26.98039215686275 -12.176470588235297
vt 26.98039215686275 -11.549019607843139
vt 27.607843137254907 -11.549019607843139
vt 27.607843137254907 -12.176470588235297
vt 26.98039215686275 -11.549019607843139
vt 26.98039215686275 -10.921568627450982
vt 27.607843137254907 -10.921568627450982
vt 27.607843137254907 -11.549019607843139
vt 26.98039215686275 -10.921568627450982
vt 26.98039215686275 -10.294117647058826
vt 27.607843137254907 -10.294117647058826
vt 27.607843137254907 -10.921568627450982
vt 27.607843137254907 -20.333333333333336
vt 27.607843137254907 -19.70588235294118
vt 28.235294117647065 -19.70588235294118
vt 28.235294117647065 -20.333333333333336
vt 27.607843137254907 -19.70588235294118
vt 27.607843137254907 -19.078431372549026
vt 28.235294117647065 -19.078431372549026
vt 28.235294117647065 -19.70588235294118
vt 27.607843137254907 -19.078431372549026
vt 27.607843137254907 -18.450980392156872
vt 28.235294117647065 -18.450980392156872
vt 28.235294117647065 -19.078431372549026
vt 27.607843137254907 -18.450980392156872
vt 27.607843137254907 -17.823529411764717
vt 28.235294117647065 -17.823529411764717
vt 28.235294117647065 -18.450980392156872
vt 27.607843137254907 -17.823529411764717
vt 27.607843137254907 -17.19607843137256
vt 28.235294117647065 -17.19607843137256
vt 28.235294117647065 -17.823529411764717
vt 27.607843137254907 -17.19607843137256
vt 27.607843137254907 -16.5686274509804
vt 28.235294117647065 -16.5686274509804
vt 28.235294117647065 -17.19607843137256
vt 27.607843137254907 -16.5686274509804
vt 27.607843137254907 -15.941176470588243
vt 28.235294117647065 -15.941176470588243
vt 28.235294117647065 -16.5686274509804
vt 27.607843137254907 -15.941176470588243
vt 27.607843137254907 -15.313725490196084
vt 28.235294117647065 -15.313725490196084
vt 28.235294117647065 -15.941176470588243
vt 27.607843137254907 -15.313725490196084
vt 27.607843137254907 -14.686274509803926
vt 28.235294117647065 -14.686274509803926
vt 28.235294117647065 -15.313725490196084
vt 27.607843137254907 -14.686274509803926
vt 27.607843137254907 -14.058823529411768
vt 28.235294117647065 -14.058823529411768
vt 28.235294117647065 -14.686274509803926
vt 27.607843137254907 -14.058823529411768
vt 27.607843137254907 -13.431372549019612
vt 28.235294117647065 -13.431372549019612
vt 28.235294117647065 -14.058823529411768
vt 27.607843137254907 -13.431372549019612
vt 27.607843137254907 -12.803921568627455
vt 28.235294117647065 -12.803921568627455
vt 28.235294117647065 -13.431372549019612
vt 27.607843137254907 -12.803921568627455
vt 27.607843137254907 -12.176470588235297
vt 28.235294117647065 -12.176470588235297
vt 28.235294117647065 -12.803921568627455
vt 27.607843137254907 -12.176470588235297
vt 27.607843137254907 -11.549019607843139
vt 28.235294117647065 -11.549019607843139
vt 28.235294117647065 -12.176470588235297
vt 27.607843137254907 -11.549019607843139
vt 27.607843137254907 -10.921568627450982
vt 28.235294117647065 -10.921568627450982
vt 28.235294117647065 -11.549019607843139
vt 27.607843137254907 -10.921568627450982
vt 27.607843137254907 -10.294117647058826
vt 28.235294117647065 -10.294117647058826
vt 28.235294117647065 -10.921568627450982
vt 28.235294117647065 -20.333333333333336
vt 28.235294117647065 -19.70588235294118
vt 28.862745098039223 -19.70588235294118
vt 28.862745098039223 -20.333333333333336
vt 28.235294117647065 -19.70588235294118
vt 28.235294117647065 -19.078431372549026
vt 28.862745098039223 -19.078431372549026
vt 28.862745098039223 -19.70588235294118
vt 28.235294117647065 -19.078431372549026
vt 28.235294117647065 -18.450980392156872
vt 28.862745098039223 -18.450980392156872
vt 28.862745098039223 -19.078431372549026
vt 28.235294117647065 -18.450980392156872
vt 28.235294117647065 -17.823529411764717
vt 28.862745098039223 -17.823529411764717
vt 28.862745098039223 -18.450980392156872
vt 28.235294117647065 -17.823529411764717
vt 28.235294117647065 -17.19607843137256
vt 28.862745098039223 -17.19607843137256
vt 28.862745098039223 -17.823529411764717
vt 28.235294117647065 -17.19607843137256
vt 28.235294117647065 -16.5686274509804
vt 28.862745098039223 -16.5686274509804
vt 28.862745098039223 -17.19607843137256
vt 28.235294117647065 -16.5686274509804
vt 28.235294117647065 -15.941176470588243
vt 28.862745098039223 -15.941176470588243
vt 28.862745098039223 -16.5686274509804
vt 28.235294117647065 -15.941176470588243
vt 28.235294117647065 -15.313725490196084
vt 28.862745098039223 -15.313725490196084
vt 28.862745098039223 -15.941176470588243
vt 28.235294117647065 -15.313725490196084
vt 28.235294117647065 -14.686274509803926
vt 28.862745098039223 -14.686274509803926
vt 28.862745098039223 -15.313725490196084
vt 28.235294117647065 -14.686274509803926
vt 28.235294117647065 -14.058823529411768
vt 28.862745098039223 -14.058823529411768
vt 28.862745098039223 -14.686274509803926
vt 28.235294117647065 -14.058823529411768
vt 28.235294117647065 -13.431372549019612
vt 28.862745098039223 -13.431372549019612
vt 28.862745098039223 -14.058823529411768
vt 28.235294117647065 -13.431372549019612
vt 28.235294117647065 -12.803921568627455
vt 28.862745098039223 -12.803921568627455
vt 28.862745098039223 -13.431372549019612
vt 28.235294117647065 -12.803921568627455
vt 28.235294117647065 -12.176470588235297
vt 28.862745098039223 -12.176470588235297
vt 28.862745098039223 -12.803921568627455
vt 28.235294117647065 -12.176470588235297
vt 28.235294117647065 -11.549019607843139
vt 28.862745098039223 -11.549019607843139
vt 28.862745098039223 -12.176470588235297
vt 28.235294117647065 -11.549019607843139
vt 28.235294117647065 -10.921568627450982
vt 28.862745098039223 -10.921568627450982
vt 28.862745098039223 -11.549019607843139
vt 28.235294117647065 -10.921568627450982
vt 28.235294117647065 -10.294117647058826
vt 28.862745098039223 -10.294117647058826
vt 28.862745098039223 -10.921568627450982
vt 28.862745098039223 -20.333333333333336
vt 28.862745098039223 -19.70588235294118
vt 29.49019607843138 -19.70588235294118
vt 29.49019607843138 -20.333333333333336
vt 28.862745098039223 -19.70588235294118
vt 28.862745098039223 -19.078431372549026
vt 29.49019607843138 -19.078431372549026
vt 29.49019607843138 -19.70588235294118
vt 28.862745098039223 -19.078431372549026
vt 28.862745098039223 -18.450980392156872
vt 29.49019607843138 -18.450980392156872
vt 29.49019607843138 -19.078431372549026
vt 28.862745098039223 -18.450980392156872
vt 28.862745098039223 -17.823529411764717
vt 29.49019607843138 -17.823529411764717
vt 29.49019607843138 -18.450980392156872
vt 28.862745098039223 -17.823529411764717
vt 28.862745098039223 -17.19607843137256
vt 29.49019607843138 -17.19607843137256
vt 29.49019607843138 -17.823529411764717
vt 28.862745098039223 -17.19607843137256
vt 28.862745098039223 -16.5686274509804
vt 29.49019607843138 -16.5686274509804
vt 29.49019607843138 -17.19607843137256
vt 28.862745098039223 -16.5686274509804
vt 28.862745098039223 -15.941176470588243
vt 29.49019607843138 -15.941176470588243
vt 29.49019607843138 -16.5686274509804
vt 28.862745098039223 -15.941176470588243
vt 28.862745098039223 -15.313725490196084
vt 29.49019607843138 -15.313725490196084
vt 29.49019607843138 -15.941176470588243
vt 28.862745098039223 -15.313725490196084
vt 28.862745098039223 -14.686274509803926
vt 29.49019607843138 -14.686274509803926
vt 29.49019607843138 -15.313725490196084
vt 28.862745098039223 -14.686274509803926
vt 28.862745098039223 -14.058823529411768
vt 29.49019607843138 -14.058823529411768
vt 29.49019607843138 -14.686274509803926
vt 28.862745098039223 -14.058823529411768
vt 28.862745098039223 -13.431372549019612
vt 29.49019607843138 -13.431372549019612
vt 29.49019607843138 -14.058823529411768
vt 28.862745098039223 -13.431372549019612
vt 28.862745098039223 -12.803921568627455
vt 29.49019607843138 -12.803921568627455
vt 29.49019607843138 -13.431372549019612
vt 28.862745098039223 -12.803921568627455
vt 28.862745098039223 -12.176470588235297
vt 29.49019607843138 -12.176470588235297
vt 29.49019607843138 -12.803921568627455
vt 28.862745098039223 -12.176470588235297
vt 28.862745098039223 -11.549019607843139
vt 29.49019607843138 -11.549019607843139
vt 29.49019607843138 -12.176470588235297
vt 28.862745098039223 -11.549019607843139
vt 28.862745098039223 -10.921568627450982
vt 29.49019607843138 -10.921568627450982
vt 29.49019607843138 -11.549019607843139
vt 28.862745098039223 -10.921568627450982
vt 28.862745098039223 -10.294117647058826
vt 29.49019607843138 -10.294117647058826
vt 29.49019607843138 -10.921568627450982
vt 29.49019607843138 -20.333333333333336
vt 29.49019607843138 -19.70588235294118
vt 30.117647058823536 -19.70588235294118
vt 30.117647058823536 -20.333333333333336
vt 29.49019607843138 -19.70588235294118
vt 29.49019607843138 -19.078431372549026
vt 30.117647058823536 -19.078431372549026
vt 30.117647058823536 -19.70588235294118
vt 29.49019607843138 -19.078431372549026
vt 29.49019607843138 -18.450980392156872
vt 30.117647058823536 -18.450980392156872
vt 30.117647058823536 -19.078431372549026
vt 29.49019607843138 -18.450980392156872
vt 29.49019607843138 -17.823529411764717
vt 30.117647058823536 -17.823529411764717
vt 30.117647058823536 -18.450980392156872
vt 29.49019607843138 -17.823529411764717
vt 29.49019607843138 -17.19607843137256
vt 30.117647058823536 -17.19607843137256
vt 30.117647058823536 -17.823529411764717
vt 29.49019607843138 -17.19607843137256
vt 29.49019607843138 -16.5686274509804
vt 30.117647058823536 -16.5686274509804
vt 30.117647058823536 -17.19607843137256
vt 29.49019607843138 -16.5686274509804
vt 29.49019607843138 -15.941176470588243
vt 30.117647058823536 -15.941176470588243
vt 30.117647058823536 -16.5686274509804
vt 29.49019607843138 -15.941176470588243
vt 29.49019607843138 -15.313725490196084
vt 30.117647058823536 -15.313725490196084
vt 30.117647058823536 -15.941176470588243
vt 29.49019607843138 -15.313725490196084
vt 29.49019607843138 -14.686274509803926
vt 30.117647058823536 -14.686274509803926
vt 30.117647058823536 -15.313725490196084
vt 29.49019607843138 -14.686274509803926
vt 29.49019607843138 -14.058823529411768
vt 30.117647058823536 -14.058823529411768
vt 30.117647058823536 -14.686274509803926
vt 29.49019607843138 -14.058823529411768
vt 29.49019607843138 -13.431372549019612
vt 30.117647058823536 -13.431372549019612
vt 30.117647058823536 -14.058823529411768
vt 29.49019607843138 -13.431372549019612
vt 29.49019607843138 -12.803921568627455
vt 30.117647058823536 -12.803921568627455
vt 30.117647058823536 -13.431372549019612
vt 29.49019607843138 -12.803921568627455
vt 29.49019607843138 -12.176470588235297
vt 30.117647058823536 -12.176470588235297
vt 30.117647058823536 -12.803921568627455
vt 29.49019607843138 -12.176470588235297
vt 29.49019607843138 -11.549019607843139
vt 30.117647058823536 -11.549019607843139
vt 30.117647058823536 -12.176470588235297
vt 29.49019607843138 -11.549019607843139
vt 29.49019607843138 -10.921568627450982
vt 30.117647058823536 -10.921568627450982
vt 30.117647058823536 -11.549019607843139
vt 29.49019607843138 -10.921568627450982
vt 29.49019607843138 -10.294117647058826
vt 30.117647058823536 -10.294117647058826
vt 30.117647058823536 -10.921568627450982
vt 30.117647058823536 -20.333333333333336
vt 30.117647058823536 -19.70588235294118
vt 30.74509803921569 -19.70588235294118
vt 30.74509803921569 -20.333333333333336
vt 30.117647058823536 -19.70588235294118
vt 30.117647058823536 -19.078431372549026
vt 30.74509803921569 -19.078431372549026
vt 30.74509803921569 -19.70588235294118
vt 30.117647058823536 -19.078431372549026
vt 30.117647058823536 -18.450980392156872
vt 30.74509803921569 -18.450980392156872
vt 30.74509803921569 -19.078431372549026
vt 30.117647058823536 -18.450980392156872
vt 30.117647058823536 -17.823529411764717
vt 30.74509803921569 -17.823529411764717
vt 30.74509803921569 -18.450980392156872
vt 30.117647058823536 -17.823529411764717
vt 30.117647058823536 -17.19607843137256
vt 30.74509803921569 -17.19607843137256
vt 30.74509803921569 -17.823529411764717
vt 30.117647058823536 -17.19607843137256
vt 30.117647058823536 -16.5686274509804
vt 30.74509803921569 -16.5686274509804
vt 30.74509803921569 -17.19607843137256
vt 30.117647058823536 -16.5686274509804
vt 30.117647058823536 -15.941176470588243
vt 30.74509803921569 -15.941176470588243
vt 30.74509803921569 -16.5686274509804
vt 30.117647058823536 -15.941176470588243
vt 30.117647058823536 -15.313725490196084
vt 30.74509803921569 -15.313725490196084
vt 30.74509803921569 -15.941176470588243
vt 30.117647058823536 -15.313725490196084
vt 30.117647058823536 -14.686274509803926
vt 30.74509803921569 -14.686274509803926
vt 30.74509803921569 -15.313725490196084
vt 30.117647058823536 -14.686274509803926
vt 30.117647058823536 -14.058823529411768
vt 30.74509803921569 -14.058823529411768
vt 30.74509803921569 -14.686274509803926
vt 30.117647058823536 -14.058823529411768
vt 30.117647058823536 -13.431372549019612
vt 30.74509803921569 -13.431372549019612
vt 30.74509803921569 -14.058823529411768
vt 30.117647058823536 -13.431372549019612
vt 30.117647058823536 -12.803921568627455
vt 30.74509803921569 -12.803921568627455
vt 30.74509803921569 -13.431372549019612
vt 30.117647058823536 -12.803921568627455
vt 30.117647058823536 -12.176470588235297
vt 30.74509803921569 -12.176470588235297
vt 30.74509803921569 -12.803921568627455
vt 30.117647058823536 -12.176470588235297
vt 30.117647058823536 -11.549019607843139
vt 30.74509803921569 -11.549019607843139
vt 30.74509803921569 -12.176470588235297
vt 30.117647058823536 -11.549019607843139
vt 30.117647058823536 -10.921568627450982
vt 30.74509803921569 -10.921568627450982
vt 30.74509803921569 -11.549019607843139
vt 30.117647058823536 -10.921568627450982
vt 30.117647058823536 -10.294117647058826
vt 30.74509803921569 -10.294117647058826
vt 30.74509803921569 -10.921568627450982
vt 30.74509803921569 -20.333333333333336
vt 30.74509803921569 -19.70588235294118
vt 31.372549019607845 -19.70588235294118
vt 31.372549019607845 -20.333333333333336
vt 30.74509803921569 -19.70588235294118
vt 30.74509803921569 -19.078431372549026
vt 31.372549019607845 -19.078431372549026
vt 31.372549019607845 -19.70588235294118
vt 30.74509803921569 -19.078431372549026
vt 30.74509803921569 -18.450980392156872
vt 31.372549019607845 -18.450980392156872
vt 31.372549019607845 -19.078431372549026
vt 30.74509803921569 -18.450980392156872
vt 30.74509803921569 -17.823529411764717
vt 31.372549019607845 -17.823529411764717
vt 31.372549019607845 -18.450980392156872
vt 30.74509803921569 -17.823529411764717
vt 30.74509803921569 -17.19607843137256
vt 31.372549019607845 -17.19607843137256
vt 31.372549019607845 -17.823529411764717
vt 30.74509803921569 -17.19607843137256
vt 30.74509803921569 -16.5686274509804
vt 31.372549019607845 -16.5686274509804
vt 31.372549019607845 -17.19607843137256
vt 30.74509803921569 -16.5686274509804
vt 30.74509803921569 -15.941176470588243
vt 31.372549019607845 -15.941176470588243
vt 31.372549019607845 -16.5686274509804
vt 30.74509803921569 -15.941176470588243
vt 30.74509803921569 -15.313725490196084
vt 31.372549019607845 -15.313725490196084
vt 31.372549019607845 -15.941176470588243
vt 30.74509803921569 -15.313725490196084
vt 30.74509803921569 -14.686274509803926
vt 31.372549019607845 -14.686274509803926
vt 31.372549019607845 -15.313725490196084
vt 30.74509803921569 -14.686274509803926
vt 30.74509803921569 -14.058823529411768
vt 31.372549019607845 -14.058823529411768
vt 31.372549019607845 -14.686274509803926
vt 30.74509803921569 -14.058823529411768
vt 30.74509803921569 -13.431372549019612
vt 31.372549019607845 -13.431372549019612
vt 31.372549019607845 -14.058823529411768
vt 30.74509803921569 -13.431372549019612
vt 30.74509803921569 -12.803921568627455
vt 31.372549019607845 -12.803921568627455
vt 31.372549019607845 -13.431372549019612
vt 30.74509803921569 -12.803921568627455
vt 30.74509803921569 -12.176470588235297
vt 31.372549019607845 -12.176470588235297
vt 31.372549019607845 -12.803921568627455
vt 30.74509803921569 -12.176470588235297
vt 30.74509803921569 -11.549019607843139
vt 31.372549019607845 -11.549019607843139
vt 31.372549019607845 -12.176470588235297
vt 30.74509803921569 -11.549019607843139
vt 30.74509803921569 -10.921568627450982
vt 31.372549019607845 -10.921568627450982
vt 31.372549019607845 -11.549019607843139
vt 30.74509803921569 -10.921568627450982
vt 30.74509803921569 -10.294117647058826
vt 31.372549019607845 -10.294117647058826
vt 31.372549019607845 -10.921568627450982
vt 31.372549019607845 -20.333333333333336
vt 31.372549019607845 -19.70588235294118
vt 32 -19.70588235294118
vt 32 -20.333333333333336
vt 31.372549019607845 -19.70588235294118
vt 31.372549019607845 -19.078431372549026
vt 32 -19.078431372549026
vt 32 -19.70588235294118
vt 31.372549019607845 -19.078431372549026
vt 31.372549019607845 -18.450980392156872
vt 32 -18.450980392156872
vt 32 -19.078431372549026
vt 31.372549019607845 -18.450980392156872
vt 31.372549019607845 -17.823529411764717
vt 32 -17.823529411764717
vt 32 -18.450980392156872
vt 31.372549019607845 -17.823529411764717
vt 31.372549019607845 -17.19607843137256
vt 32 -17.19607843137256
vt 32 -17.823529411764717
vt 31.372549019607845 -17.19607843137256
vt 31.372549019607845 -16.5686274509804
vt 32 -16.5686274509804
vt 32 -17.19607843137256
vt 31.372549019607845 -16.5686274509804
vt 31.372549019607845 -15.941176470588243
vt 32 -15.941176470588243
vt 32 -16.5686274509804
vt 31.372549019607845 -15.941176470588243
vt 31.372549019607845 -15.313725490196084
vt 32 -15.313725490196084
vt 32 -15.941176470588243
vt 31.372549019607845 -15.313725490196084
vt 31.372549019607845 -14.686274509803926
vt 32 -14.686274509803926
vt 32 -15.313725490196084
vt 31.372549019607845 -14.686274509803926
vt 31.372549019607845 -14.058823529411768
vt 32 -14.058823529411768
vt 32 -14.686274509803926
vt 31.372549019607845 -14.058823529411768
vt 31.372549019607845 -13.431372549019612
vt 32 -13.431372549019612
vt 32 -14.058823529411768
vt 31.372549019607845 -13.431372549019612
vt 31.372549019607845 -12.803921568627455
vt 32 -12.803921568627455
vt 32 -13.431372549019612
vt 31.372549019607845 -12.803921568627455
vt 31.372549019607845 -12.176470588235297
vt 32 -12.176470588235297
vt 32 -12.803921568627455
vt 31.372549019607845 -12.176470588235297
vt 31.372549019607845 -11.549019607843139
vt 32 -11.549019607843139
vt 32 -12.176470588235297
vt 31.372549019607845 -11.549019607843139
vt 31.372549019607845 -10.921568627450982
vt 32 -10.921568627450982
vt 32 -11.549019607843139
vt 31.372549019607845 -10.921568627450982
vt 31.372549019607845 -10.294117647058826
vt 32 -10.294117647058826
vt 32 -10.921568627450982
vt 24.47058823529412 -20.333333333333336
vt 24.47058823529412 -19.70588235294118
vt 25.098039215686278 -19.70588235294118
vt 25.098039215686278 -20.333333333333336
vt 24.47058823529412 -19.70588235294118
vt 24.47058823529412 -19.078431372549026
vt 25.098039215686278 -19.078431372549026
vt 25.098039215686278 -19.70588235294118
vt 24.47058823529412 -19.078431372549026
vt 24.47058823529412 -18.450980392156872
vt 25.098039215686278 -18.450980392156872
vt 25.098039215686278 -19.078431372549026
vt 24.47058823529412 -18.450980392156872
vt 24.47058823529412 -17.823529411764717
vt 25.098039215686278 -17.823529411764717
vt 25.098039215686278 -18.450980392156872
vt 24.47058823529412 -17.823529411764717
vt 24.47058823529412 -17.19607843137256
vt 25.098039215686278 -17.19607843137256
vt 25.098039215686278 -17.823529411764717
vt 24.47058823529412 -17.19607843137256
vt 24.47058823529412 -16.5686274509804
vt 25.098039215686278 -16.5686274509804
vt 25.098039215686278 -17.19607843137256
vt 24.47058823529412 -16.5686274509804
vt 24.47058823529412 -15.941176470588243
vt 25.098039215686278 -15.941176470588243
vt 25.098039215686278 -16.5686274509804
vt 24.47058823529412 -15.941176470588243
vt 24.47058823529412 -15.313725490196084
vt 25.098039215686278 -15.313725490196084
vt 25.098039215686278 -15.941176470588243
vt 24.47058823529412 -15.313725490196084
vt 24.47058823529412 -14.686274509803926
vt 25.098039215686278 -14.686274509803926
vt 25.098039215686278 -15.313725490196084
vt 24.47058823529412 -14.686274509803926
vt 24.47058823529412 -14.058823529411768
vt 25.098039215686278 -14.058823529411768
vt 25.098039215686278 -14.686274509803926
vt 24.47058823529412 -14.058823529411768
vt 24.47058823529412 -13.431372549019612
vt 25.098039215686278 -13.431372549019612
vt 25.098039215686278 -14.058823529411768
vt 24.47058823529412 -13.431372549019612
vt 24.47058823529412 -12.803921568627455
vt 25.098039215686278 -12.803921568627455
vt 25.098039215686278 -13.431372549019612
vt 24.47058823529412 -12.803921568627455
vt 24.47058823529412 -12.176470588235297
vt 25.098039215686278 -12.176470588235297
vt 25.098039215686278 -12.803921568627455
vt 24.47058823529412 -12.176470588235297
vt 24.47058823529412 -11.549019607843139
vt 25.098039215686278 -11.549019607843139
vt 25.098039215686278 -12.176470588235297
vt 24.47058823529412 -11.549019607843139
vt 24.47058823529412 -10.921568627450982
vt 25.098039215686278 -10.921568627450982
vt 25.098039215686278 -11.549019607843139
vt 24.47058823529412 -10.921568627450982
vt 24.47058823529412 -10.294117647058826
vt 25.098039215686278 -10.294117647058826
vt 25.098039215686278 -10.921568627450982
vt 23.84313725490196 -20.333333333333336
vt 23.84313725490196 -19.70588235294118
vt 24.47058823529412 -19.70588235294118
vt 24.47058823529412 -20.333333333333336
vt 23.84313725490196 -19.70588235294118
vt 23.84313725490196 -19.078431372549026
vt 24.47058823529412 -19.078431372549026
vt 24.47058823529412 -19.70588235294118
vt 23.84313725490196 -19.078431372549026
vt 23.84313725490196 -18.450980392156872
vt 24.47058823529412 -18.450980392156872
vt 24.47058823529412 -19.078431372549026
vt 23.84313725490196 -18.450980392156872
vt 23.84313725490196 -17.823529411764717
vt 24.47058823529412 -17.823529411764717
vt 24.47058823529412 -18.450980392156872
vt 23.84313725490196 -17.823529411764717
vt 23.84313725490196 -17.19607843137256
vt 24.47058823529412 -17.19607843137256
vt 24.47058823529412 -17.823529411764717
vt 23.84313725490196 -17.19607843137256
vt 23.84313725490196 -16.5686274509804
vt 24.47058823529412 -16.5686274509804
vt 24.47058823529412 -17.19607843137256
vt 23.84313725490196 -16.5686274509804
vt 23.84313725490196 -15.941176470588243
vt 24.47058823529412 -15.941176470588243
vt 24.47058823529412 -16.5686274509804
vt 23.84313725490196 -15.941176470588243
vt 23.84313725490196 -15.313725490196084
vt 24.47058823529412 -15.313725490196084
vt 24.47058823529412 -15.941176470588243
vt 23.84313725490196 -15.313725490196084
vt 23.84313725490196 -14.686274509803926
vt 24.47058823529412 -14.686274509803926
vt 24.47058823529412 -15.313725490196084
vt 23.84313725490196 -14.686274509803926
vt 23.84313725490196 -14.058823529411768
vt 24.47058823529412 -14.058823529411768
vt 24.47058823529412 -14.686274509803926
vt 23.84313725490196 -14.058823529411768
vt 23.84313725490196 -13.431372549019612
vt 24.47058823529412 -13.431372549019612
vt 24.47058823529412 -14.058823529411768
vt 23.84313725490196 -13.431372549019612
vt 23.84313725490196 -12.803921568627455
vt 24.47058823529412 -12.803921568627455
vt 24.47058823529412 -13.431372549019612
vt 23.84313725490196 -12.803921568627455
vt 23.84313725490196 -12.176470588235297
vt 24.47058823529412 -12.176470588235297
vt 24.47058823529412 -12.803921568627455
vt 23.84313725490196 -12.176470588235297
vt 23.84313725490196 -11.549019607843139
vt 24.47058823529412 -11.549019607843139
vt 24.47058823529412 -12.176470588235297
vt 23.84313725490196 -11.549019607843139
vt 23.84313725490196 -10.921568627450982
vt 24.47058823529412 -10.921568627450982
vt 24.47058823529412 -11.549019607843139
vt 23.84313725490196 -10.921568627450982
vt 23.84313725490196 -10.294117647058826
vt 24.47058823529412 -10.294117647058826
vt 24.47058823529412 -10.921568627450982
vt 23.215686274509807 -20.333333333333336
vt 23.215686274509807 -19.70588235294118
vt 23.84313725490196 -19.70588235294118
vt 23.84313725490196 -20.333333333333336
vt 23.215686274509807 -19.70588235294118
vt 23.215686274509807 -19.078431372549026
vt 23.84313725490196 -19.078431372549026
vt 23.84313725490196 -19.70588235294118
vt 23.215686274509807 -19.078431372549026
vt 23.215686274509807 -18.450980392156872
vt 23.84313725490196 -18.450980392156872
vt 23.84313725490196 -19.078431372549026
vt 23.215686274509807 -18.450980392156872
vt 23.215686274509807 -17.823529411764717
vt 23.84313725490196 -17.823529411764717
vt 23.84313725490196 -18.450980392156872
vt 23.215686274509807 -17.823529411764717
vt 23.215686274509807 -17.19607843137256
vt 23.84313725490196 -17.19607843137256
vt 23.84313725490196 -17.823529411764717
vt 23.215686274509807 -17.19607843137256
vt 23.215686274509807 -16.5686274509804
vt 23.84313725490196 -16.5686274509804
vt 23.84313725490196 -17.19607843137256
vt 23.215686274509807 -16.5686274509804
vt 23.215686274509807 -15.941176470588243
vt 23.84313725490196 -15.941176470588243
vt 23.84313725490196 -16.5686274509804
vt 23.215686274509807 -15.941176470588243
vt 23.215686274509807 -15.313725490196084
vt 23.84313725490196 -15.313725490196084
vt 23.84313725490196 -15.941176470588243
vt 23.215686274509807 -15.313725490196084
vt 23.215686274509807 -14.686274509803926
vt 23.84313725490196 -14.686274509803926
vt 23.84313725490196 -15.313725490196084
vt 23.215686274509807 -14.686274509803926
vt 23.215686274509807 -14.058823529411768
vt 23.84313725490196 -14.058823529411768
vt 23.84313725490196 -14.686274509803926
vt 23.215686274509807 -14.058823529411768
vt 23.215686274509807 -13.431372549019612
vt 23.84313725490196 -13.431372549019612
vt 23.84313725490196 -14.058823529411768
vt 23.215686274509807 -13.431372549019612
vt 23.215686274509807 -12.803921568627455
vt 23.84313725490196 -12.803921568627455
vt 23.84313725490196 -13.431372549019612
vt 23.215686274509807 -12.803921568627455
vt 23.215686274509807 -12.176470588235297
vt 23.84313725490196 -12.176470588235297
vt 23.84313725490196 -12.803921568627455
vt 23.215686274509807 -12.176470588235297
vt 23.215686274509807 -11.549019607843139
vt 23.84313725490196 -11.549019607843139
vt 23.84313725490196 -12.176470588235297
vt 23.215686274509807 -11.549019607843139
vt 23.215686274509807 -10.921568627450982
vt 23.84313725490196 -10.921568627450982
vt 23.84313725490196 -11.549019607843139
vt 23.215686274509807 -10.921568627450982
vt 23.215686274509807 -10.294117647058826
vt 23.84313725490196 -10.294117647058826
vt 23.84313725490196 -10.921568627450982
vt 22.58823529411765 -20.333333333333336
vt 22.58823529411765 -19.70588235294118
vt 23.215686274509807 -19.70588235294118
vt 23.215686274509807 -20.333333333333336
vt 22.58823529411765 -19.70588235294118
vt 22.58823529411765 -19.078431372549026
vt 23.215686274509807 -19.078431372549026
vt 23.215686274509807 -19.70588235294118
vt 22.58823529411765 -19.078431372549026
vt 22.58823529411765 -18.450980392156872
vt 23.215686274509807 -18.450980392156872
vt 23.215686274509807 -19.078431372549026
vt 22.58823529411765 -18.450980392156872
vt 22.58823529411765 -17.823529411764717
vt 23.215686274509807 -17.823529411764717
vt 23.215686274509807 -18.450980392156872
vt 22.58823529411765 -17.823529411764717
vt 22.58823529411765 -17.19607843137256
vt 23.215686274509807 -17.19607843137256
vt 23.215686274509807 -17.823529411764717
vt 22.58823529411765 -17.19607843137256
vt 22.58823529411765 -16.5686274509804
vt 23.215686274509807 -16.5686274509804
vt 23.215686274509807 -17.19607843137256
vt 22.58823529411765 -16.5686274509804
vt 22.58823529411765 -15.941176470588243
vt 23.215686274509807 -15.941176470588243
vt 23.215686274509807 -16.5686274509804
vt 22.58823529411765 -15.941176470588243
vt 22.58823529411765 -15.313725490196084
vt 23.215686274509807 -15.313725490196084
vt 23.215686274509807 -15.941176470588243
vt 22.58823529411765 -15.313725490196084
vt 22.58823529411765 -14.686274509803926
vt 23.215686274509807 -14.686274509803926
vt 23.215686274509807 -15.313725490196084
vt 22.58823529411765 -14.686274509803926
vt 22.58823529411765 -14.058823529411768
vt 23.215686274509807 -14.058823529411768
vt 23.215686274509807 -14.686274509803926
vt 22.58823529411765 -14.058823529411768
vt 22.58823529411765 -13.431372549019612
vt 23.215686274509807 -13.431372549019612
vt 23.215686274509807 -14.058823529411768
vt 22.58823529411765 -13.431372549019612
vt 22.58823529411765 -12.803921568627455
vt 23.215686274509807 -12.803921568627455
vt 23.215686274509807 -13.431372549019612
vt 22.58823529411765 -12.803921568627455
vt 22.58823529411765 -12.176470588235297
vt 23.215686274509807 -12.176470588235297
vt 23.215686274509807 -12.803921568627455
vt 22.58823529411765 -12.176470588235297
vt 22.58823529411765 -11.549019607843139
vt 23.215686274509807 -11.549019607843139
vt 23.215686274509807 -12.176470588235297
vt 22.58823529411765 -11.549019607843139
vt 22.58823529411765 -10.921568627450982
vt 23.215686274509807 -10.921568627450982
vt 23.215686274509807 -11.549019607843139
vt 22.58823529411765 -10.921568627450982
vt 22.58823529411765 -10.294117647058826
vt 23.215686274509807 -10.294117647058826
vt 23.215686274509807 -10.921568627450982
vt 21.96078431372549 -20.333333333333336
vt 21.96078431372549 -19.70588235294118
vt 22.58823529411765 -19.70588235294118
vt 22.58823529411765 -20.333333333333336
vt 21.96078431372549 -19.70588235294118
vt 21.96078431372549 -19.078431372549026
vt 22.58823529411765 -19.078431372549026
vt 22.58823529411765 -19.70588235294118
vt 21.96078431372549 -19.078431372549026
vt 21.96078431372549 -18.450980392156872
vt 22.58823529411765 -18.450980392156872
vt 22.58823529411765 -19.078431372549026
vt 21.96078431372549 -18.450980392156872
vt 21.96078431372549 -17.823529411764717
vt 22.58823529411765 -17.823529411764717
vt 22.58823529411765 -18.450980392156872
vt 21.96078431372549 -17.823529411764717
vt 21.96078431372549 -17.19607843137256
vt 22.58823529411765 -17.19607843137256
vt 22.58823529411765 -17.823529411764717
vt 21.96078431372549 -17.19607843137256
vt 21.96078431372549 -16.5686274509804
vt 22.58823529411765 -16.5686274509804
vt 22.58823529411765 -17.19607843137256
vt 21.96078431372549 -16.5686274509804
vt 21.96078431372549 -15.941176470588243
vt 22.58823529411765 -15.941176470588243
vt 22.58823529411765 -16.5686274509804
vt 21.96078431372549 -15.941176470588243
vt 21.96078431372549 -15.313725490196084
vt 22.58823529411765 -15.313725490196084
vt 22.58823529411765 -15.941176470588243
vt 21.96078431372549 -15.313725490196084
vt 21.96078431372549 -14.686274509803926
vt 22.58823529411765 -14.686274509803926
vt 22.58823529411765 -15.313725490196084
vt 21.96078431372549 -14.686274509803926
vt 21.96078431372549 -14.058823529411768
vt 22.58823529411765 -14.058823529411768
vt 22.58823529411765 -14.686274509803926
vt 21.96078431372549 -14.058823529411768
vt 21.96078431372549 -13.431372549019612
vt 22.58823529411765 -13.431372549019612
vt 22.58823529411765 -14.058823529411768
vt 21.96078431372549 -13.431372549019612
vt 21.96078431372549 -12.803921568627455
vt 22.58823529411765 -12.803921568627455
vt 22.58823529411765 -13.431372549019612
vt 21.96078431372549 -12.803921568627455
vt 21.96078431372549 -12.176470588235297
vt 22.58823529411765 -12.176470588235297
vt 22.58823529411765 -12.803921568627455
vt 21.96078431372549 -12.176470588235297
vt 21.96078431372549 -11.549019607843139
vt 22.58823529411765 -11.549019607843139
vt 22.58823529411765 -12.176470588235297
vt 21.96078431372549 -11.549019607843139
vt 21.96078431372549 -10.921568627450982
vt 22.58823529411765 -10.921568627450982
vt 22.58823529411765 -11.549019607843139
vt 21.96078431372549 -10.921568627450982
vt 21.96078431372549 -10.294117647058826
vt 22.58823529411765 -10.294117647058826
vt 22.58823529411765 -10.921568627450982
vt 21.333333333333336 -20.333333333333336
vt 21.333333333333336 -19.70588235294118
vt 21.96078431372549 -19.70588235294118
vt 21.96078431372549 -20.333333333333336
vt 21.333333333333336 -19.70588235294118
vt 21.333333333333336 -19.078431372549026
vt 21.96078431372549 -19.078431372549026
vt 21.96078431372549 -19.70588235294118
vt 21.333333333333336 -19.078431372549026
vt 21.333333333333336 -18.450980392156872
vt 21.96078431372549 -18.450980392156872
vt 21.96078431372549 -19.078431372549026
vt 21.333333333333336 -18.450980392156872
vt 21.333333333333336 -17.823529411764717
vt 21.96078431372549 -17.823529411764717
vt 21.96078431372549 -18.450980392156872
vt 21.333333333333336 -17.823529411764717
vt 21.333333333333336 -17.19607843137256
vt 21.96078431372549 -17.19607843137256
vt 21.96078431372549 -17.823529411764717
vt 21.333333333333336 -17.19607843137256
vt 21.333333333333336 -16.5686274509804
vt 21.96078431372549 -16.5686274509804
vt 21.96078431372549 -17.19607843137256
vt 21.333333333333336 -16.5686274509804
vt 21.333333333333336 -15.941176470588243
vt 21.96078431372549 -15.941176470588243
vt 21.96078431372549 -16.5686274509804
vt 21.333333333333336 -15.941176470588243
vt 21.333333333333336 -15.313725490196084
vt 21.96078431372549 -15.313725490196084
vt 21.96078431372549 -15.941176470588243
vt 21.333333333333336 -15.313725490196084
vt 21.333333333333336 -14.686274509803926
vt 21.96078431372549 -14.686274509803926
vt 21.96078431372549 -15.313725490196084
vt 21.333333333333336 -14.686274509803926
vt 21.333333333333336 -14.058823529411768
vt 21.96078431372549 -14.058823529411768
vt 21.96078431372549 -14.686274509803926
vt 21.333333333333336 -14.058823529411768
vt 21.333333333333336 -13.431372549019612
vt 21.96078431372549 -13.431372549019612
vt 21.96078431372549 -14.058823529411768
vt 21.333333333333336 -13.431372549019612
vt 21.333333333333336 -12.803921568627455
vt 21.96078431372549 -12.803921568627455
vt 21.96078431372549 -13.431372549019612
vt 21.333333333333336 -12.803921568627455
vt 21.333333333333336 -12.176470588235297
vt 21.96078431372549 -12.176470588235297
vt 21.96078431372549 -12.803921568627455
vt 21.333333333333336 -12.176470588235297
vt 21.333333333333336 -11.549019607843139
vt 21.96078431372549 -11.549019607843139
vt 21.96078431372549 -12.176470588235297
vt 21.333333333333336 -11.549019607843139
vt 21.333333333333336 -10.921568627450982
vt 21.96078431372549 -10.921568627450982
vt 21.96078431372549 -11.549019607843139
vt 21.333333333333336 -10.921568627450982
vt 21.333333333333336 -10.294117647058826
vt 21.96078431372549 -10.294117647058826
vt 21.96078431372549 -10.921568627450982
vt 21.333333333333336 -27.862745098039223
vt 20.70588235294118 -27.862745098039223
vt 20.70588235294118 -28.49019607843138
vt 21.333333333333336 -28.49019607843138
vt 20.70588235294118 -27.862745098039223
vt 20.078431372549026 -27.862745098039223
vt 20.078431372549026 -28.49019607843138
vt 20.70588235294118 -28.49019607843138
vt 20.078431372549026 -27.862745098039223
vt 19.450980392156872 -27.862745098039223
vt 19.450980392156872 -28.49019607843138
vt 20.078431372549026 -28.49019607843138
vt 19.450980392156872 -27.862745098039223
vt 18.823529411764717 -27.862745098039223
vt 18.823529411764717 -28.49019607843138
vt 19.450980392156872 -28.49019607843138
vt 18.823529411764717 -27.862745098039223
vt 18.19607843137256 -27.862745098039223
vt 18.19607843137256 -28.49019607843138
vt 18.823529411764717 -28.49019607843138
vt 18.19607843137256 -27.862745098039223
vt 17.5686274509804 -27.862745098039223
vt 17.5686274509804 -28.49019607843138
vt 18.19607843137256 -28.49019607843138
vt 17.5686274509804 -27.862745098039223
vt 16.941176470588243 -27.862745098039223
vt 16.941176470588243 -28.49019607843138
vt 17.5686274509804 -28.49019607843138
vt 16.941176470588243 -27.862745098039223
vt 16.313725490196084 -27.862745098039223
vt 16.313725490196084 -28.49019607843138
vt 16.941176470588243 -28.49019607843138
vt 16.313725490196084 -27.862745098039223
vt 15.686274509803926 -27.862745098039223
vt 15.686274509803926 -28.49019607843138
vt 16.313725490196084 -28.49019607843138
vt 15.686274509803926 -27.862745098039223
vt 15.058823529411768 -27.862745098039223
vt 15.058823529411768 -28.49019607843138
vt 15.686274509803926 -28.49019607843138
vt 15.058823529411768 -27.862745098039223
vt 14.431372549019612 -27.862745098039223
vt 14.431372549019612 -28.49019607843138
vt 15.058823529411768 -28.49019607843138
vt 14.431372549019612 -27.862745098039223
vt 13.803921568627455 -27.862745098039223
vt 13.803921568627455 -28.49019607843138
vt 14.431372549019612 -28.49019607843138
vt 13.803921568627455 -27.862745098039223
vt 13.176470588235297 -27.862745098039223
vt 13.176470588235297 -28.49019607843138
vt 13.803921568627455 -28.49019607843138
vt 13.176470588235297 -27.862745098039223
vt 12.549019607843139 -27.862745098039223
vt 12.549019607843139 -28.49019607843138
vt 13.176470588235297 -28.49019607843138
vt 12.549019607843139 -27.862745098039223
vt 11.921568627450982 -27.862745098039223
vt 11.921568627450982 -28.49019607843138
vt 12.549019607843139 -28.49019607843138
vt 11.921568627450982 -27.862745098039223
vt 11.294117647058826 -27.862745098039223
vt 11.294117647058826 -28.49019607843138
vt 11.921568627450982 -28.49019607843138
vt 21.333333333333336 -28.49019607843138
vt 20.70588235294118 -28.49019607843138
vt 20.70588235294118 -29.117647058823536
vt 21.333333333333336 -29.117647058823536
vt 20.70588235294118 -28.49019607843138
vt 20.078431372549026 -28.49019607843138
vt 20.078431372549026 -29.117647058823536
vt 20.70588235294118 -29.117647058823536
vt 20.078431372549026 -28.49019607843138
vt 19.450980392156872 -28.49019607843138
vt 19.450980392156872 -29.117647058823536
vt 20.078431372549026 -29.117647058823536
vt 19.450980392156872 -28.49019607843138
vt 18.823529411764717 -28.49019607843138
vt 18.823529411764717 -29.117647058823536
vt 19.450980392156872 -29.117647058823536
vt 18.823529411764717 -28.49019607843138
vt 18.19607843137256 -28.49019607843138
vt 18.19607843137256 -29.117647058823536
vt 18.823529411764717 -29.117647058823536
vt 18.19607843137256 -28.49019607843138
vt 17.5686274509804 -28.49019607843138
vt 17.5686274509804 -29.117647058823536
vt 18.19607843137256 -29.117647058823536
vt 17.5686274509804 -28.49019607843138
vt 16.941176470588243 -28.49019607843138
vt 16.941176470588243 -29.117647058823536
vt 17.5686274509804 -29.117647058823536
vt 16.941176470588243 -28.49019607843138
vt 16.313725490196084 -28.49019607843138
vt 16.313725490196084 -29.117647058823536
vt 16.941176470588243 -29.117647058823536
vt 16.313725490196084 -28.49019607843138
vt 15.686274509803926 -28.49019607843138
vt 15.686274509803926 -29.117647058823536
vt 16.313725490196084 -29.117647058823536
vt 15.686274509803926 -28.49019607843138
vt 15.058823529411768 -28.49019607843138
vt 15.058823529411768 -29.117647058823536
vt 15.686274509803926 -29.117647058823536
vt 15.058823529411768 -28.49019607843138
vt 14.431372549019612 -28.49019607843138
vt 14.431372549019612 -29.117647058823536
vt 15.058823529411768 -29.117647058823536
vt 14.431372549019612 -28.49019607843138
vt 13.803921568627455 -28.49019607843138
vt 13.803921568627455 -29.117647058823536
vt 14.431372549019612 -29.117647058823536
vt 13.803921568627455 -28.49019607843138
vt 13.176470588235297 -28.49019607843138
vt 13.176470588235297 -29.117647058823536
vt 13.803921568627455 -29.117647058823536
vt 13.176470588235297 -28.49019607843138
vt 12.549019607843139 -28.49019607843138
vt 12.549019607843139 -29.117647058823536
vt 13.176470588235297 -29.117647058823536
vt 12.549019607843139 -28.49019607843138
vt 11.921568627450982 -28.49019607843138
vt 11.921568627450982 -29.117647058823536
vt 12.549019607843139 -29.117647058823536
vt 11.921568627450982 -28.49019607843138
vt 11.294117647058826 -28.49019607843138
vt 11.294117647058826 -29.117647058823536
vt 11.921568627450982 -29.117647058823536
vt 21.333333333333336 -29.117647058823536
vt 20.70588235294118 -29.117647058823536
vt 20.70588235294118 -29.74509803921569
vt 21.333333333333336 -29.74509803921569
vt 20.70588235294118 -29.117647058823536
vt 20.078431372549026 -29.117647058823536
vt 20.078431372549026 -29.74509803921569
vt 20.70588235294118 -29.74509803921569
vt 20.078431372549026 -29.117647058823536
vt 19.450980392156872 -29.117647058823536
vt 19.450980392156872 -29.74509803921569
vt 20.078431372549026 -29.74509803921569
vt 19.450980392156872 -29.117647058823536
vt 18.823529411764717 -29.117647058823536
vt 18.823529411764717 -29.74509803921569
vt 19.450980392156872 -29.74509803921569
vt 18.823529411764717 -29.117647058823536
vt 18.19607843137256 -29.117647058823536
vt 18.19607843137256 -29.74509803921569
vt 18.823529411764717 -29.74509803921569
vt 18.19607843137256 -29.117647058823536
vt 17.5686274509804 -29.117647058823536
vt 17.5686274509804 -29.74509803921569
vt 18.19607843137256 -29.74509803921569
vt 17.5686274509804 -29.117647058823536
vt 16.941176470588243 -29.117647058823536
vt 16.941176470588243 -29.74509803921569
vt 17.5686274509804 -29.74509803921569
vt 16.941176470588243 -29.117647058823536
vt 16.313725490196084 -29.117647058823536
vt 16.313725490196084 -29.74509803921569
vt 16.941176470588243 -29.74509803921569
vt 16.313725490196084 -29.117647058823536
vt 15.686274509803926 -29.117647058823536
vt 15.686274509803926 -29.74509803921569
vt 16.313725490196084 -29.74509803921569
vt 15.686274509803926 -29.117647058823536
vt 15.058823529411768 -29.117647058823536
vt 15.058823529411768 -29.74509803921569
vt 15.686274509803926 -29.74509803921569
vt 15.058823529411768 -29.117647058823536
vt 14.431372549019612 -29.117647058823536
vt 14.431372549019612 -29.74509803921569
vt 15.058823529411768 -29.74509803921569
vt 14.431372549019612 -29.117647058823536
vt 13.803921568627455 -29.117647058823536
vt 13.803921568627455 -29.74509803921569
vt 14.431372549019612 -29.74509803921569
vt 13.803921568627455 -29.117647058823536
vt 13.176470588235297 -29.117647058823536
vt 13.176470588235297 -29.74509803921569
vt 13.803921568627455 -29.74509803921569
vt 13.176470588235297 -29.117647058823536
vt 12.549019607843139 -29.117647058823536
vt 12.549019607843139 -29.74509803921569
vt 13.176470588235297 -29.74509803921569
vt 12.549019607843139 -29.117647058823536
vt 11.921568627450982 -29.117647058823536
vt 11.921568627450982 -29.74509803921569
vt 12.549019607843139 -29.74509803921569
vt 11.921568627450982 -29.117647058823536
vt 11.294117647058826 -29.117647058823536
vt 11.294117647058826 -29.74509803921569
vt 11.921568627450982 -29.74509803921569
vt 21.333333333333336 -29.74509803921569
vt 20.70588235294118 -29.74509803921569
vt 20.70588235294118 -30.372549019607845
vt 21.333333333333336 -30.372549019607845
vt 20.70588235294118 -29.74509803921569
vt 20.078431372549026 -29.74509803921569
vt 20.078431372549026 -30.372549019607845
vt 20.70588235294118 -30.372549019607845
vt 20.078431372549026 -29.74509803921569
vt 19.450980392156872 -29.74509803921569
vt 19.450980392156872 -30.372549019607845
vt 20.078431372549026 -30.372549019607845
vt 19.450980392156872 -29.74509803921569
vt 18.823529411764717 -29.74509803921569
vt 18.823529411764717 -30.372549019607845
vt 19.450980392156872 -30.372549019607845
vt 18.823529411764717 -29.74509803921569
vt 18.19607843137256 -29.74509803921569
vt 18.19607843137256 -30.372549019607845
vt 18.823529411764717 -30.372549019607845
vt 18.19607843137256 -29.74509803921569
vt 17.5686274509804 -29.74509803921569
vt 17.5686274509804 -30.372549019607845
vt 18.19607843137256 -30.372549019607845
vt 17.5686274509804 -29.74509803921569
vt 16.941176470588243 -29.74509803921569
vt 16.941176470588243 -30.372549019607845
vt 17.5686274509804 -30.372549019607845
vt 16.941176470588243 -29.74509803921569
vt 16.313725490196084 -29.74509803921569
vt 16.313725490196084 -30.372549019607845
vt 16.941176470588243 -30.372549019607845
vt 16.313725490196084 -29.74509803921569
vt 15.686274509803926 -29.74509803921569
vt 15.686274509803926 -30.372549019607845
vt 16.313725490196084 -30.372549019607845
vt 15.686274509803926 -29.74509803921569
vt 15.058823529411768 -29.74509803921569
vt 15.058823529411768 -30.372549019607845
vt 15.686274509803926 -30.372549019607845
vt 15.058823529411768 -29.74509803921569
vt 14.431372549019612 -29.74509803921569
vt 14.431372549019612 -30.372549019607845
vt 15.058823529411768 -30.372549019607845
vt 14.431372549019612 -29.74509803921569
vt 13.803921568627455 -29.74509803921569
vt 13.803921568627455 -30.372549019607845
vt 14.431372549019612 -30.372549019607845
vt 13.803921568627455 -29.74509803921569
vt 13.176470588235297 -29.74509803921569
vt 13.176470588235297 -30.372549019607845
vt 13.803921568627455 -30.372549019607845
vt 13.176470588235297 -29.74509803921569
vt 12.549019607843139 -29.74509803921569
vt 12.549019607843139 -30.372549019607845
vt 13.176470588235297 -30.372549019607845
vt 12.549019607843139 -29.74509803921569
vt 11.921568627450982 -29.74509803921569
vt 11.921568627450982 -30.372549019607845
vt 12.549019607843139 -30.372549019607845
vt 11.921568627450982 -29.74509803921569
vt 11.294117647058826 -29.74509803921569
vt 11.294117647058826 -30.372549019607845
vt 11.921568627450982 -30.372549019607845
vt 21.333333333333336 -30.372549019607845
vt 20.70588235294118 -30.372549019607845
vt 20.70588235294118 -31
vt 21.333333333333336 -31
vt 20.70588235294118 -30.372549019607845
vt 20.078431372549026 -30.372549019607845
vt 20.078431372549026 -31
vt 20.70588235294118 -31
vt 20.078431372549026 -30.372549019607845
vt 19.450980392156872 -30.372549019607845
vt 19.450980392156872 -31
vt 20.078431372549026 -31
vt 19.450980392156872 -30.372549019607845
vt 18.823529411764717 -30.372549019607845
vt 18.823529411764717 -31
vt 19.450980392156872 -31
vt 18.823529411764717 -30.372549019607845
vt 18.19607843137256 -30.372549019607845
vt 18.19607843137256 -31
vt 18.823529411764717 -31
vt 18.19607843137256 -30.372549019607845
vt 17.5686274509804 -30.372549019607845
vt 17.5686274509804 -31
vt 18.19607843137256 -31
vt 17.5686274509804 -30.372549019607845
vt 16.941176470588243 -30.372549019607845
vt 16.941176470588243 -31
vt 17.5686274509804 -31
vt 16.941176470588243 -30.372549019607845
vt 16.313725490196084 -30.372549019607845
vt 16.313725490196084 -31
vt 16.941176470588243 -31
vt 16.313725490196084 -30.372549019607845
vt 15.686274509803926 -30.372549019607845
vt 15.686274509803926 -31
vt 16.313725490196084 -31
vt 15.686274509803926 -30.372549019607845
vt 15.058823529411768 -30.372549019607845
vt 15.058823529411768 -31
vt 15.686274509803926 -31
vt 15.058823529411768 -30.372549019607845
vt 14.431372549019612 -30.372549019607845
vt 14.431372549019612 -31
vt 15.058823529411768 -31
vt 14.431372549019612 -30.372549019607845
vt 13.803921568627455 -30.372549019607845
vt 13.803921568627455 -31
vt 14.431372549019612 -31
vt 13.803921568627455 -30.372549019607845
vt 13.176470588235297 -30.372549019607845
vt 13.176470588235297 -31
vt 13.803921568627455 -31
vt 13.176470588235297 -30.372549019607845
vt 12.549019607843139 -30.372549019607845
vt 12.549019607843139 -31
vt 13.176470588235297 -31
vt 12.549019607843139 -30.372549019607845
vt 11.921568627450982 -30.372549019607845
vt 11.921568627450982 -31
vt 12.549019607843139 -31
vt 11.921568627450982 -30.372549019607845
vt 11.294117647058826 -30.372549019607845
vt 11.294117647058826 -31
vt 11.921568627450982 -31
vt 21.333333333333336 -27.235294117647065
vt 20.70588235294118 -27.235294117647065
vt 20.70588235294118 -27.862745098039223
vt 21.333333333333336 -27.862745098039223
vt 20.70588235294118 -27.235294117647065
vt 20.078431372549026 -27.235294117647065
vt 20.078431372549026 -27.862745098039223
vt 20.70588235294118 -27.862745098039223
vt 20.078431372549026 -27.235294117647065
vt 19.450980392156872 -27.235294117647065
vt 19.450980392156872 -27.862745098039223
vt 20.078431372549026 -27.862745098039223
vt 19.450980392156872 -27.235294117647065
vt 18.823529411764717 -27.235294117647065
vt 18.823529411764717 -27.862745098039223
vt 19.450980392156872 -27.862745098039223
vt 18.823529411764717 -27.235294117647065
vt 18.19607843137256 -27.235294117647065
vt 18.19607843137256 -27.862745098039223
vt 18.823529411764717 -27.862745098039223
vt 18.19607843137256 -27.235294117647065
vt 17.5686274509804 -27.235294117647065
vt 17.5686274509804 -27.862745098039223
vt 18.19607843137256 -27.862745098039223
vt 17.5686274509804 -27.235294117647065
vt 16.941176470588243 -27.235294117647065
vt 16.941176470588243 -27.862745098039223
vt 17.5686274509804 -27.862745098039223
vt 16.941176470588243 -27.235294117647065
vt 16.313725490196084 -27.235294117647065
vt 16.313725490196084 -27.862745098039223
vt 16.941176470588243 -27.862745098039223
vt 16.313725490196084 -27.235294117647065
vt 15.686274509803926 -27.235294117647065
vt 15.686274509803926 -27.862745098039223
vt 16.313725490196084 -27.862745098039223
vt 15.686274509803926 -27.235294117647065
vt 15.058823529411768 -27.235294117647065
vt 15.058823529411768 -27.862745098039223
vt 15.686274509803926 -27.862745098039223
vt 15.058823529411768 -27.235294117647065
vt 14.431372549019612 -27.235294117647065
vt 14.431372549019612 -27.862745098039223
vt 15.058823529411768 -27.862745098039223
vt 14.431372549019612 -27.235294117647065
vt 13.803921568627455 -27.235294117647065
vt 13.803921568627455 -27.862745098039223
vt 14.431372549019612 -27.862745098039223
vt 13.803921568627455 -27.235294117647065
vt 13.176470588235297 -27.235294117647065
vt 13.176470588235297 -27.862745098039223
vt 13.803921568627455 -27.862745098039223
vt 13.176470588235297 -27.235294117647065
vt 12.549019607843139 -27.235294117647065
vt 12.549019607843139 -27.862745098039223
vt 13.176470588235297 -27.862745098039223
vt 12.549019607843139 -27.235294117647065
vt 11.921568627450982 -27.235294117647065
vt 11.921568627450982 -27.862745098039223
vt 12.549019607843139 -27.862745098039223
vt 11.921568627450982 -27.235294117647065
vt 11.294117647058826 -27.235294117647065
vt 11.294117647058826 -27.862745098039223
vt 11.921568627450982 -27.862745098039223
vt 21.333333333333336 -26.607843137254907
vt 20.70588235294118 -26.607843137254907
vt 20.70588235294118 -27.235294117647065
vt 21.333333333333336 -27.235294117647065
vt 20.70588235294118 -26.607843137254907
vt 20.078431372549026 -26.607843137254907
vt 20.078431372549026 -27.235294117647065
vt 20.70588235294118 -27.235294117647065
vt 20.078431372549026 -26.607843137254907
vt 19.450980392156872 -26.607843137254907
vt 19.450980392156872 -27.235294117647065
vt 20.078431372549026 -27.235294117647065
vt 19.450980392156872 -26.607843137254907
vt 18.823529411764717 -26.607843137254907
vt 18.823529411764717 -27.235294117647065
vt 19.450980392156872 -27.235294117647065
vt 18.823529411764717 -26.607843137254907
vt 18.19607843137256 -26.607843137254907
vt 18.19607843137256 -27.235294117647065
vt 18.823529411764717 -27.235294117647065
vt 18.19607843137256 -26.607843137254907
vt 17.5686274509804 -26.607843137254907
vt 17.5686274509804 -27.235294117647065
vt 18.19607843137256 -27.235294117647065
vt 17.5686274509804 -26.607843137254907
vt 16.941176470588243 -26.607843137254907
vt 16.941176470588243 -27.235294117647065
vt 17.5686274509804 -27.235294117647065
vt 16.941176470588243 -26.607843137254907
vt 16.313725490196084 -26.607843137254907
vt 16.313725490196084 -27.235294117647065
vt 16.941176470588243 -27.235294117647065
vt 16.313725490196084 -26.607843137254907
vt 15.686274509803926 -26.607843137254907
vt 15.686274509803926 -27.235294117647065
vt 16.313725490196084 -27.235294117647065
vt 15.686274509803926 -26.607843137254907
vt 15.058823529411768 -26.607843137254907
vt 15.058823529411768 -27.235294117647065
vt 15.686274509803926 -27.235294117647065
vt 15.058823529411768 -26.607843137254907
vt 14.431372549019612 -26.607843137254907
vt 14.431372549019612 -27.235294117647065
vt 15.058823529411768 -27.235294117647065
vt 14.431372549019612 -26.607843137254907
vt 13.803921568627455 -26.607843137254907
vt 13.803921568627455 -27.235294117647065
vt 14.431372549019612 -27.235294117647065
vt 13.803921568627455 -26.607843137254907
vt 13.176470588235297 -26.607843137254907
vt 13.176470588235297 -27.235294117647065
vt 13.803921568627455 -27.235294117647065
vt 13.176470588235297 -26.607843137254907
vt 12.549019607843139 -26.607843137254907
vt 12.549019607843139 -27.235294117647065
vt 13.176470588235297 -27.235294117647065
vt 12.549019607843139 -26.607843137254907
vt 11.921568627450982 -26.607843137254907
vt 11.921568627450982 -27.235294117647065
vt 12.549019607843139 -27.235294117647065
vt 11.921568627450982 -26.607843137254907
vt 11.294117647058826 -26.607843137254907
vt 11.294117647058826 -27.235294117647065
vt 11.921568627450982 -27.235294117647065
vt 21.333333333333336 -25.98039215686275
vt 20.70588235294118 -25.98039215686275
vt 20.70588235294118 -26.607843137254907
vt 21.333333333333336 -26.607843137254907
vt 20.70588235294118 -25.98039215686275
vt 20.078431372549026 -25.98039215686275
vt 20.078431372549026 -26.607843137254907
vt 20.70588235294118 -26.607843137254907
vt 20.078431372549026 -25.98039215686275
vt 19.450980392156872 -25.98039215686275
vt 19.450980392156872 -26.607843137254907
vt 20.078431372549026 -26.607843137254907
vt 19.450980392156872 -25.98039215686275
vt 18.823529411764717 -25.98039215686275
vt 18.823529411764717 -26.607843137254907
vt 19.450980392156872 -26.607843137254907
vt 18.823529411764717 -25.98039215686275
vt 18.19607843137256 -25.98039215686275
vt 18.19607843137256 -26.607843137254907
vt 18.823529411764717 -26.607843137254907
vt 18.19607843137256 -25.98039215686275
vt 17.5686274509804 -25.98039215686275
vt 17.5686274509804 -26.607843137254907
vt 18.19607843137256 -26.607843137254907
vt 17.5686274509804 -25.98039215686275
vt 16.941176470588243 -25.98039215686275
vt 16.941176470588243 -26.607843137254907
vt 17.5686274509804 -26.607843137254907
vt 16.941176470588243 -25.98039215686275
vt 16.313725490196084 -25.98039215686275
vt 16.313725490196084 -26.607843137254907
vt 16.941176470588243 -26.607843137254907
vt 16.313725490196084 -25.98039215686275
vt 15.686274509803926 -25.98039215686275
vt 15.686274509803926 -26.607843137254907
vt 16.313725490196084 -26.607843137254907
vt 15.686274509803926 -25.98039215686275
vt 15.058823529411768 -25.98039215686275
vt 15.058823529411768 -26.607843137254907
vt 15.686274509803926 -26.607843137254907
vt 15.058823529411768 -25.98039215686275
vt 14.431372549019612 -25.98039215686275
vt 14.431372549019612 -26.607843137254907
vt 15.058823529411768 -26.607843137254907
vt 14.431372549019612 -25.98039215686275
vt 13.803921568627455 -25.98039215686275
vt 13.803921568627455 -26.607843137254907
vt 14.431372549019612 -26.607843137254907
vt 13.803921568627455 -25.98039215686275
vt 13.176470588235297 -25.98039215686275
vt 13.176470588235297 -26.607843137254907
vt 13.803921568627455 -26.607843137254907
vt 13.176470588235297 -25.98039215686275
vt 12.549019607843139 -25.98039215686275
vt 12.549019607843139 -26.607843137254907
vt 13.176470588235297 -26.607843137254907
vt 12.549019607843139 -25.98039215686275
vt 11.921568627450982 -25.98039215686275
vt 11.921568627450982 -26.607843137254907
vt 12.549019607843139 -26.607843137254907
vt 11.921568627450982 -25.98039215686275
vt 11.294117647058826 -25.98039215686275
vt 11.294117647058826 -26.607843137254907
vt 11.921568627450982 -26.607843137254907
vt 21.333333333333336 -25.35294117647059
vt 20.70588235294118 -25.35294117647059
vt 20.70588235294118 -25.98039215686275
vt 21.333333333333336 -25.98039215686275
vt 20.70588235294118 -25.35294117647059
vt 20.078431372549026 -25.35294117647059
vt 20.078431372549026 -25.98039215686275
vt 20.70588235294118 -25.98039215686275
vt 20.078431372549026 -25.35294117647059
vt 19.450980392156872 -25.35294117647059
vt 19.450980392156872 -25.98039215686275
vt 20.078431372549026 -25.98039215686275
vt 19.450980392156872 -25.35294117647059
vt 18.823529411764717 -25.35294117647059
vt 18.823529411764717 -25.98039215686275
vt 19.450980392156872 -25.98039215686275
vt 18.823529411764717 -25.35294117647059
vt 18.19607843137256 -25.35294117647059
vt 18.19607843137256 -25.98039215686275
vt 18.823529411764717 -25.98039215686275
vt 18.19607843137256 -25.35294117647059
vt 17.5686274509804 -25.35294117647059
vt 17.5686274509804 -25.98039215686275
vt 18.19607843137256 -25.98039215686275
vt 17.5686274509804 -25.35294117647059
vt 16.941176470588243 -25.35294117647059
vt 16.941176470588243 -25.98039215686275
vt 17.5686274509804 -25.98039215686275
vt 16.941176470588243 -25.35294117647059
vt 16.313725490196084 -25.35294117647059
vt 16.313725490196084 -25.98039215686275
vt 16.941176470588243 -25.98039215686275
vt 16.313725490196084 -25.35294117647059
vt 15.686274509803926 -25.35294117647059
vt 15.686274509803926 -25.98039215686275
vt 16.313725490196084 -25.98039215686275
vt 15.686274509803926 -25.35294117647059
vt 15.058823529411768 -25.35294117647059
vt 15.058823529411768 -25.98039215686275
vt 15.686274509803926 -25.98039215686275
vt 15.058823529411768 -25.35294117647059
vt 14.431372549019612 -25.35294117647059
vt 14.431372549019612 -25.98039215686275
vt 15.058823529411768 -25.98039215686275
vt 14.431372549019612 -25.35294117647059
vt 13.803921568627455 -25.35294117647059
vt 13.803921568627455 -25.98039215686275
vt 14.431372549019612 -25.98039215686275
vt 13.803921568627455 -25.35294117647059
vt 13.176470588235297 -25.35294117647059
vt 13.176470588235297 -25.98039215686275
vt 13.803921568627455 -25.98039215686275
vt 13.176470588235297 -25.35294117647059
vt 12.549019607843139 -25.35294117647059
vt 12.549019607843139 -25.98039215686275
vt 13.176470588235297 -25.98039215686275
vt 12.549019607843139 -25.35294117647059
vt 11.921568627450982 -25.35294117647059
vt 11.921568627450982 -25.98039215686275
vt 12.549019607843139 -25.98039215686275
vt 11.921568627450982 -25.35294117647059
vt 11.294117647058826 -25.35294117647059
vt 11.294117647058826 -25.98039215686275
vt 11.921568627450982 -25.98039215686275
vt 21.333333333333336 -24.725490196078432
vt 20.70588235294118 -24.725490196078432
vt 20.70588235294118 -25.35294117647059
vt 21.333333333333336 -25.35294117647059
vt 20.70588235294118 -24.725490196078432
vt 20.078431372549026 -24.725490196078432
vt 20.078431372549026 -25.35294117647059
vt 20.70588235294118 -25.35294117647059
vt 20.078431372549026 -24.725490196078432
vt 19.450980392156872 -24.725490196078432
vt 19.450980392156872 -25.35294117647059
vt 20.078431372549026 -25.35294117647059
vt 19.450980392156872 -24.725490196078432
vt 18.823529411764717 -24.725490196078432
vt 18.823529411764717 -25.35294117647059
vt 19.450980392156872 -25.35294117647059
vt 18.823529411764717 -24.725490196078432
vt 18.19607843137256 -24.725490196078432
vt 18.19607843137256 -25.35294117647059
vt 18.823529411764717 -25.35294117647059
vt 18.19607843137256 -24.725490196078432
vt 17.5686274509804 -24.725490196078432
vt 17.5686274509804 -25.35294117647059
vt 18.19607843137256 -25.35294117647059
vt 17.5686274509804 -24.725490196078432
vt 16.941176470588243 -24.725490196078432
vt 16.941176470588243 -25.35294117647059
vt 17.5686274509804 -25.35294117647059
vt 16.941176470588243 -24.725490196078432
vt 16.313725490196084 -24.725490196078432
vt 16.313725490196084 -25.35294117647059
vt 16.941176470588243 -25.35294117647059
vt 16.313725490196084 -24.725490196078432
vt 15.686274509803926 -24.725490196078432
vt 15.686274509803926 -25.35294117647059
vt 16.313725490196084 -25.35294117647059
vt 15.686274509803926 -24.725490196078432
vt 15.058823529411768 -24.725490196078432
vt 15.058823529411768 -25.35294117647059
vt 15.686274509803926 -25.35294117647059
vt 15.058823529411768 -24.725490196078432
vt 14.431372549019612 -24.725490196078432
vt 14.431372549019612 -25.35294117647059
vt 15.058823529411768 -25.35294117647059
vt 14.431372549019612 -24.725490196078432
vt 13.803921568627455 -24.725490196078432
vt 13.803921568627455 -25.35294117647059
vt 14.431372549019612 -25.35294117647059
vt 13.803921568627455 -24.725490196078432
vt 13.176470588235297 -24.725490196078432
vt 13.176470588235297 -25.35294117647059
vt 13.803921568627455 -25.35294117647059
vt 13.176470588235297 -24.725490196078432
vt 12.549019607843139 -24.725490196078432
vt 12.549019607843139 -25.35294117647059
vt 13.176470588235297 -25.35294117647059
vt 12.549019607843139 -24.725490196078432
vt 11.921568627450982 -24.725490196078432
vt 11.921568627450982 -25.35294117647059
vt 12.549019607843139 -25.35294117647059
vt 11.921568627450982 -24.725490196078432
vt 11.294117647058826 -24.725490196078432
vt 11.294117647058826 -25.35294117647059
vt 11.921568627450982 -25.35294117647059
vt 21.333333333333336 -24.098039215686278
vt 20.70588235294118 -24.098039215686278
vt 20.70588235294118 -24.725490196078432
vt 21.333333333333336 -24.725490196078432
vt 20.70588235294118 -24.098039215686278
vt 20.078431372549026 -24.098039215686278
vt 20.078431372549026 -24.725490196078432
vt 20.70588235294118 -24.725490196078432
vt 20.078431372549026 -24.098039215686278
vt 19.450980392156872 -24.098039215686278
vt 19.450980392156872 -24.725490196078432
vt 20.078431372549026 -24.725490196078432
vt 19.450980392156872 -24.098039215686278
vt 18.823529411764717 -24.098039215686278
vt 18.823529411764717 -24.725490196078432
vt 19.450980392156872 -24.725490196078432
vt 18.823529411764717 -24.098039215686278
vt 18.19607843137256 -24.098039215686278
vt 18.19607843137256 -24.725490196078432
vt 18.823529411764717 -24.725490196078432
vt 18.19607843137256 -24.098039215686278
vt 17.5686274509804 -24.098039215686278
vt 17.5686274509804 -24.725490196078432
vt 18.19607843137256 -24.725490196078432
vt 17.5686274509804 -24.098039215686278
vt 16.941176470588243 -24.098039215686278
vt 16.941176470588243 -24.725490196078432
vt 17.5686274509804 -24.725490196078432
vt 16.941176470588243 -24.098039215686278
vt 16.313725490196084 -24.098039215686278
vt 16.313725490196084 -24.725490196078432
vt 16.941176470588243 -24.725490196078432
vt 16.313725490196084 -24.098039215686278
vt 15.686274509803926 -24.098039215686278
vt 15.686274509803926 -24.725490196078432
vt 16.313725490196084 -24.725490196078432
vt 15.686274509803926 -24.098039215686278
vt 15.058823529411768 -24.098039215686278
vt 15.058823529411768 -24.725490196078432
vt 15.686274509803926 -24.725490196078432
vt 15.058823529411768 -24.098039215686278
vt 14.431372549019612 -24.098039215686278
vt 14.431372549019612 -24.725490196078432
vt 15.058823529411768 -24.725490196078432
vt 14.431372549019612 -24.098039215686278
vt 13.803921568627455 -24.098039215686278
vt 13.803921568627455 -24.725490196078432
vt 14.431372549019612 -24.725490196078432
vt 13.803921568627455 -24.098039215686278
vt 13.176470588235297 -24.098039215686278
vt 13.176470588235297 -24.725490196078432
vt 13.803921568627455 -24.725490196078432
vt 13.176470588235297 -24.098039215686278
vt 12.549019607843139 -24.098039215686278
vt 12.549019607843139 -24.725490196078432
vt 13.176470588235297 -24.725490196078432
vt 12.549019607843139 -24.098039215686278
vt 11.921568627450982 -24.098039215686278
vt 11.921568627450982 -24.725490196078432
vt 12.549019607843139 -24.725490196078432
vt 11.921568627450982 -24.098039215686278
vt 11.294117647058826 -24.098039215686278
vt 11.294117647058826 -24.725490196078432
vt 11.921568627450982 -24.725490196078432
vt 21.333333333333336 -23.47058823529412
vt 20.70588235294118 -23.47058823529412
vt 20.70588235294118 -24.098039215686278
vt 21.333333333333336 -24.098039215686278
vt 20.70588235294118 -23.47058823529412
vt 20.078431372549026 -23.47058823529412
vt 20.078431372549026 -24.098039215686278
vt 20.70588235294118 -24.098039215686278
vt 20.078431372549026 -23.47058823529412
vt 19.450980392156872 -23.47058823529412
vt 19.450980392156872 -24.098039215686278
vt 20.078431372549026 -24.098039215686278
vt 19.450980392156872 -23.47058823529412
vt 18.823529411764717 -23.47058823529412
vt 18.823529411764717 -24.098039215686278
vt 19.450980392156872 -24.098039215686278
vt 18.823529411764717 -23.47058823529412
vt 18.19607843137256 -23.47058823529412
vt 18.19607843137256 -24.098039215686278
vt 18.823529411764717 -24.098039215686278
vt 18.19607843137256 -23.47058823529412
vt 17.5686274509804 -23.47058823529412
vt 17.5686274509804 -24.098039215686278
vt 18.19607843137256 -24.098039215686278
vt 17.5686274509804 -23.47058823529412
vt 16.941176470588243 -23.47058823529412
vt 16.941176470588243 -24.098039215686278
vt 17.5686274509804 -24.098039215686278
vt 16.941176470588243 -23.47058823529412
vt 16.313725490196084 -23.47058823529412
vt 16.313725490196084 -24.098039215686278
vt 16.941176470588243 -24.098039215686278
vt 16.313725490196084 -23.47058823529412
vt 15.686274509803926 -23.47058823529412
vt 15.686274509803926 -24.098039215686278
vt 16.313725490196084 -24.098039215686278
vt 15.686274509803926 -23.47058823529412
vt 15.058823529411768 -23.47058823529412
vt 15.058823529411768 -24.098039215686278
vt 15.686274509803926 -24.098039215686278
vt 15.058823529411768 -23.47058823529412
vt 14.431372549019612 -23.47058823529412
vt 14.431372549019612 -24.098039215686278
vt 15.058823529411768 -24.098039215686278
vt 14.431372549019612 -23.47058823529412
vt 13.803921568627455 -23.47058823529412
vt 13.803921568627455 -24.098039215686278
vt 14.431372549019612 -24.098039215686278
vt 13.803921568627455 -23.47058823529412
vt 13.176470588235297 -23.47058823529412
vt 13.176470588235297 -24.098039215686278
vt 13.803921568627455 -24.098039215686278
vt 13.176470588235297 -23.47058823529412
vt 12.549019607843139 -23.47058823529412
vt 12.549019607843139 -24.098039215686278
vt 13.176470588235297 -24.098039215686278
vt 12.549019607843139 -23.47058823529412
vt 11.921568627450982 -23.47058823529412
vt 11.921568627450982 -24.098039215686278
vt 12.549019607843139 -24.098039215686278
vt 11.921568627450982 -23.47058823529412
vt 11.294117647058826 -23.47058823529412
vt 11.294117647058826 -24.098039215686278
vt 11.921568627450982 -24.098039215686278
vt 21.333333333333336 -22.84313725490196
vt 20.70588235294118 -22.84313725490196
vt 20.70588235294118 -23.47058823529412
vt 21.333333333333336 -23.47058823529412
vt 20.70588235294118 -22.84313725490196
vt 20.078431372549026 -22.84313725490196
vt 20.078431372549026 -23.47058823529412
vt 20.70588235294118 -23.47058823529412
vt 20.078431372549026 -22.84313725490196
vt 19.450980392156872 -22.84313725490196
vt 19.450980392156872 -23.47058823529412
vt 20.078431372549026 -23.47058823529412
vt 19.450980392156872 -22.84313725490196
vt 18.823529411764717 -22.84313725490196
vt 18.823529411764717 -23.47058823529412
vt 19.450980392156872 -23.47058823529412
vt 18.823529411764717 -22.84313725490196
vt 18.19607843137256 -22.84313725490196
vt 18.19607843137256 -23.47058823529412
vt 18.823529411764717 -23.47058823529412
vt 18.19607843137256 -22.84313725490196
vt 17.5686274509804 -22.84313725490196
vt 17.5686274509804 -23.47058823529412
vt 18.19607843137256 -23.47058823529412
vt 17.5686274509804 -22.84313725490196
vt 16.941176470588243 -22.84313725490196
vt 16.941176470588243 -23.47058823529412
vt 17.5686274509804 -23.47058823529412
vt 16.941176470588243 -22.84313725490196
vt 16.313725490196084 -22.84313725490196
vt 16.313725490196084 -23.47058823529412
vt 16.941176470588243 -23.47058823529412
vt 16.313725490196084 -22.84313725490196
vt 15.686274509803926 -22.84313725490196
vt 15.686274509803926 -23.47058823529412
vt 16.313725490196084 -23.47058823529412
vt 15.686274509803926 -22.84313725490196
vt 15.058823529411768 -22.84313725490196
vt 15.058823529411768 -23.47058823529412
vt 15.686274509803926 -23.47058823529412
vt 15.058823529411768 -22.84313725490196
vt 14.431372549019612 -22.84313725490196
vt 14.431372549019612 -23.47058823529412
vt 15.058823529411768 -23.47058823529412
vt 14.431372549019612 -22.84313725490196
vt 13.803921568627455 -22.84313725490196
vt 13.803921568627455 -23.47058823529412
vt 14.431372549019612 -23.47058823529412
vt 13.803921568627455 -22.84313725490196
vt 13.176470588235297 -22.84313725490196
vt 13.176470588235297 -23.47058823529412
vt 13.803921568627455 -23.47058823529412
vt 13.176470588235297 -22.84313725490196
vt 12.549019607843139 -22.84313725490196
vt 12.549019607843139 -23.47058823529412
vt 13.176470588235297 -23.47058823529412
vt 12.549019607843139 -22.84313725490196
vt 11.921568627450982 -22.84313725490196
vt 11.921568627450982 -23.47058823529412
vt 12.549019607843139 -23.47058823529412
vt 11.921568627450982 -22.84313725490196
vt 11.294117647058826 -22.84313725490196
vt 11.294117647058826 -23.47058823529412
vt 11.921568627450982 -23.47058823529412
vt 21.333333333333336 -22.215686274509807
vt 20.70588235294118 -22.215686274509807
vt 20.70588235294118 -22.84313725490196
vt 21.333333333333336 -22.84313725490196
vt 20.70588235294118 -22.215686274509807
vt 20.078431372549026 -22.215686274509807
vt 20.078431372549026 -22.84313725490196
vt 20.70588235294118 -22.84313725490196
vt 20.078431372549026 -22.215686274509807
vt 19.450980392156872 -22.215686274509807
vt 19.450980392156872 -22.84313725490196
vt 20.078431372549026 -22.84313725490196
vt 19.450980392156872 -22.215686274509807
vt 18.823529411764717 -22.215686274509807
vt 18.823529411764717 -22.84313725490196
vt 19.450980392156872 -22.84313725490196
vt 18.823529411764717 -22.215686274509807
vt 18.19607843137256 -22.215686274509807
vt 18.19607843137256 -22.84313725490196
vt 18.823529411764717 -22.84313725490196
vt 18.19607843137256 -22.215686274509807
vt 17.5686274509804 -22.215686274509807
vt 17.5686274509804 -22.84313725490196
vt 18.19607843137256 -22.84313725490196
vt 17.5686274509804 -22.215686274509807
vt 16.941176470588243 -22.215686274509807
vt 16.941176470588243 -22.84313725490196
vt 17.5686274509804 -22.84313725490196
vt 16.941176470588243 -22.215686274509807
vt 16.313725490196084 -22.215686274509807
vt 16.313725490196084 -22.84313725490196
vt 16.941176470588243 -22.84313725490196
vt 16.313725490196084 -22.215686274509807
vt 15.686274509803926 -22.215686274509807
vt 15.686274509803926 -22.84313725490196
vt 16.313725490196084 -22.84313725490196
vt 15.686274509803926 -22.215686274509807
vt 15.058823529411768 -22.215686274509807
vt 15.058823529411768 -22.84313725490196
vt 15.686274509803926 -22.84313725490196
vt 15.058823529411768 -22.215686274509807
vt 14.431372549019612 -22.215686274509807
vt 14.431372549019612 -22.84313725490196
vt 15.058823529411768 -22.84313725490196
vt 14.431372549019612 -22.215686274509807
vt 13.803921568627455 -22.215686274509807
vt 13.803921568627455 -22.84313725490196
vt 14.431372549019612 -22.84313725490196
vt 13.803921568627455 -22.215686274509807
vt 13.176470588235297 -22.215686274509807
vt 13.176470588235297 -22.84313725490196
vt 13.803921568627455 -22.84313725490196
vt 13.176470588235297 -22.215686274509807
vt 12.549019607843139 -22.215686274509807
vt 12.549019607843139 -22.84313725490196
vt 13.176470588235297 -22.84313725490196
vt 12.549019607843139 -22.215686274509807
vt 11.921568627450982 -22.215686274509807
vt 11.921568627450982 -22.84313725490196
vt 12.549019607843139 -22.84313725490196
vt 11.921568627450982 -22.215686274509807
vt 11.294117647058826 -22.215686274509807
vt 11.294117647058826 -22.84313725490196
vt 11.921568627450982 -22.84313725490196
vt 21.333333333333336 -21.58823529411765
vt 20.70588235294118 -21.58823529411765
vt 20.70588235294118 -22.215686274509807
vt 21.333333333333336 -22.215686274509807
vt 20.70588235294118 -21.58823529411765
vt 20.078431372549026 -21.58823529411765
vt 20.078431372549026 -22.215686274509807
vt 20.70588235294118 -22.215686274509807
vt 20.078431372549026 -21.58823529411765
vt 19.450980392156872 -21.58823529411765
vt 19.450980392156872 -22.215686274509807
vt 20.078431372549026 -22.215686274509807
vt 19.450980392156872 -21.58823529411765
vt 18.823529411764717 -21.58823529411765
vt 18.823529411764717 -22.215686274509807
vt 19.450980392156872 -22.215686274509807
vt 18.823529411764717 -21.58823529411765
vt 18.19607843137256 -21.58823529411765
vt 18.19607843137256 -22.215686274509807
vt 18.823529411764717 -22.215686274509807
vt 18.19607843137256 -21.58823529411765
vt 17.5686274509804 -21.58823529411765
vt 17.5686274509804 -22.215686274509807
vt 18.19607843137256 -22.215686274509807
vt 17.5686274509804 -21.58823529411765
vt 16.941176470588243 -21.58823529411765
vt 16.941176470588243 -22.215686274509807
vt 17.5686274509804 -22.215686274509807
vt 16.941176470588243 -21.58823529411765
vt 16.313725490196084 -21.58823529411765
vt 16.313725490196084 -22.215686274509807
vt 16.941176470588243 -22.215686274509807
vt 16.313725490196084 -21.58823529411765
vt 15.686274509803926 -21.58823529411765
vt 15.686274509803926 -22.215686274509807
vt 16.313725490196084 -22.215686274509807
vt 15.686274509803926 -21.58823529411765
vt 15.058823529411768 -21.58823529411765
vt 15.058823529411768 -22.215686274509807
vt 15.686274509803926 -22.215686274509807
vt 15.058823529411768 -21.58823529411765
vt 14.431372549019612 -21.58823529411765
vt 14.431372549019612 -22.215686274509807
vt 15.058823529411768 -22.215686274509807
vt 14.431372549019612 -21.58823529411765
vt 13.803921568627455 -21.58823529411765
vt 13.803921568627455 -22.215686274509807
vt 14.431372549019612 -22.215686274509807
vt 13.803921568627455 -21.58823529411765
vt 13.176470588235297 -21.58823529411765
vt 13.176470588235297 -22.215686274509807
vt 13.803921568627455 -22.215686274509807
vt 13.176470588235297 -21.58823529411765
vt 12.549019607843139 -21.58823529411765
vt 12.549019607843139 -22.215686274509807
vt 13.176470588235297 -22.215686274509807
vt 12.549019607843139 -21.58823529411765
vt 11.921568627450982 -21.58823529411765
vt 11.921568627450982 -22.215686274509807
vt 12.549019607843139 -22.215686274509807
vt 11.921568627450982 -21.58823529411765
vt 11.294117647058826 -21.58823529411765
vt 11.294117647058826 -22.215686274509807
vt 11.921568627450982 -22.215686274509807
vt 21.333333333333336 -20.96078431372549
vt 20.70588235294118 -20.96078431372549
vt 20.70588235294118 -21.58823529411765
vt 21.333333333333336 -21.58823529411765
vt 20.70588235294118 -20.96078431372549
vt 20.078431372549026 -20.96078431372549
vt 20.078431372549026 -21.58823529411765
vt 20.70588235294118 -21.58823529411765
vt 20.078431372549026 -20.96078431372549
vt 19.450980392156872 -20.96078431372549
vt 19.450980392156872 -21.58823529411765
vt 20.078431372549026 -21.58823529411765
vt 19.450980392156872 -20.96078431372549
vt 18.823529411764717 -20.96078431372549
vt 18.823529411764717 -21.58823529411765
vt 19.450980392156872 -21.58823529411765
vt 18.823529411764717 -20.96078431372549
vt 18.19607843137256 -20.96078431372549
vt 18.19607843137256 -21.58823529411765
vt 18.823529411764717 -21.58823529411765
vt 18.19607843137256 -20.96078431372549
vt 17.5686274509804 -20.96078431372549
vt 17.5686274509804 -21.58823529411765
vt 18.19607843137256 -21.58823529411765
vt 17.5686274509804 -20.96078431372549
vt 16.941176470588243 -20.96078431372549
vt 16.941176470588243 -21.58823529411765
vt 17.5686274509804 -21.58823529411765
vt 16.941176470588243 -20.96078431372549
vt 16.313725490196084 -20.96078431372549
vt 16.313725490196084 -21.58823529411765
vt 16.941176470588243 -21.58823529411765
vt 16.313725490196084 -20.96078431372549
vt 15.686274509803926 -20.96078431372549
vt 15.686274509803926 -21.58823529411765
vt 16.313725490196084 -21.58823529411765
vt 15.686274509803926 -20.96078431372549
vt 15.058823529411768 -20.96078431372549
vt 15.058823529411768 -21.58823529411765
vt 15.686274509803926 -21.58823529411765
vt 15.058823529411768 -20.96078431372549
vt 14.431372549019612 -20.96078431372549
vt 14.431372549019612 -21.58823529411765
vt 15.058823529411768 -21.58823529411765
vt 14.431372549019612 -20.96078431372549
vt 13.803921568627455 -20.96078431372549
vt 13.803921568627455 -21.58823529411765
vt 14.431372549019612 -21.58823529411765
vt 13.803921568627455 -20.96078431372549
vt 13.176470588235297 -20.96078431372549
vt 13.176470588235297 -21.58823529411765
vt 13.803921568627455 -21.58823529411765
vt 13.176470588235297 -20.96078431372549
vt 12.549019607843139 -20.96078431372549
vt 12.549019607843139 -21.58823529411765
vt 13.176470588235297 -21.58823529411765
vt 12.549019607843139 -20.96078431372549
vt 11.921568627450982 -20.96078431372549
vt 11.921568627450982 -21.58823529411765
vt 12.549019607843139 -21.58823529411765
vt 11.921568627450982 -20.96078431372549
vt 11.294117647058826 -20.96078431372549
vt 11.294117647058826 -21.58823529411765
vt 11.921568627450982 -21.58823529411765
vt 21.333333333333336 -20.333333333333336
vt 20.70588235294118 -20.333333333333336
vt 20.70588235294118 -20.96078431372549
vt 21.333333333333336 -20.96078431372549
vt 20.70588235294118 -20.333333333333336
vt 20.078431372549026 -20.333333333333336
vt 20.078431372549026 -20.96078431372549
vt 20.70588235294118 -20.96078431372549
vt 20.078431372549026 -20.333333333333336
vt 19.450980392156872 -20.333333333333336
vt 19.450980392156872 -20.96078431372549
vt 20.078431372549026 -20.96078431372549
vt 19.450980392156872 -20.333333333333336
vt 18.823529411764717 -20.333333333333336
vt 18.823529411764717 -20.96078431372549
vt 19.450980392156872 -20.96078431372549
vt 18.823529411764717 -20.333333333333336
vt 18.19607843137256 -20.333333333333336
vt 18.19607843137256 -20.96078431372549
vt 18.823529411764717 -20.96078431372549
vt 18.19607843137256 -20.333333333333336
vt 17.5686274509804 -20.333333333333336
vt 17.5686274509804 -20.96078431372549
vt 18.19607843137256 -20.96078431372549
vt 17.5686274509804 -20.333333333333336
vt 16.941176470588243 -20.333333333333336
vt 16.941176470588243 -20.96078431372549
vt 17.5686274509804 -20.96078431372549
vt 16.941176470588243 -20.333333333333336
vt 16.313725490196084 -20.333333333333336
vt 16.313725490196084 -20.96078431372549
vt 16.941176470588243 -20.96078431372549
vt 16.313725490196084 -20.333333333333336
vt 15.686274509803926 -20.333333333333336
vt 15.686274509803926 -20.96078431372549
vt 16.313725490196084 -20.96078431372549
vt 15.686274509803926 -20.333333333333336
vt 15.058823529411768 -20.333333333333336
vt 15.058823529411768 -20.96078431372549
vt 15.686274509803926 -20.96078431372549
vt 15.058823529411768 -20.333333333333336
vt 14.431372549019612 -20.333333333333336
vt 14.431372549019612 -20.96078431372549
vt 15.058823529411768 -20.96078431372549
vt 14.431372549019612 -20.333333333333336
vt 13.803921568627455 -20.333333333333336
vt 13.803921568627455 -20.96078431372549
vt 14.431372549019612 -20.96078431372549
vt 13.803921568627455 -20.333333333333336
vt 13.176470588235297 -20.333333333333336
vt 13.176470588235297 -20.96078431372549
vt 13.803921568627455 -20.96078431372549
vt 13.176470588235297 -20.333333333333336
vt 12.549019607843139 -20.333333333333336
vt 12.549019607843139 -20.96078431372549
vt 13.176470588235297 -20.96078431372549
vt 12.549019607843139 -20.333333333333336
vt 11.921568627450982 -20.333333333333336
vt 11.921568627450982 -20.96078431372549
vt 12.549019607843139 -20.96078431372549
vt 11.921568627450982 -20.333333333333336
vt 11.294117647058826 -20.333333333333336
vt 11.294117647058826 -20.96078431372549
vt 11.921568627450982 -20.96078431372549
vt 21.333333333333336 -2.7647058823529425
vt 20.70588235294118 -2.7647058823529425
vt 20.70588235294118 -3.3921568627450993
vt 21.333333333333336 -3.3921568627450993
vt 20.70588235294118 -2.7647058823529425
vt 20.078431372549026 -2.7647058823529425
vt 20.078431372549026 -3.3921568627450993
vt 20.70588235294118 -3.3921568627450993
vt 20.078431372549026 -2.7647058823529425
vt 19.450980392156872 -2.7647058823529425
vt 19.450980392156872 -3.3921568627450993
vt 20.078431372549026 -3.3921568627450993
vt 19.450980392156872 -2.7647058823529425
vt 18.823529411764717 -2.7647058823529425
vt 18.823529411764717 -3.3921568627450993
vt 19.450980392156872 -3.3921568627450993
vt 18.823529411764717 -2.7647058823529425
vt 18.19607843137256 -2.7647058823529425
vt 18.19607843137256 -3.3921568627450993
vt 18.823529411764717 -3.3921568627450993
vt 18.19607843137256 -2.7647058823529425
vt 17.5686274509804 -2.7647058823529425
vt 17.5686274509804 -3.3921568627450993
vt 18.19607843137256 -3.3921568627450993
vt 17.5686274509804 -2.7647058823529425
vt 16.941176470588243 -2.7647058823529425
vt 16.941176470588243 -3.3921568627450993
vt 17.5686274509804 -3.3921568627450993
vt 16.941176470588243 -2.7647058823529425
vt 16.313725490196084 -2.7647058823529425
vt 16.313725490196084 -3.3921568627450993
vt 16.941176470588243 -3.3921568627450993
vt 16.313725490196084 -2.7647058823529425
vt 15.686274509803926 -2.7647058823529425
vt 15.686274509803926 -3.3921568627450993
vt 16.313725490196084 -3.3921568627450993
vt 15.686274509803926 -2.7647058823529425
vt 15.058823529411768 -2.7647058823529425
vt 15.058823529411768 -3.3921568627450993
vt 15.686274509803926 -3.3921568627450993
vt 15.058823529411768 -2.7647058823529425
vt 14.431372549019612 -2.7647058823529425
vt 14.431372549019612 -3.3921568627450993
vt 15.058823529411768 -3.3921568627450993
vt 14.431372549019612 -2.7647058823529425
vt 13.803921568627455 -2.7647058823529425
vt 13.803921568627455 -3.3921568627450993
vt 14.431372549019612 -3.3921568627450993
vt 13.803921568627455 -2.7647058823529425
vt 13.176470588235297 -2.7647058823529425
vt 13.176470588235297 -3.3921568627450993
vt 13.803921568627455 -3.3921568627450993
vt 13.176470588235297 -2.7647058823529425
vt 12.549019607843139 -2.7647058823529425
vt 12.549019607843139 -3.3921568627450993
vt 13.176470588235297 -3.3921568627450993
vt 12.549019607843139 -2.7647058823529425
vt 11.921568627450982 -2.7647058823529425
vt 11.921568627450982 -3.3921568627450993
vt 12.549019607843139 -3.3921568627450993
vt 11.921568627450982 -2.7647058823529425
vt 11.294117647058826 -2.7647058823529425
vt 11.294117647058826 -3.3921568627450993
vt 11.921568627450982 -3.3921568627450993
vt 21.333333333333336 -3.3921568627450993
vt 20.70588235294118 -3.3921568627450993
vt 20.70588235294118 -4.019607843137257
vt 21.333333333333336 -4.019607843137257
vt 20.70588235294118 -3.3921568627450993
vt 20.078431372549026 -3.3921568627450993
vt 20.078431372549026 -4.019607843137257
vt 20.70588235294118 -4.019607843137257
vt 20.078431372549026 -3.3921568627450993
vt 19.450980392156872 -3.3921568627450993
vt 19.450980392156872 -4.019607843137257
vt 20.078431372549026 -4.019607843137257
vt 19.450980392156872 -3.3921568627450993
vt 18.823529411764717 -3.3921568627450993
vt 18.823529411764717 -4.019607843137257
vt 19.450980392156872 -4.019607843137257
vt 18.823529411764717 -3.3921568627450993
vt 18.19607843137256 -3.3921568627450993
vt 18.19607843137256 -4.019607843137257
vt 18.823529411764717 -4.019607843137257
vt 18.19607843137256 -3.3921568627450993
vt 17.5686274509804 -3.3921568627450993
vt 17.5686274509804 -4.019607843137257
vt 18.19607843137256 -4.019607843137257
vt 17.5686274509804 -3.3921568627450993
vt 16.941176470588243 -3.3921568627450993
vt 16.941176470588243 -4.019607843137257
vt 17.5686274509804 -4.019607843137257
vt 16.941176470588243 -3.3921568627450993
vt 16.313725490196084 -3.3921568627450993
vt 16.313725490196084 -4.019607843137257
vt 16.941176470588243 -4.019607843137257
vt 16.313725490196084 -3.3921568627450993
vt 15.686274509803926 -3.3921568627450993
vt 15.686274509803926 -4.019607843137257
vt 16.313725490196084 -4.019607843137257
vt 15.686274509803926 -3.3921568627450993
vt 15.058823529411768 -3.3921568627450993
vt 15.058823529411768 -4.019607843137257
vt 15.686274509803926 -4.019607843137257
vt 15.058823529411768 -3.3921568627450993
vt 14.431372549019612 -3.3921568627450993
vt 14.431372549019612 -4.019607843137257
vt 15.058823529411768 -4.019607843137257
vt 14.431372549019612 -3.3921568627450993
vt 13.803921568627455 -3.3921568627450993
vt 13.803921568627455 -4.019607843137257
vt 14.431372549019612 -4.019607843137257
vt 13.803921568627455 -3.3921568627450993
vt 13.176470588235297 -3.3921568627450993
vt 13.176470588235297 -4.019607843137257
vt 13.803921568627455 -4.019607843137257
vt 13.176470588235297 -3.3921568627450993
vt 12.549019607843139 -3.3921568627450993
vt 12.549019607843139 -4.019607843137257
vt 13.176470588235297 -4.019607843137257
vt 12.549019607843139 -3.3921568627450993
vt 11.921568627450982 -3.3921568627450993
vt 11.921568627450982 -4.019607843137257
vt 12.549019607843139 -4.019607843137257
vt 11.921568627450982 -3.3921568627450993
vt 11.294117647058826 -3.3921568627450993
vt 11.294117647058826 -4.019607843137257
vt 11.921568627450982 -4.019607843137257
vt 21.333333333333336 -4.019607843137257
vt 20.70588235294118 -4.019607843137257
vt 20.70588235294118 -4.647058823529414
vt 21.333333333333336 -4.647058823529414
vt 20.70588235294118 -4.019607843137257
vt 20.078431372549026 -4.019607843137257
vt 20.078431372549026 -4.647058823529414
vt 20.70588235294118 -4.647058823529414
vt 20.078431372549026 -4.019607843137257
vt 19.450980392156872 -4.019607843137257
vt 19.450980392156872 -4.647058823529414
vt 20.078431372549026 -4.647058823529414
vt 19.450980392156872 -4.019607843137257
vt 18.823529411764717 -4.019607843137257
vt 18.823529411764717 -4.647058823529414
vt 19.450980392156872 -4.647058823529414
vt 18.823529411764717 -4.019607843137257
vt 18.19607843137256 -4.019607843137257
vt 18.19607843137256 -4.647058823529414
vt 18.823529411764717 -4.647058823529414
vt 18.19607843137256 -4.019607843137257
vt 17.5686274509804 -4.019607843137257
vt 17.5686274509804 -4.647058823529414
vt 18.19607843137256 -4.647058823529414
vt 17.5686274509804 -4.019607843137257
vt 16.941176470588243 -4.019607843137257
vt 16.941176470588243 -4.647058823529414
vt 17.5686274509804 -4.647058823529414
vt 16.941176470588243 -4.019607843137257
vt 16.313725490196084 -4.019607843137257
vt 16.313725490196084 -4.647058823529414
vt 16.941176470588243 -4.647058823529414
vt 16.313725490196084 -4.019607843137257
vt 15.686274509803926 -4.019607843137257
vt 15.686274509803926 -4.647058823529414
vt 16.313725490196084 -4.647058823529414
vt 15.686274509803926 -4.019607843137257
vt 15.058823529411768 -4.019607843137257
vt 15.058823529411768 -4.647058823529414
vt 15.686274509803926 -4.647058823529414
vt 15.058823529411768 -4.019607843137257
vt 14.431372549019612 -4.019607843137257
vt 14.431372549019612 -4.647058823529414
vt 15.058823529411768 -4.647058823529414
vt 14.431372549019612 -4.019607843137257
vt 13.803921568627455 -4.019607843137257
vt 13.803921568627455 -4.647058823529414
vt 14.431372549019612 -4.647058823529414
vt 13.803921568627455 -4.019607843137257
vt 13.176470588235297 -4.019607843137257
vt 13.176470588235297 -4.647058823529414
vt 13.803921568627455 -4.647058823529414
vt 13.176470588235297 -4.019607843137257
vt 12.549019607843139 -4.019607843137257
vt 12.549019607843139 -4.647058823529414
vt 13.176470588235297 -4.647058823529414
vt 12.549019607843139 -4.019607843137257
vt 11.921568627450982 -4.019607843137257
vt 11.921568627450982 -4.647058823529414
vt 12.549019607843139 -4.647058823529414
vt 11.921568627450982 -4.019607843137257
vt 11.294117647058826 -4.019607843137257
vt 11.294117647058826 -4.647058823529414
vt 11.921568627450982 -4.647058823529414
vt 21.333333333333336 -4.647058823529414
vt 20.70588235294118 -4.647058823529414
vt 20.70588235294118 -5.274509803921571
vt 21.333333333333336 -5.274509803921571
vt 20.70588235294118 -4.647058823529414
vt 20.078431372549026 -4.647058823529414
vt 20.078431372549026 -5.274509803921571
vt 20.70588235294118 -5.274509803921571
vt 20.078431372549026 -4.647058823529414
vt 19.450980392156872 -4.647058823529414
vt 19.450980392156872 -5.274509803921571
vt 20.078431372549026 -5.274509803921571
vt 19.450980392156872 -4.647058823529414
vt 18.823529411764717 -4.647058823529414
vt 18.823529411764717 -5.274509803921571
vt 19.450980392156872 -5.274509803921571
vt 18.823529411764717 -4.647058823529414
vt 18.19607843137256 -4.647058823529414
vt 18.19607843137256 -5.274509803921571
vt 18.823529411764717 -5.274509803921571
vt 18.19607843137256 -4.647058823529414
vt 17.5686274509804 -4.647058823529414
vt 17.5686274509804 -5.274509803921571
vt 18.19607843137256 -5.274509803921571
vt 17.5686274509804 -4.647058823529414
vt 16.941176470588243 -4.647058823529414
vt 16.941176470588243 -5.274509803921571
vt 17.5686274509804 -5.274509803921571
vt 16.941176470588243 -4.647058823529414
vt 16.313725490196084 -4.647058823529414
vt 16.313725490196084 -5.274509803921571
vt 16.941176470588243 -5.274509803921571
vt 16.313725490196084 -4.647058823529414
vt 15.686274509803926 -4.647058823529414
vt 15.686274509803926 -5.274509803921571
vt 16.313725490196084 -5.274509803921571
vt 15.686274509803926 -4.647058823529414
vt 15.058823529411768 -4.647058823529414
vt 15.058823529411768 -5.274509803921571
vt 15.686274509803926 -5.274509803921571
vt 15.058823529411768 -4.647058823529414
vt 14.431372549019612 -4.647058823529414
vt 14.431372549019612 -5.274509803921571
vt 15.058823529411768 -5.274509803921571
vt 14.431372549019612 -4.647058823529414
vt 13.803921568627455 -4.647058823529414
vt 13.803921568627455 -5.274509803921571
vt 14.431372549019612 -5.274509803921571
vt 13.803921568627455 -4.647058823529414
vt 13.176470588235297 -4.647058823529414
vt 13.176470588235297 -5.274509803921571
vt 13.803921568627455 -5.274509803921571
vt 13.176470588235297 -4.647058823529414
vt 12.549019607843139 -4.647058823529414
vt 12.549019607843139 -5.274509803921571
vt 13.176470588235297 -5.274509803921571
vt 12.549019607843139 -4.647058823529414
vt 11.921568627450982 -4.647058823529414
vt 11.921568627450982 -5.274509803921571
vt 12.549019607843139 -5.274509803921571
vt 11.921568627450982 -4.647058823529414
vt 11.294117647058826 -4.647058823529414
vt 11.294117647058826 -5.274509803921571
vt 11.921568627450982 -5.274509803921571
vt 21.333333333333336 -5.274509803921571
vt 20.70588235294118 -5.274509803921571
vt 20.70588235294118 -5.9019607843137285
vt 21.333333333333336 -5.9019607843137285
vt 20.70588235294118 -5.274509803921571
vt 20.078431372549026 -5.274509803921571
vt 20.078431372549026 -5.9019607843137285
vt 20.70588235294118 -5.9019607843137285
vt 20.078431372549026 -5.274509803921571
vt 19.450980392156872 -5.274509803921571
vt 19.450980392156872 -5.9019607843137285
vt 20.078431372549026 -5.9019607843137285
vt 19.450980392156872 -5.274509803921571
vt 18.823529411764717 -5.274509803921571
vt 18.823529411764717 -5.9019607843137285
vt 19.450980392156872 -5.9019607843137285
vt 18.823529411764717 -5.274509803921571
vt 18.19607843137256 -5.274509803921571
vt 18.19607843137256 -5.9019607843137285
vt 18.823529411764717 -5.9019607843137285
vt 18.19607843137256 -5.274509803921571
vt 17.5686274509804 -5.274509803921571
vt 17.5686274509804 -5.9019607843137285
vt 18.19607843137256 -5.9019607843137285
vt 17.5686274509804 -5.274509803921571
vt 16.941176470588243 -5.274509803921571
vt 16.941176470588243 -5.9019607843137285
vt 17.5686274509804 -5.9019607843137285
vt 16.941176470588243 -5.274509803921571
vt 16.313725490196084 -5.274509803921571
vt 16.313725490196084 -5.9019607843137285
vt 16.941176470588243 -5.9019607843137285
vt 16.313725490196084 -5.274509803921571
vt 15.686274509803926 -5.274509803921571
vt 15.686274509803926 -5.9019607843137285
vt 16.313725490196084 -5.9019607843137285
vt 15.686274509803926 -5.274509803921571
vt 15.058823529411768 -5.274509803921571
vt 15.058823529411768 -5.9019607843137285
vt 15.686274509803926 -5.9019607843137285
vt 15.058823529411768 -5.274509803921571
vt 14.431372549019612 -5.274509803921571
vt 14.431372549019612 -5.9019607843137285
vt 15.058823529411768 -5.9019607843137285
vt 14.431372549019612 -5.274509803921571
vt 13.803921568627455 -5.274509803921571
vt 13.803921568627455 -5.9019607843137285
vt 14.431372549019612 -5.9019607843137285
vt 13.803921568627455 -5.274509803921571
vt 13.176470588235297 -5.274509803921571
vt 13.176470588235297 -5.9019607843137285
vt 13.803921568627455 -5.9019607843137285
vt 13.176470588235297 -5.274509803921571
vt 12.549019607843139 -5.274509803921571
vt 12.549019607843139 -5.9019607843137285
vt 13.176470588235297 -5.9019607843137285
vt 12.549019607843139 -5.274509803921571
vt 11.921568627450982 -5.274509803921571
vt 11.921568627450982 -5.9019607843137285
vt 12.549019607843139 -5.9019607843137285
vt 11.921568627450982 -5.274509803921571
vt 11.294117647058826 -5.274509803921571
vt 11.294117647058826 -5.9019607843137285
vt 11.921568627450982 -5.9019607843137285
vt 21.333333333333336 -5.9019607843137285
vt 20.70588235294118 -5.9019607843137285
vt 20.70588235294118 -6.529411764705886
vt 21.333333333333336 -6.529411764705886
vt 20.70588235294118 -5.9019607843137285
vt 20.078431372549026 -5.9019607843137285
vt 20.078431372549026 -6.529411764705886
vt 20.70588235294118 -6.529411764705886
vt 20.078431372549026 -5.9019607843137285
vt 19.450980392156872 -5.9019607843137285
vt 19.450980392156872 -6.529411764705886
vt 20.078431372549026 -6.529411764705886
vt 19.450980392156872 -5.9019607843137285
vt 18.823529411764717 -5.9019607843137285
vt 18.823529411764717 -6.529411764705886
vt 19.450980392156872 -6.529411764705886
vt 18.823529411764717 -5.9019607843137285
vt 18.19607843137256 -5.9019607843137285
vt 18.19607843137256 -6.529411764705886
vt 18.823529411764717 -6.529411764705886
vt 18.19607843137256 -5.9019607843137285
vt 17.5686274509804 -5.9019607843137285
vt 17.5686274509804 -6.529411764705886
vt 18.19607843137256 -6.529411764705886
vt 17.5686274509804 -5.9019607843137285
vt 16.941176470588243 -5.9019607843137285
vt 16.941176470588243 -6.529411764705886
vt 17.5686274509804 -6.529411764705886
vt 16.941176470588243 -5.9019607843137285
vt 16.313725490196084 -5.9019607843137285
vt 16.313725490196084 -6.529411764705886
vt 16.941176470588243 -6.529411764705886
vt 16.313725490196084 -5.9019607843137285
vt 15.686274509803926 -5.9019607843137285
vt 15.686274509803926 -6.529411764705886
vt 16.313725490196084 -6.529411764705886
vt 15.686274509803926 -5.9019607843137285
vt 15.058823529411768 -5.9019607843137285
vt 15.058823529411768 -6.529411764705886
vt 15.686274509803926 -6.529411764705886
vt 15.058823529411768 -5.9019607843137285
vt 14.431372549019612 -5.9019607843137285
vt 14.431372549019612 -6.529411764705886
vt 15.058823529411768 -6.529411764705886
vt 14.431372549019612 -5.9019607843137285
vt 13.803921568627455 -5.9019607843137285
vt 13.803921568627455 -6.529411764705886
vt 14.431372549019612 -6.529411764705886
vt 13.803921568627455 -5.9019607843137285
vt 13.176470588235297 -5.9019607843137285
vt 13.176470588235297 -6.529411764705886
vt 13.803921568627455 -6.529411764705886
vt 13.176470588235297 -5.9019607843137285
vt 12.549019607843139 -5.9019607843137285
vt 12.549019607843139 -6.529411764705886
vt 13.176470588235297 -6.529411764705886
vt 12.549019607843139 -5.9019607843137285
vt 11.921568627450982 -5.9019607843137285
vt 11.921568627450982 -6.529411764705886
vt 12.549019607843139 -6.529411764705886
vt 11.921568627450982 -5.9019607843137285
vt 11.294117647058826 -5.9019607843137285
vt 11.294117647058826 -6.529411764705886
vt 11.921568627450982 -6.529411764705886
vt 21.333333333333336 -6.529411764705886
vt 20.70588235294118 -6.529411764705886
vt 20.70588235294118 -7.156862745098042
vt 21.333333333333336 -7.156862745098042
vt 20.70588235294118 -6.529411764705886
vt 20.078431372549026 -6.529411764705886
vt 20.078431372549026 -7.156862745098042
vt 20.70588235294118 -7.156862745098042
vt 20.078431372549026 -6.529411764705886
vt 19.450980392156872 -6.529411764705886
vt 19.450980392156872 -7.156862745098042
vt 20.078431372549026 -7.156862745098042
vt 19.450980392156872 -6.529411764705886
vt 18.823529411764717 -6.529411764705886
vt 18.823529411764717 -7.156862745098042
vt 19.450980392156872 -7.156862745098042
vt 18.823529411764717 -6.529411764705886
vt 18.19607843137256 -6.529411764705886
vt 18.19607843137256 -7.156862745098042
vt 18.823529411764717 -7.156862745098042
vt 18.19607843137256 -6.529411764705886
vt 17.5686274509804 -6.529411764705886
vt 17.5686274509804 -7.156862745098042
vt 18.19607843137256 -7.156862745098042
vt 17.5686274509804 -6.529411764705886
vt 16.941176470588243 -6.529411764705886
vt 16.941176470588243 -7.156862745098042
vt 17.5686274509804 -7.156862745098042
vt 16.941176470588243 -6.529411764705886
vt 16.313725490196084 -6.529411764705886
vt 16.313725490196084 -7.156862745098042
vt 16.941176470588243 -7.156862745098042
vt 16.313725490196084 -6.529411764705886
vt 15.686274509803926 -6.529411764705886
vt 15.686274509803926 -7.156862745098042
vt 16.313725490196084 -7.156862745098042
vt 15.686274509803926 -6.529411764705886
vt 15.058823529411768 -6.529411764705886
vt 15.058823529411768 -7.156862745098042
vt 15.686274509803926 -7.156862745098042
vt 15.058823529411768 -6.529411764705886
vt 14.431372549019612 -6.529411764705886
vt 14.431372549019612 -7.156862745098042
vt 15.058823529411768 -7.156862745098042
vt 14.431372549019612 -6.529411764705886
vt 13.803921568627455 -6.529411764705886
vt 13.803921568627455 -7.156862745098042
vt 14.431372549019612 -7.156862745098042
vt 13.803921568627455 -6.529411764705886
vt 13.176470588235297 -6.529411764705886
vt 13.176470588235297 -7.156862745098042
vt 13.803921568627455 -7.156862745098042
vt 13.176470588235297 -6.529411764705886
vt 12.549019607843139 -6.529411764705886
vt 12.549019607843139 -7.156862745098042
vt 13.176470588235297 -7.156862745098042
vt 12.549019607843139 -6.529411764705886
vt 11.921568627450982 -6.529411764705886
vt 11.921568627450982 -7.156862745098042
vt 12.549019607843139 -7.156862745098042
vt 11.921568627450982 -6.529411764705886
vt 11.294117647058826 -6.529411764705886
vt 11.294117647058826 -7.156862745098042
vt 11.921568627450982 -7.156862745098042
vt 21.333333333333336 -7.156862745098042
vt 20.70588235294118 -7.156862745098042
vt 20.70588235294118 -7.784313725490199
vt 21.333333333333336 -7.784313725490199
vt 20.70588235294118 -7.156862745098042
vt 20.078431372549026 -7.156862745098042
vt 20.078431372549026 -7.784313725490199
vt 20.70588235294118 -7.784313725490199
vt 20.078431372549026 -7.156862745098042
vt 19.450980392156872 -7.156862745098042
vt 19.450980392156872 -7.784313725490199
vt 20.078431372549026 -7.784313725490199
vt 19.450980392156872 -7.156862745098042
vt 18.823529411764717 -7.156862745098042
vt 18.823529411764717 -7.784313725490199
vt 19.450980392156872 -7.784313725490199
vt 18.823529411764717 -7.156862745098042
vt 18.19607843137256 -7.156862745098042
vt 18.19607843137256 -7.784313725490199
vt 18.823529411764717 -7.784313725490199
vt 18.19607843137256 -7.156862745098042
vt 17.5686274509804 -7.156862745098042
vt 17.5686274509804 -7.784313725490199
vt 18.19607843137256 -7.784313725490199
vt 17.5686274509804 -7.156862745098042
vt 16.941176470588243 -7.156862745098042
vt 16.941176470588243 -7.784313725490199
vt 17.5686274509804 -7.784313725490199
vt 16.941176470588243 -7.156862745098042
vt 16.313725490196084 -7.156862745098042
vt 16.313725490196084 -7.784313725490199
vt 16.941176470588243 -7.784313725490199
vt 16.313725490196084 -7.156862745098042
vt 15.686274509803926 -7.156862745098042
vt 15.686274509803926 -7.784313725490199
vt 16.313725490196084 -7.784313725490199
vt 15.686274509803926 -7.156862745098042
vt 15.058823529411768 -7.156862745098042
vt 15.058823529411768 -7.784313725490199
vt 15.686274509803926 -7.784313725490199
vt 15.058823529411768 -7.156862745098042
vt 14.431372549019612 -7.156862745098042
vt 14.431372549019612 -7.784313725490199
vt 15.058823529411768 -7.784313725490199
vt 14.431372549019612 -7.156862745098042
vt 13.803921568627455 -7.156862745098042
vt 13.803921568627455 -7.784313725490199
vt 14.431372549019612 -7.784313725490199
vt 13.803921568627455 -7.156862745098042
vt 13.176470588235297 -7.156862745098042
vt 13.176470588235297 -7.784313725490199
vt 13.803921568627455 -7.784313725490199
vt 13.176470588235297 -7.156862745098042
vt 12.549019607843139 -7.156862745098042
vt 12.549019607843139 -7.784313725490199
vt 13.176470588235297 -7.784313725490199
vt 12.549019607843139 -7.156862745098042
vt 11.921568627450982 -7.156862745098042
vt 11.921568627450982 -7.784313725490199
vt 12.549019607843139 -7.784313725490199
vt 11.921568627450982 -7.156862745098042
vt 11.294117647058826 -7.156862745098042
vt 11.294117647058826 -7.784313725490199
vt 11.921568627450982 -7.784313725490199
vt 21.333333333333336 -7.784313725490199
vt 20.70588235294118 -7.784313725490199
vt 20.70588235294118 -8.411764705882355
vt 21.333333333333336 -8.411764705882355
vt 20.70588235294118 -7.784313725490199
vt 20.078431372549026 -7.784313725490199
vt 20.078431372549026 -8.411764705882355
vt 20.70588235294118 -8.411764705882355
vt 20.078431372549026 -7.784313725490199
vt 19.450980392156872 -7.784313725490199
vt 19.450980392156872 -8.411764705882355
vt 20.078431372549026 -8.411764705882355
vt 19.450980392156872 -7.784313725490199
vt 18.823529411764717 -7.784313725490199
vt 18.823529411764717 -8.411764705882355
vt 19.450980392156872 -8.411764705882355
vt 18.823529411764717 -7.784313725490199
vt 18.19607843137256 -7.784313725490199
vt 18.19607843137256 -8.411764705882355
vt 18.823529411764717 -8.411764705882355
vt 18.19607843137256 -7.784313725490199
vt 17.5686274509804 -7.784313725490199
vt 17.5686274509804 -8.411764705882355
vt 18.19607843137256 -8.411764705882355
vt 17.5686274509804 -7.784313725490199
vt 16.941176470588243 -7.784313725490199
vt 16.941176470588243 -8.411764705882355
vt 17.5686274509804 -8.411764705882355
vt 16.941176470588243 -7.784313725490199
vt 16.313725490196084 -7.784313725490199
vt 16.313725490196084 -8.411764705882355
vt 16.941176470588243 -8.411764705882355
vt 16.313725490196084 -7.784313725490199
vt 15.686274509803926 -7.784313725490199
vt 15.686274509803926 -8.411764705882355
vt 16.313725490196084 -8.411764705882355
vt 15.686274509803926 -7.784313725490199
vt 15.058823529411768 -7.784313725490199
vt 15.058823529411768 -8.411764705882355
vt 15.686274509803926 -8.411764705882355
vt 15.058823529411768 -7.784313725490199
vt 14.431372549019612 -7.784313725490199
vt 14.431372549019612 -8.411764705882355
vt 15.058823529411768 -8.411764705882355
vt 14.431372549019612 -7.784313725490199
vt 13.803921568627455 -7.784313725490199
vt 13.803921568627455 -8.411764705882355
vt 14.431372549019612 -8.411764705882355
vt 13.803921568627455 -7.784313725490199
vt 13.176470588235297 -7.784313725490199
vt 13.176470588235297 -8.411764705882355
vt 13.803921568627455 -8.411764705882355
vt 13.176470588235297 -7.784313725490199
vt 12.549019607843139 -7.784313725490199
vt 12.549019607843139 -8.411764705882355
vt 13.176470588235297 -8.411764705882355
vt 12.549019607843139 -7.784313725490199
vt 11.921568627450982 -7.784313725490199
vt 11.921568627450982 -8.411764705882355
vt 12.549019607843139 -8.411764705882355
vt 11.921568627450982 -7.784313725490199
vt 11.294117647058826 -7.784313725490199
vt 11.294117647058826 -8.411764705882355
vt 11.921568627450982 -8.411764705882355
vt 21.333333333333336 -8.411764705882355
vt 20.70588235294118 -8.411764705882355
vt 20.70588235294118 -9.039215686274511
vt 21.333333333333336 -9.039215686274511
vt 20.70588235294118 -8.411764705882355
vt 20.078431372549026 -8.411764705882355
vt 20.078431372549026 -9.039215686274511
vt 20.70588235294118 -9.039215686274511
vt 20.078431372549026 -8.411764705882355
vt 19.450980392156872 -8.411764705882355
vt 19.450980392156872 -9.039215686274511
vt 20.078431372549026 -9.039215686274511
vt 19.450980392156872 -8.411764705882355
vt 18.823529411764717 -8.411764705882355
vt 18.823529411764717 -9.039215686274511
vt 19.450980392156872 -9.039215686274511
vt 18.823529411764717 -8.411764705882355
vt 18.19607843137256 -8.411764705882355
vt 18.19607843137256 -9.039215686274511
vt 18.823529411764717 -9.039215686274511
vt 18.19607843137256 -8.411764705882355
vt 17.5686274509804 -8.411764705882355
vt 17.5686274509804 -9.039215686274511
vt 18.19607843137256 -9.039215686274511
vt 17.5686274509804 -8.411764705882355
vt 16.941176470588243 -8.411764705882355
vt 16.941176470588243 -9.039215686274511
vt 17.5686274509804 -9.039215686274511
vt 16.941176470588243 -8.411764705882355
vt 16.313725490196084 -8.411764705882355
vt 16.313725490196084 -9.039215686274511
vt 16.941176470588243 -9.039215686274511
vt 16.313725490196084 -8.411764705882355
vt 15.686274509803926 -8.411764705882355
vt 15.686274509803926 -9.039215686274511
vt 16.313725490196084 -9.039215686274511
vt 15.686274509803926 -8.411764705882355
vt 15.058823529411768 -8.411764705882355
vt 15.058823529411768 -9.039215686274511
vt 15.686274509803926 -9.039215686274511
vt 15.058823529411768 -8.411764705882355
vt 14.431372549019612 -8.411764705882355
vt 14.431372549019612 -9.039215686274511
vt 15.058823529411768 -9.039215686274511
vt 14.431372549019612 -8.411764705882355
vt 13.803921568627455 -8.411764705882355
vt 13.803921568627455 -9.039215686274511
vt 14.431372549019612 -9.039215686274511
vt 13.803921568627455 -8.411764705882355
vt 13.176470588235297 -8.411764705882355
vt 13.176470588235297 -9.039215686274511
vt 13.803921568627455 -9.039215686274511
vt 13.176470588235297 -8.411764705882355
vt 12.549019607843139 -8.411764705882355
vt 12.549019607843139 -9.039215686274511
vt 13.176470588235297 -9.039215686274511
vt 12.549019607843139 -8.411764705882355
vt 11.921568627450982 -8.411764705882355
vt 11.921568627450982 -9.039215686274511
vt 12.549019607843139 -9.039215686274511
vt 11.921568627450982 -8.411764705882355
vt 11.294117647058826 -8.411764705882355
vt 11.294117647058826 -9.039215686274511
vt 11.921568627450982 -9.039215686274511
vt 21.333333333333336 -9.039215686274511
vt 20.70588235294118 -9.039215686274511
vt 20.70588235294118 -9.666666666666668
vt 21.333333333333336 -9.666666666666668
vt 20.70588235294118 -9.039215686274511
vt 20.078431372549026 -9.039215686274511
vt 20.078431372549026 -9.666666666666668
vt 20.70588235294118 -9.666666666666668
vt 20.078431372549026 -9.039215686274511
vt 19.450980392156872 -9.039215686274511
vt 19.450980392156872 -9.666666666666668
vt 20.078431372549026 -9.666666666666668
vt 19.450980392156872 -9.039215686274511
vt 18.823529411764717 -9.039215686274511
vt 18.823529411764717 -9.666666666666668
vt 19.450980392156872 -9.666666666666668
vt 18.823529411764717 -9.039215686274511
vt 18.19607843137256 -9.039215686274511
vt 18.19607843137256 -9.666666666666668
vt 18.823529411764717 -9.666666666666668
vt 18.19607843137256 -9.039215686274511
vt 17.5686274509804 -9.039215686274511
vt 17.5686274509804 -9.666666666666668
vt 18.19607843137256 -9.666666666666668
vt 17.5686274509804 -9.039215686274511
vt 16.941176470588243 -9.039215686274511
vt 16.941176470588243 -9.666666666666668
vt 17.5686274509804 -9.666666666666668
vt 16.941176470588243 -9.039215686274511
vt 16.313725490196084 -9.039215686274511
vt 16.313725490196084 -9.666666666666668
vt 16.941176470588243 -9.666666666666668
vt 16.313725490196084 -9.039215686274511
vt 15.686274509803926 -9.039215686274511
vt 15.686274509803926 -9.666666666666668
vt 16.313725490196084 -9.666666666666668
vt 15.686274509803926 -9.039215686274511
vt 15.058823529411768 -9.039215686274511
vt 15.058823529411768 -9.666666666666668
vt 15.686274509803926 -9.666666666666668
vt 15.058823529411768 -9.039215686274511
vt 14.431372549019612 -9.039215686274511
vt 14.431372549019612 -9.666666666666668
vt 15.058823529411768 -9.666666666666668
vt 14.431372549019612 -9.039215686274511
vt 13.803921568627455 -9.039215686274511
vt 13.803921568627455 -9.666666666666668
vt 14.431372549019612 -9.666666666666668
vt 13.803921568627455 -9.039215686274511
vt 13.176470588235297 -9.039215686274511
vt 13.176470588235297 -9.666666666666668
vt 13.803921568627455 -9.666666666666668
vt 13.176470588235297 -9.039215686274511
vt 12.549019607843139 -9.039215686274511
vt 12.549019607843139 -9.666666666666668
vt 13.176470588235297 -9.666666666666668
vt 12.549019607843139 -9.039215686274511
vt 11.921568627450982 -9.039215686274511
vt 11.921568627450982 -9.666666666666668
vt 12.549019607843139 -9.666666666666668
vt 11.921568627450982 -9.039215686274511
vt 11.294117647058826 -9.039215686274511
vt 11.294117647058826 -9.666666666666668
vt 11.921568627450982 -9.666666666666668
vt 21.333333333333336 -2.1372549019607856
vt 20.70588235294118 -2.1372549019607856
vt 20.70588235294118 -2.7647058823529425
vt 21.333333333333336 -2.7647058823529425
vt 20.70588235294118 -2.1372549019607856
vt 20.078431372549026 -2.1372549019607856
vt 20.078431372549026 -2.7647058823529425
vt 20.70588235294118 -2.7647058823529425
vt 20.078431372549026 -2.1372549019607856
vt 19.450980392156872 -2.1372549019607856
vt 19.450980392156872 -2.7647058823529425
vt 20.078431372549026 -2.7647058823529425
vt 19.450980392156872 -2.1372549019607856
vt 18.823529411764717 -2.1372549019607856
vt 18.823529411764717 -2.7647058823529425
vt 19.450980392156872 -2.7647058823529425
vt 18.823529411764717 -2.1372549019607856
vt 18.19607843137256 -2.1372549019607856
vt 18.19607843137256 -2.7647058823529425
vt 18.823529411764717 -2.7647058823529425
vt 18.19607843137256 -2.1372549019607856
vt 17.5686274509804 -2.1372549019607856
vt 17.5686274509804 -2.7647058823529425
vt 18.19607843137256 -2.7647058823529425
vt 17.5686274509804 -2.1372549019607856
vt 16.941176470588243 -2.1372549019607856
vt 16.941176470588243 -2.7647058823529425
vt 17.5686274509804 -2.7647058823529425
vt 16.941176470588243 -2.1372549019607856
vt 16.313725490196084 -2.1372549019607856
vt 16.313725490196084 -2.7647058823529425
vt 16.941176470588243 -2.7647058823529425
vt 16.313725490196084 -2.1372549019607856
vt 15.686274509803926 -2.1372549019607856
vt 15.686274509803926 -2.7647058823529425
vt 16.313725490196084 -2.7647058823529425
vt 15.686274509803926 -2.1372549019607856
vt 15.058823529411768 -2.1372549019607856
vt 15.058823529411768 -2.7647058823529425
vt 15.686274509803926 -2.7647058823529425
vt 15.058823529411768 -2.1372549019607856
vt 14.431372549019612 -2.1372549019607856
vt 14.431372549019612 -2.7647058823529425
vt 15.058823529411768 -2.7647058823529425
vt 14.431372549019612 -2.1372549019607856
vt 13.803921568627455 -2.1372549019607856
vt 13.803921568627455 -2.7647058823529425
vt 14.431372549019612 -2.7647058823529425
vt 13.803921568627455 -2.1372549019607856
vt 13.176470588235297 -2.1372549019607856
vt 13.176470588235297 -2.7647058823529425
vt 13.803921568627455 -2.7647058823529425
vt 13.176470588235297 -2.1372549019607856
vt 12.549019607843139 -2.1372549019607856
vt 12.549019607843139 -2.7647058823529425
vt 13.176470588235297 -2.7647058823529425
vt 12.549019607843139 -2.1372549019607856
vt 11.921568627450982 -2.1372549019607856
vt 11.921568627450982 -2.7647058823529425
vt 12.549019607843139 -2.7647058823529425
vt 11.921568627450982 -2.1372549019607856
vt 11.294117647058826 -2.1372549019607856
vt 11.294117647058826 -2.7647058823529425
vt 11.921568627450982 -2.7647058823529425
vt 21.333333333333336 -1.5098039215686287
vt 20.70588235294118 -1.5098039215686287
vt 20.70588235294118 -2.1372549019607856
vt 21.333333333333336 -2.1372549019607856
vt 20.70588235294118 -1.5098039215686287
vt 20.078431372549026 -1.5098039215686287
vt 20.078431372549026 -2.1372549019607856
vt 20.70588235294118 -2.1372549019607856
vt 20.078431372549026 -1.5098039215686287
vt 19.450980392156872 -1.5098039215686287
vt 19.450980392156872 -2.1372549019607856
vt 20.078431372549026 -2.1372549019607856
vt 19.450980392156872 -1.5098039215686287
vt 18.823529411764717 -1.5098039215686287
vt 18.823529411764717 -2.1372549019607856
vt 19.450980392156872 -2.1372549019607856
vt 18.823529411764717 -1.5098039215686287
vt 18.19607843137256 -1.5098039215686287
vt 18.19607843137256 -2.1372549019607856
vt 18.823529411764717 -2.1372549019607856
vt 18.19607843137256 -1.5098039215686287
vt 17.5686274509804 -1.5098039215686287
vt 17.5686274509804 -2.1372549019607856
vt 18.19607843137256 -2.1372549019607856
vt 17.5686274509804 -1.5098039215686287
vt 16.941176470588243 -1.5098039215686287
vt 16.941176470588243 -2.1372549019607856
vt 17.5686274509804 -2.1372549019607856
vt 16.941176470588243 -1.5098039215686287
vt 16.313725490196084 -1.5098039215686287
vt 16.313725490196084 -2.1372549019607856
vt 16.941176470588243 -2.1372549019607856
vt 16.313725490196084 -1.5098039215686287
vt 15.686274509803926 -1.5098039215686287
vt 15.686274509803926 -2.1372549019607856
vt 16.313725490196084 -2.1372549019607856
vt 15.686274509803926 -1.5098039215686287
vt 15.058823529411768 -1.5098039215686287
vt 15.058823529411768 -2.1372549019607856
vt 15.686274509803926 -2.1372549019607856
vt 15.058823529411768 -1.5098039215686287
vt 14.431372549019612 -1.5098039215686287
vt 14.431372549019612 -2.1372549019607856
vt 15.058823529411768 -2.1372549019607856
vt 14.431372549019612 -1.5098039215686287
vt 13.803921568627455 -1.5098039215686287
vt 13.803921568627455 -2.1372549019607856
vt 14.431372549019612 -2.1372549019607856
vt 13.803921568627455 -1.5098039215686287
vt 13.176470588235297 -1.5098039215686287
vt 13.176470588235297 -2.1372549019607856
vt 13.803921568627455 -2.1372549019607856
vt 13.176470588235297 -1.5098039215686287
vt 12.549019607843139 -1.5098039215686287
vt 12.549019607843139 -2.1372549019607856
vt 13.176470588235297 -2.1372549019607856
vt 12.549019607843139 -1.5098039215686287
vt 11.921568627450982 -1.5098039215686287
vt 11.921568627450982 -2.1372549019607856
vt 12.549019607843139 -2.1372549019607856
vt 11.921568627450982 -1.5098039215686287
vt 11.294117647058826 -1.5098039215686287
vt 11.294117647058826 -2.1372549019607856
vt 11.921568627450982 -2.1372549019607856
vt 21.333333333333336 -0.8823529411764715
vt 20.70588235294118 -0.8823529411764715
vt 20.70588235294118 -1.5098039215686287
vt 21.333333333333336 -1.5098039215686287
vt 20.70588235294118 -0.8823529411764715
vt 20.078431372549026 -0.8823529411764715
vt 20.078431372549026 -1.5098039215686287
vt 20.70588235294118 -1.5098039215686287
vt 20.078431372549026 -0.8823529411764715
vt 19.450980392156872 -0.8823529411764715
vt 19.450980392156872 -1.5098039215686287
vt 20.078431372549026 -1.5098039215686287
vt 19.450980392156872 -0.8823529411764715
vt 18.823529411764717 -0.8823529411764715
vt 18.823529411764717 -1.5098039215686287
vt 19.450980392156872 -1.5098039215686287
vt 18.823529411764717 -0.8823529411764715
vt 18.19607843137256 -0.8823529411764715
vt 18.19607843137256 -1.5098039215686287
vt 18.823529411764717 -1.5098039215686287
vt 18.19607843137256 -0.8823529411764715
vt 17.5686274509804 -0.8823529411764715
vt 17.5686274509804 -1.5098039215686287
vt 18.19607843137256 -1.5098039215686287
vt 17.5686274509804 -0.8823529411764715
vt 16.941176470588243 -0.8823529411764715
vt 16.941176470588243 -1.5098039215686287
vt 17.5686274509804 -1.5098039215686287
vt 16.941176470588243 -0.8823529411764715
vt 16.313725490196084 -0.8823529411764715
vt 16.313725490196084 -1.5098039215686287
vt 16.941176470588243 -1.5098039215686287
vt 16.313725490196084 -0.8823529411764715
vt 15.686274509803926 -0.8823529411764715
vt 15.686274509803926 -1.5098039215686287
vt 16.313725490196084 -1.5098039215686287
vt 15.686274509803926 -0.8823529411764715
vt 15.058823529411768 -0.8823529411764715
vt 15.058823529411768 -1.5098039215686287
vt 15.686274509803926 -1.5098039215686287
vt 15.058823529411768 -0.8823529411764715
vt 14.431372549019612 -0.8823529411764715
vt 14.431372549019612 -1.5098039215686287
vt 15.058823529411768 -1.5098039215686287
vt 14.431372549019612 -0.8823529411764715
vt 13.803921568627455 -0.8823529411764715
vt 13.803921568627455 -1.5098039215686287
vt 14.431372549019612 -1.5098039215686287
vt 13.803921568627455 -0.8823529411764715
vt 13.176470588235297 -0.8823529411764715
vt 13.176470588235297 -1.5098039215686287
vt 13.803921568627455 -1.5098039215686287
vt 13.176470588235297 -0.8823529411764715
vt 12.549019607843139 -0.8823529411764715
vt 12.549019607843139 -1.5098039215686287
vt 13.176470588235297 -1.5098039215686287
vt 12.549019607843139 -0.8823529411764715
vt 11.921568627450982 -0.8823529411764715
vt 11.921568627450982 -1.5098039215686287
vt 12.549019607843139 -1.5098039215686287
vt 11.921568627450982 -0.8823529411764715
vt 11.294117647058826 -0.8823529411764715
vt 11.294117647058826 -1.5098039215686287
vt 11.921568627450982 -1.5098039215686287
vt 21.333333333333336 -0.2549019607843144
vt 20.70588235294118 -0.2549019607843144
vt 20.70588235294118 -0.8823529411764715
vt 21.333333333333336 -0.8823529411764715
vt 20.70588235294118 -0.2549019607843144
vt 20.078431372549026 -0.2549019607843144
vt 20.078431372549026 -0.8823529411764715
vt 20.70588235294118 -0.8823529411764715
vt 20.078431372549026 -0.2549019607843144
vt 19.450980392156872 -0.2549019607843144
vt 19.450980392156872 -0.8823529411764715
vt 20.078431372549026 -0.8823529411764715
vt 19.450980392156872 -0.2549019607843144
vt 18.823529411764717 -0.2549019607843144
vt 18.823529411764717 -0.8823529411764715
vt 19.450980392156872 -0.8823529411764715
vt 18.823529411764717 -0.2549019607843144
vt 18.19607843137256 -0.2549019607843144
vt 18.19607843137256 -0.8823529411764715
vt 18.823529411764717 -0.8823529411764715
vt 18.19607843137256 -0.2549019607843144
vt 17.5686274509804 -0.2549019607843144
vt 17.5686274509804 -0.8823529411764715
vt 18.19607843137256 -0.8823529411764715
vt 17.5686274509804 -0.2549019607843144
vt 16.941176470588243 -0.2549019607843144
vt 16.941176470588243 -0.8823529411764715
vt 17.5686274509804 -0.8823529411764715
vt 16.941176470588243 -0.2549019607843144
vt 16.313725490196084 -0.2549019607843144
vt 16.313725490196084 -0.8823529411764715
vt 16.941176470588243 -0.8823529411764715
vt 16.313725490196084 -0.2549019607843144
vt 15.686274509803926 -0.2549019607843144
vt 15.686274509803926 -0.8823529411764715
vt 16.313725490196084 -0.8823529411764715
vt 15.686274509803926 -0.2549019607843144
vt 15.058823529411768 -0.2549019607843144
vt 15.058823529411768 -0.8823529411764715
vt 15.686274509803926 -0.8823529411764715
vt 15.058823529411768 -0.2549019607843144
vt 14.431372549019612 -0.2549019607843144
vt 14.431372549019612 -0.8823529411764715
vt 15.058823529411768 -0.8823529411764715
vt 14.431372549019612 -0.2549019607843144
vt 13.803921568627455 -0.2549019607843144
vt 13.803921568627455 -0.8823529411764715
vt 14.431372549019612 -0.8823529411764715
vt 13.803921568627455 -0.2549019607843144
vt 13.176470588235297 -0.2549019607843144
vt 13.176470588235297 -0.8823529411764715
vt 13.803921568627455 -0.8823529411764715
vt 13.176470588235297 -0.2549019607843144
vt 12.549019607843139 -0.2549019607843144
vt 12.549019607843139 -0.8823529411764715
vt 13.176470588235297 -0.8823529411764715
vt 12.549019607843139 -0.2549019607843144
vt 11.921568627450982 -0.2549019607843144
vt 11.921568627450982 -0.8823529411764715
vt 12.549019607843139 -0.8823529411764715
vt 11.921568627450982 -0.2549019607843144
vt 11.294117647058826 -0.2549019607843144
vt 11.294117647058826 -0.8823529411764715
vt 11.921568627450982 -0.8823529411764715
vt 21.333333333333336 0.3725490196078428
vt 20.70588235294118 0.3725490196078428
vt 20.70588235294118 -0.2549019607843144
vt 21.333333333333336 -0.2549019607843144
vt 20.70588235294118 0.3725490196078428
vt 20.078431372549026 0.3725490196078428
vt 20.078431372549026 -0.2549019607843144
vt 20.70588235294118 -0.2549019607843144
vt 20.078431372549026 0.3725490196078428
vt 19.450980392156872 0.3725490196078428
vt 19.450980392156872 -0.2549019607843144
vt 20.078431372549026 -0.2549019607843144
vt 19.450980392156872 0.3725490196078428
vt 18.823529411764717 0.3725490196078428
vt 18.823529411764717 -0.2549019607843144
vt 19.450980392156872 -0.2549019607843144
vt 18.823529411764717 0.3725490196078428
vt 18.19607843137256 0.3725490196078428
vt 18.19607843137256 -0.2549019607843144
vt 18.823529411764717 -0.2549019607843144
vt 18.19607843137256 0.3725490196078428
vt 17.5686274509804 0.3725490196078428
vt 17.5686274509804 -0.2549019607843144
vt 18.19607843137256 -0.2549019607843144
vt 17.5686274509804 0.3725490196078428
vt 16.941176470588243 0.3725490196078428
vt 16.941176470588243 -0.2549019607843144
vt 17.5686274509804 -0.2549019607843144
vt 16.941176470588243 0.3725490196078428
vt 16.313725490196084 0.3725490196078428
vt 16.313725490196084 -0.2549019607843144
vt 16.941176470588243 -0.2549019607843144
vt 16.313725490196084 0.3725490196078428
vt 15.686274509803926 0.3725490196078428
vt 15.686274509803926 -0.2549019607843144
vt 16.313725490196084 -0.2549019607843144
vt 15.686274509803926 0.3725490196078428
vt 15.058823529411768 0.3725490196078428
vt 15.058823529411768 -0.2549019607843144
vt 15.686274509803926 -0.2549019607843144
vt 15.058823529411768 0.3725490196078428
vt 14.431372549019612 0.3725490196078428
vt 14.431372549019612 -0.2549019607843144
vt 15.058823529411768 -0.2549019607843144
vt 14.431372549019612 0.3725490196078428
vt 13.803921568627455 0.3725490196078428
vt 13.803921568627455 -0.2549019607843144
vt 14.431372549019612 -0.2549019607843144
vt 13.803921568627455 0.3725490196078428
vt 13.176470588235297 0.3725490196078428
vt 13.176470588235297 -0.2549019607843144
vt 13.803921568627455 -0.2549019607843144
vt 13.176470588235297 0.3725490196078428
vt 12.549019607843139 0.3725490196078428
vt 12.549019607843139 -0.2549019607843144
vt 13.176470588235297 -0.2549019607843144
vt 12.549019607843139 0.3725490196078428
vt 11.921568627450982 0.3725490196078428
vt 11.921568627450982 -0.2549019607843144
vt 12.549019607843139 -0.2549019607843144
vt 11.921568627450982 0.3725490196078428
vt 11.294117647058826 0.3725490196078428
vt 11.294117647058826 -0.2549019607843144
vt 11.921568627450982 -0.2549019607843144
vt 21.333333333333336 1
vt 20.70588235294118 1
vt 20.70588235294118 0.3725490196078428
vt 21.333333333333336 0.3725490196078428
vt 20.70588235294118 1
vt 20.078431372549026 1
vt 20.078431372549026 0.3725490196078428
vt 20.70588235294118 0.3725490196078428
vt 20.078431372549026 1
vt 19.450980392156872 1
vt 19.450980392156872 0.3725490196078428
vt 20.078431372549026 0.3725490196078428
vt 19.450980392156872 1
vt 18.823529411764717 1
vt 18.823529411764717 0.3725490196078428
vt 19.450980392156872 0.3725490196078428
vt 18.823529411764717 1
vt 18.19607843137256 1
vt 18.19607843137256 0.3725490196078428
vt 18.823529411764717 0.3725490196078428
vt 18.19607843137256 1
vt 17.5686274509804 1
vt 17.5686274509804 0.3725490196078428
vt 18.19607843137256 0.3725490196078428
vt 17.5686274509804 1
vt 16.941176470588243 1
vt 16.941176470588243 0.3725490196078428
vt 17.5686274509804 0.3725490196078428
vt 16.941176470588243 1
vt 16.313725490196084 1
vt 16.313725490196084 0.3725490196078428
vt 16.941176470588243 0.3725490196078428
vt 16.313725490196084 1
vt 15.686274509803926 1
vt 15.686274509803926 0.3725490196078428
vt 16.313725490196084 0.3725490196078428
vt 15.686274509803926 1
vt 15.058823529411768 1
vt 15.058823529411768 0.3725490196078428
vt 15.686274509803926 0.3725490196078428
vt 15.058823529411768 1
vt 14.431372549019612 1
vt 14.431372549019612 0.3725490196078428
vt 15.058823529411768 0.3725490196078428
vt 14.431372549019612 1
vt 13.803921568627455 1
vt 13.803921568627455 0.3725490196078428
vt 14.431372549019612 0.3725490196078428
vt 13.803921568627455 1
vt 13.176470588235297 1
vt 13.176470588235297 0.3725490196078428
vt 13.803921568627455 0.3725490196078428
vt 13.176470588235297 1
vt 12.549019607843139 1
vt 12.549019607843139 0.3725490196078428
vt 13.176470588235297 0.3725490196078428
vt 12.549019607843139 1
vt 11.921568627450982 1
vt 11.921568627450982 0.3725490196078428
vt 12.549019607843139 0.3725490196078428
vt 11.921568627450982 1
vt 11.294117647058826 1
vt 11.294117647058826 0.3725490196078428
vt 11.921568627450982 0.3725490196078428
vn 0 1 0
vn 0 1 0
vn 0 1 0
vn 0 1 0
vn 0 1 0
vn 0 1 0
vn 0 1 0
vn 0 1 0
vn 0 1 0
vn 0 1 0
vn 0 1 0
vn 0 1 0
vn 0 1 0
vn 0 1 0
vn 0 1 0
vn 0 1 0
vn 0 1 0
vn 0 1 0
vn 0 1 0
vn 0 1 0
vn 0 1 0
vn 0 1 0
vn 0 1 0
vn 0 1 0
vn 0 1 0
vn 0 1 0
vn 0 1 0
vn 0 1 0
vn 0 1 0
vn 0 1 0
vn 0 1 0
vn 0 1 0
vn 0 1 0
vn 0 1 0
vn 0 1 0
vn 0 1 0
vn 0 1 0
vn 0 1 0
vn 0 1 0
vn 0 1 0
vn 0 1 0
vn 0 1 0
vn 0 1 0
vn 0 1 0
vn 0 1 0
vn 0 1 0
vn 0 1 0
vn 0 1 0
vn 0 1 0
vn 0 1 0
vn 0 1 0
vn 0 1 0
vn 0 1 0
vn 0 1 0
vn 0 1 0
vn 0 1 0
vn 0 1 0
vn 0 1 0
vn 0 1 0
vn 0 1 0
vn 0 1 0
vn 0 1 0
vn 0 1 0
vn 0 1 0
vn 0 1 0
vn 0 1 0
vn 0 1 0
vn 0 1 0
vn 0 1 0
vn 0 1 0
vn 0 1 0
vn 0 1 0
vn 0 1 0
vn 0 1 0
vn 0 1 0
vn 0 1 0
vn 0 1 0
vn 0 1 0
vn 0 1 0
vn 0 1 0
vn 0 1 0
vn 0 1 0
vn 0 1 0
vn 0 1 0
vn 0 1 0
vn 0 1 0
vn 0 1 0
vn 0 1 0
vn 0 1 0
vn 0 1 0
vn 0 1 0
vn 0 1 0
vn 0 1 0
vn 0 1 0
vn 0 1 0
vn 0 1 0
vn 0 1 0
vn 0 1 0
vn 0 1 0
vn 0 1 0
vn 0 1 0
vn 0 1 0
vn 0 1 0
vn 0 1 0
vn 0 1 0
vn 0 1 0
vn 0 1 0
vn 0 1 0
vn 0 1 0
vn 0 1 0
vn 0 1 0
vn 0 1 0
vn 0 1 0
vn 0 1 0
vn 0 1 0
vn 0 1 0
vn 0 1 0
vn 0 1 0
vn 0 1 0
vn 0 1 0
vn 0 1 0
vn 0 1 0
vn 0 1 0
vn 0 1 0
vn 0 1 0
vn 0 1 0
vn 0 1 0
vn 0 1 0
vn 0 1 0
vn 0 1 0
vn 0 1 0
vn 0 1 0
vn 0 1 0
vn 0 1 0
vn 0 1 0
vn 0 1 0
vn 0 1 0
vn 0 1 0
vn 0 1 0
vn 0 1 0
vn 0 1 0
vn 0 1 0
vn 0 1 0
vn 0 1 0
vn 0 1 0
vn 0 1 0
vn 0 1 0
vn 0 1 0
vn 0 1 0
vn 0 1 0
vn 0 1 0
vn 0 1 0
vn 0 1 0
vn 0 1 0
vn 0 1 0
vn 0 1 0
vn 0 1 0
vn 0 1 0
vn 0 1 0
vn 0 1 0
vn 0 1 0
vn 0 1 0
vn 0 1 0
vn 0 1 0
vn 0 1 0
vn 0 1 0
vn 0 1 0
vn 0 1 0
vn 0 1 0
vn 0 1 0
vn 0 1 0
vn 0 1 0
vn 0 1 0
vn 0 1 0
vn 0 1 0
vn 0 1 0
vn 0 1 0
vn 0 1 0
vn 0 1 0
vn 0 1 0
vn 0 1 0
vn 0 1 0
vn 0 1 0
vn 0 1 0
vn 0 1 0
vn 0 1 0
vn 0 1 0
vn 0 1 0
vn 0 1 0
vn 0 1 0
vn 0 1 0
vn 0 1 0
vn 0 1 0
vn 0 1 0
vn 0 1 0
vn 0 1 0
vn 0 1 0
vn 0 1 0
vn 0 1 0
vn 0 1 0
vn 0 1 0
vn 0 1 0
vn 0 1 0
vn 0 1 0
vn 0 1 0
vn 0 1 0
vn 0 1 0
vn 0 1 0
vn 0 1 0
vn 0 1 0
vn 0 1 0
vn 0 1 0
vn 0 1 0
vn 0 1 0
vn 0 1 0
vn 0 1 0
vn 0 1 0
vn 0 1 0
vn 0 1 0
vn 0 1 0
vn 0 1 0
vn 0 1 0
vn 0 1 0
vn 0 1 0
vn 0 1 0
vn 0 1 0
vn 0 1 0
vn 0 1 0
vn 0 1 0
vn 0 1 0
vn 0 1 0
vn 0 1 0
vn 0 1 0
vn 0 1 0
vn 0 1 0
vn 0 1 0
vn 0 1 0
vn 0 1 0
vn 0 1 0
vn 0 1 0
vn 0 1 0
vn 0 1 0
vn 0 1 0
vn 0 1 0
vn 0 1 0
vn 0 1 0
vn 0 1 0
vn 0 1 0
vn 0 1 0
vn 0 1 0
vn 0 1 0
vn 0 1 0
vn 0 1 0
vn 0 1 0
vn 0 1 0
vn 0 1 0
vn 0 1 0
vn 0 1 0
vn 0 1 0
vn 0 1 0
vn 0 1 0
vn 0 1 0
vn 0 1 0
vn 0 1 0
vn 0 1 0
vn 0 1 0
vn 0 1 0
vn 0 1 0
vn 0 1 0
vn 0 1 0
vn 0 1 0
vn 0 1 0
vn 0 1 0
vn 0 1 0
vn 0 1 0
vn 0 1 0
vn 0 1 0
vn 0 1 0
vn 0 1 0
vn 0 1 0
vn 0 1 0
vn 0 1 0
vn 0 1 0
vn 0 1 0
vn 0 1 0
vn 0 1 0
vn 0 1 0
vn 0 1 0
vn 0 1 0
vn 0 1 0
vn 0 1 0
vn 0 1 0
vn 0 1 0
vn 0 1 0
vn 0 1 0
vn 0 1 0
vn 0 1 0
vn 0 1 0
vn 0 1 0
vn 0 1 0
vn 0 1 0
vn 0 1 0
vn 0 1 0
vn 0 1 0
vn 0 1 0
vn 0 1 0
vn 0 1 0
vn 0 1 0
vn 0 1 0
vn 0 1 0
vn 0 1 0
vn 0 1 0
vn 0 1 0
vn 0 1 0
vn 0 1 0
vn 0 1 0
vn 0 1 0
vn 0 1 0
vn 0 1 0
vn 0 1 0
vn 0 1 0
vn 0 1 0
vn 0 1 0
vn 0 1 0
vn 0 1 0
vn 0 1 0
vn 0 1 0
vn 0 1 0
vn 0 1 0
vn 0 1 0
vn 0 1 0
vn 0 1 0
vn 0 1 0
vn 0 1 0
vn 0 1 0
vn 0 1 0
vn 0 1 0
vn 0 1 0
vn 0 1 0
vn 0 1 0
vn 0 1 0
vn 0 1 0
vn 0 1 0
vn 0 1 0
vn 0 1 0
vn 0 1 0
vn 0 1 0
vn 0 1 0
vn 0 1 0
vn 0 1 0
vn 0 1 0
vn 0 1 0
vn 0 1 0
vn 0 1 0
vn 0 1 0
vn 0 1 0
vn 0 1 0
vn 0 1 0
vn 0 1 0
vn 0 1 0
vn 0 1 0
vn 0 1 0
vn 0 1 0
vn 0 1 0
vn 0 1 0
vn 0 1 0
vn 0 1 0
vn 0 1 0
vn 0 1 0
vn 0 1 0
vn 0 1 0
vn 0 1 0
vn 0 1 0
vn 0 1 0
vn 0 1 0
vn 0 1 0
vn 0 1 0
vn 0 1 0
vn 0 1 0
vn 0 1 0
vn 0 1 0
vn 0 1 0
vn 0 1 0
vn 0 1 0
vn 0 1 0
vn 0 1 0
vn 0 1 0
vn 0 1 0
vn 0 1 0
vn 0 1 0
vn 0 1 0
vn 0 1 0
vn 0 1 0
vn 0 1 0
vn 0 1 0
vn 0 1 0
vn 0 1 0
vn 0 1 0
vn 0 1 0
vn 0 1 0
vn 0 1 0
vn 0 1 0
vn 0 1 0
vn 0 1 0
vn 0 1 0
vn 0 1 0
vn 0 1 0
vn 0 1 0
vn 0 1 0
vn 0 1 0
vn 0 1 0
vn 0 1 0
vn 0 1 0
vn 0 1 0
vn 0 1 0
vn 0 1 0
vn 0 1 0
vn 0 1 0
vn 0 1 0
vn 0 1 0
vn 0 1 0
vn 0 1 0
vn 0 1 0
vn 0 1 0
vn 0 1 0
vn 0 1 0
vn 0 1 0
vn 0 1 0
vn 0 1 0
vn 0 1 0
vn 0 1 0
vn 0 1 0
vn 0 1 0
vn 0 1 0
vn 0 1 0
vn 0 1 0
vn 0 1 0
vn 0 1 0
vn 0 1 0
vn 0 1 0
vn 0 1 0
vn 0 1 0
vn 0 1 0
vn 0 1 0
vn 0 1 0
vn 0 1 0
vn 0 1 0
vn 0 1 0
vn 0 1 0
vn 0 1 0
vn 0 1 0
vn 0 1 0
vn 0 1 0
vn 0 1 0
vn 0 1 0
vn 0 1 0
vn 0 1 0
vn 0 1 0
vn 0 1 0
vn 0 1 0
vn 0 1 0
vn 0 1 0
vn 0 1 0
vn 0 1 0
vn 0 1 0
vn 0 1 0
vn 0 1 0
vn 0 1 0
vn 0 1 0
vn 0 1 0
vn 0 1 0
vn 0 1 0
vn 0 1 0
vn 0 1 0
vn 0 1 0
vn 0 1 0
vn 0 1 0
vn 0 1 0
vn 0 1 0
vn 0 1 0
vn 0 1 0
vn 0 1 0
vn 0 1 0
vn 0 1 0
vn 0 1 0
vn 0 1 0
vn 0 1 0
vn 0 1 0
vn 0 1 0
vn 0 1 0
vn 0 1 0
vn 0 1 0
vn 0 1 0
vn 0 1 0
vn 0 1 0
vn 0 1 0
vn 0 1 0
vn 0 1 0
vn 0 1 0
vn 0 1 0
vn 0 1 0
vn 0 1 0
vn 0 1 0
vn 0 1 0
vn 0 1 0
vn 0 1 0
vn 0 1 0
vn 0 1 0
vn 0 1 0
vn 0 1 0
vn 0 1 0
vn 0 1 0
vn 0 1 0
vn 0 1 0
vn 0 1 0
vn 0 1 0
vn 0 1 0
vn 0 1 0
vn 0 1 0
vn 0 1 0
vn 0 1 0
vn 0 1 0
vn 0 1 0
vn 0 1 0
vn 0 1 0
vn 0 1 0
vn 0 1 0
vn 0 1 0
vn 0 1 0
vn 0 1 0
vn 0 1 0
vn 0 1 0
vn 0 1 0
vn 0 1 0
vn 0 1 0
vn 0 1 0
vn 0 1 0
vn 0 1 0
vn 0 1 0
vn 0 1 0
vn 0 1 0
vn 0 1 0
vn 0 1 0
vn 0 1 0
vn 0 1 0
vn 0 1 0
vn 0 1 0
vn 0 1 0
vn 0 1 0
vn 0 1 0
vn 0 1 0
vn 0 1 0
vn 0 1 0
vn 0 1 0
vn 0 1 0
vn 0 1 0
vn 0 1 0
vn 0 1 0
vn 0 1 0
vn 0 1 0
vn 0 1 0
vn 0 1 0
vn 0 1 0
vn 0 1 0
vn 0 1 0
vn 0 1 0
vn 0 1 0
vn 0 1 0
vn 0 1 0
vn 0 1 0
vn 0 1 0
vn 0 1 0
vn 0 1 0
vn 0 1 0
vn 0 1 0
vn 0 1 0
vn 0 1 0
vn 0 1 0
vn 0 1 0
vn 0 1 0
vn 0 1 0
vn 0 1 0
vn 0 1 0
vn 0 1 0
vn 0 1 0
vn 0 1 0
vn 0 1 0
vn 0 1 0
vn 0 1 0
vn 0 1 0
vn 0 1 0
vn 0 1 0
vn 0 1 0
vn 0 1 0
vn 0 1 0
vn 0 1 0
vn 0 1 0
vn 0 1 0
vn 0 1 0
vn 0 1 0
vn 0 1 0
vn 0 1 0
vn 0 1 0
vn 0 1 0
vn 0 1 0
vn 0 1 0
vn 0 1 0
vn 0 1 0
vn 0 1 0
vn 0 1 0
vn 0 1 0
vn 0 1 0
vn 0 1 0
vn 0 1 0
vn 0 1 0
vn 0 1 0
vn 0 1 0
vn 0 1 0
vn 0 1 0
vn 0 1 0
vn 0 1 0
vn 0 1 0
vn 0 1 0
vn 0 1 0
vn 0 1 0
vn 0 1 0
vn 0 1 0
vn 0 1 0
vn 0 1 0
vn 0 1 0
vn 0 1 0
vn 0 1 0
vn 0 1 0
vn 0 1 0
vn 0 1 0
vn 0 1 0
vn 0 1 0
vn 0 1 0
vn 0 1 0
vn 0 1 0
vn 0 1 0
vn 0 1 0
vn 0 1 0
vn 0 1 0
vn 0 1 0
vn 0 1 0
vn 0 1 0
vn 0 1 0
vn 0 1 0
vn 0 1 0
vn 0 1 0
vn 0 1 0
vn 0 1 0
vn 0 1 0
vn 0 1 0
vn 0 1 0
vn 0 1 0
vn 0 1 0
vn 0 1 0
vn 0 1 0
vn 0 1 0
vn 0 1 0
vn 0 1 0
vn 0 1 0
vn 0 1 0
vn 0 1 0
vn 0 1 0
vn 0 1 0
vn 0 1 0
vn 0 1 0
vn 0 1 0
vn 0 1 0
vn 0 1 0
vn 0 1 0
vn 0 1 0
vn 0 1 0
vn 0 1 0
vn 0 1 0
vn 0 1 0
vn 0 1 0
vn 0 1 0
vn 0 1 0
vn 0 1 0
vn 0 1 0
vn 0 1 0
vn 0 1 0
vn 0 1 0
vn 0 1 0
vn 0 1 0
vn 0 1 0
vn 0 1 0
vn 0 1 0
vn 0 1 0
vn 0 1 0
vn 0 1 0
vn 0 1 0
vn 0 1 0
vn 0 1 0
vn 0 1 0
vn 0 1 0
vn 0 1 0
vn 0 1 0
vn 0 1 0
vn 0 1 0
vn 0 1 0
vn 0 1 0
vn 0 1 0
vn 0 1 0
vn 0 1 0
vn 0 1 0
vn 0 1 0
vn 0 1 0
vn 0 1 0
vn 0 1 0
vn 0 1 0
vn 0 1 0
vn 0 1 0
vn 0 1 0
vn 0 1 0
vn 0 1 0
vn 0 1 0
vn 0 1 0
vn 0 1 0
vn 0 1 0
vn 0 1 0
vn 0 1 0
vn 0 1 0
vn 0 1 0
vn 0 1 0
vn 0 1 0
vn 0 1 0
vn 0 1 0
vn 0 1 0
vn 0 1 0
vn 0 1 0
vn 0 1 0
vn 0 1 0
vn 0 1 0
vn 0 1 0
vn 0 1 0
vn 0 1 0
vn 0 1 0
vn 0 1 0
vn 0 1 0
vn 0 1 0
vn 0 1 0
vn 0 1 0
vn 0 1 0
vn 0 1 0
vn 0 1 0
vn 0 1 0
vn 0 1 0
vn 0 1 0
vn 0 1 0
vn 0 1 0
vn 0 1 0
vn 0 1 0
vn 0 1 0
vn 0 1 0
vn 0 1 0
vn 0 1 0
vn 0 1 0
vn 0 1 0
vn 0 1 0
vn 0 1 0
vn 0 1 0
vn 0 1 0
vn 0 1 0
vn 0 1 0
vn 0 1 0
vn 0 1 0
vn 0 1 0
vn 0 1 0
vn 0 1 0
vn 0 1 0
vn 0 1 0
vn 0 1 0
vn 0 1 0
vn 0 1 0
vn 0 1 0
vn 0 1 0
vn 0 1 0
vn 0 1 0
vn 0 1 0
vn 0 1 0
vn 0 1 0
vn 0 1 0
vn 0 1 0
vn 0 1 0
vn 0 1 0
vn 0 1 0
vn 0 1 0
vn 0 1 0
vn 0 1 0
vn 0 1 0
vn 0 1 0
vn 0 1 0
vn 0 1 0
vn 0 1 0
vn 0 1 0
vn 0 1 0
vn 0 1 0
vn 0 1 0
vn 0 1 0
vn 0 1 0
vn 0 1 0
vn 0 1 0
vn 0 1 0
vn 0 1 0
vn 0 1 0
vn 0 1 0
vn 0 1 0
vn 0 1 0
vn 0 1 0
vn 0 1 0
vn 0 1 0
vn 0 1 0
vn 0 1 0
vn 0 1 0
vn 0 1 0
vn 0 1 0
vn 0 1 0
vn 0 1 0
vn 0 1 0
vn 0 1 0
vn 0 1 0
vn 0 1 0
vn 0 1 0
vn 0 1 0
vn 0 1 0
vn 0 1 0
vn 0 1 0
vn 0 1 0
vn 0 1 0
vn 0 1 0
vn 0 1 0
vn 0 1 0
vn 0 1 0
vn 0 1 0
vn 0 1 0
vn 0 1 0
vn 0 1 0
vn 0 1 0
vn 0 1 0
vn 0 1 0
vn 0 1 0
vn 0 1 0
vn 0 1 0
vn 0 1 0
vn 0 1 0
vn 0 1 0
vn 0 1 0
vn 0 1 0
vn 0 1 0
vn 0 1 0
vn 0 1 0
vn 0 1 0
vn 0 1 0
vn 0 1 0
vn 0 1 0
vn 0 1 0
vn 0 1 0
vn 0 1 0
vn 0 1 0
vn 0 1 0
vn 0 1 0
vn 0 1 0
vn 0 1 0
vn 0 1 0
vn 0 1 0
vn 0 1 0
vn 0 1 0
vn 0 1 0
vn 0 1 0
vn 0 1 0
vn 0 1 0
vn 0 1 0
vn 0 1 0
vn 0 1 0
vn 0 1 0
vn 0 1 0
vn 0 1 0
vn 0 1 0
vn 0 1 0
vn 0 1 0
vn 0 1 0
vn 0 1 0
vn 0 1 0
vn 0 1 0
vn 0 1 0
vn 0 1 0
vn 0 1 0
vn 0 1 0
vn 0 1 0
vn 0 1 0
vn 0 1 0
vn 0 1 0
vn 0 1 0
vn 0 1 0
vn 0 1 0
vn 0 1 0
vn 0 1 0
vn 0 1 0
vn 0 1 0
vn 0 1 0
vn 0 1 0
vn 0 1 0
vn 0 1 0
vn 0 1 0
vn 0 1 0
vn 0 1 0
vn 0 1 0
vn 0 1 0
vn 0 1 0
vn 0 1 0
vn 0 1 0
vn 0 1 0
vn 0 1 0
vn 0 1 0
vn 0 1 0
vn 0 1 0
vn 0 1 0
vn 0 1 0
vn 0 1 0
vn 0 1 0
vn 0 1 0
vn 0 1 0
vn 0 1 0
vn 0 1 0
vn 0 1 0
vn 0 1 0
vn 0 1 0
vn 0 1 0
vn 0 1 0
vn 0 1 0
vn 0 1 0
vn 0 1 0
vn 0 1 0
vn 0 1 0
vn 0 1 0
vn 0 1 0
vn 0 1 0
vn 0 1 0
vn 0 1 0
vn 0 1 0
vn 0 1 0
vn 0 1 0
vn 0 1 0
vn 0 1 0
vn 0 1 0
vn 0 1 0
vn 0 1 0
vn 0 1 0
vn 0 1 0
vn 0 1 0
vn 0 1 0
vn 0 1 0
vn 0 1 0
vn 0 1 0
vn 0 1 0
vn 0 1 0
vn 0 1 0
vn 0 1 0
vn 0 1 0
vn 0 1 0
vn 0 1 0
vn 0 1 0
vn 0 1 0
vn 0 1 0
vn 0 1 0
vn 0 1 0
vn 0 1 0
vn 0 1 0
vn 0 1 0
vn 0 1 0
vn 0 1 0
vn 0 1 0
vn 0 1 0
vn 0 1 0
vn 0 1 0
vn 0 1 0
vn 0 1 0
vn 0 1 0
vn 0 1 0
vn 0 1 0
vn 0 1 0
vn 0 1 0
vn 0 1 0
vn 0 1 0
vn 0 1 0
vn 0 1 0
vn 0 1 0
vn 0 1 0
vn 0 1 0
vn 0 1 0
vn 0 1 0
vn 0 1 0
vn 0 1 0
vn 0 1 0
vn 0 1 0
vn 0 1 0
vn 0 1 0
vn 0 1 0
vn 0 1 0
vn 0 1 0
vn 0 1 0
vn 0 1 0
vn 0 1 0
vn 0 1 0
vn 0 1 0
vn 0 1 0
vn 0 1 0
vn 0 1 0
vn 0 1 0
vn 0 1 0
vn 0 1 0
vn 0 1 0
vn 0 1 0
vn 0 1 0
vn 0 1 0
vn 0 1 0
vn 0 1 0
vn 0 1 0
vn 0 1 0
vn 0 1 0
vn 0 1 0
vn 0 1 0
vn 0 1 0
vn 0 1 0
vn 0 1 0
vn 0 1 0
vn 0 1 0
vn 0 1 0
vn 0 1 0
vn 0 1 0
vn 0 1 0
vn 0 1 0
vn 0 1 0
vn 0 1 0
vn 0 1 0
vn 0 1 0
vn 0 1 0
vn 0 1 0
vn 0 1 0
vn 0 1 0
vn 0 1 0
vn 0 1 0
vn 0 1 0
vn 0 1 0
vn 0 1 0
vn 0 1 0
vn 0 1 0
vn 0 1 0
vn 0 1 0
vn 0 1 0
vn 0 1 0
vn 0 1 0
vn 0 1 0
vn 0 1 0
vn 0 1 0
vn 0 1 0
vn 0 1 0
vn 0 1 0
vn 0 1 0
vn 0 1 0
vn 0 1 0
vn 0 1 0
vn 0 1 0
vn 0 1 0
vn 0 1 0
vn 0 1 0
vn 0 1 0
vn 0 1 0
vn 0 1 0
vn 0 1 0
vn 0 1 0
vn 0 1 0
vn 0 1 0
vn 0 1 0
vn 0 1 0
vn 0 1 0
vn 0 1 0
vn 0 1 0
vn 0 1 0
vn 0 1 0
vn 0 1 0
vn 0 1 0
vn 0 1 0
vn 0 1 0
vn 0 1 0
vn 0 1 0
vn 0 1 0
vn 0 1 0
vn 0 1 0
vn 0 1 0
vn 0 1 0
vn 0 1 0
vn 0 1 0
vn 0 1 0
vn 0 1 0
vn 0 1 0
vn 0 1 0
vn 0 1 0
vn 0 1 0
vn 0 1 0
vn 0 1 0
vn 0 1 0
vn 0 1 0
vn 0 1 0
vn 0 1 0
vn 0 1 0
vn 0 1 0
vn 0 1 0
vn 0 1 0
vn 0 1 0
vn 0 1 0
vn 0 1 0
vn 0 1 0
vn 0 1 0
vn 0 1 0
vn 0 1 0
vn 0 1 0
vn 0 1 0
vn 0 1 0
vn 0 1 0
vn 0 1 0
vn 0 1 0
vn 0 1 0
vn 0 1 0
vn 0 1 0
vn 0 1 0
vn 0 1 0
vn 0 1 0
vn 0 1 0
vn 0 1 0
vn 0 1 0
vn 0 1 0
vn 0 1 0
vn 0 1 0
vn 0 1 0
vn 0 1 0
vn 0 1 0
vn 0 1 0
vn 0 1 0
vn 0 1 0
vn 0 1 0
vn 0 1 0
vn 0 1 0
vn 0 1 0
vn 0 1 0
vn 0 1 0
vn 0 1 0
vn 0 1 0
vn 0 1 0
vn 0 1 0
vn 0 1 0
vn 0 1 0
vn 0 1 0
vn 0 1 0
vn 0 1 0
vn 0 1 0
vn 0 1 0
vn 0 1 0
vn 0 1 0
vn 0 1 0
vn 0 1 0
vn 0 1 0
vn 0 1 0
vn 0 1 0
vn 0 1 0
vn 0 1 0
vn 0 1 0
vn 0 1 0
vn 0 1 0
vn 0 1 0
vn 0 1 0
vn 0 1 0
vn 0 1 0
vn 0 1 0
vn 0 1 0
vn 0 1 0
vn 0 1 0
vn 0 1 0
vn 0 1 0
vn 0 1 0
vn 0 1 0
vn 0 1 0
vn 0 1 0
vn 0 1 0
vn 0 1 0
vn 0 1 0
vn 0 1 0
vn 0 1 0
vn 0 1 0
vn 0 1 0
vn 0 1 0
vn 0 1 0
vn 0 1 0
vn 0 1 0
vn 0 1 0
vn 0 1 0
vn 0 1 0
vn 0 1 0
vn 0 1 0
vn 0 1 0
vn 0 1 0
vn 0 1 0
vn 0 1 0
vn 0 1 0
vn 0 1 0
vn 0 1 0
vn 0 1 0
vn 0 1 0
vn 0 1 0
vn 0 1 0
vn 0 1 0
vn 0 1 0
vn 0 1 0
vn 0 1 0
vn 0 1 0
vn 0 1 0
vn 0 1 0
vn 0 1 0
vn 0 1 0
vn 0 1 0
vn 0 1 0
vn 0 1 0
vn 0 1 0
vn 0 1 0
vn 0 1 0
vn 0 1 0
vn 0 1 0
vn 0 1 0
vn 0 1 0
vn 0 1 0
vn 0 1 0
vn 0 1 0
vn 0 1 0
vn 0 1 0
vn 0 1 0
vn 0 1 0
vn 0 1 0
vn 0 1 0
vn 0 1 0
vn 0 1 0
vn 0 1 0
vn 0 1 0
vn 0 1 0
vn 0 1 0
vn 0 1 0
vn 0 1 0
vn 0 1 0
vn 0 1 0
vn 0 1 0
vn 0 1 0
vn 0 1 0
vn 0 1 0
vn 0 1 0
vn 0 1 0
vn 0 1 0
vn 0 1 0
vn 0 1 0
vn 0 1 0
vn 0 1 0
vn 0 1 0
vn 0 1 0
vn 0 1 0
vn 0 1 0
vn 0 1 0
vn 0 1 0
vn 0 1 0
vn 0 1 0
vn 0 1 0
vn 0 1 0
vn 0 1 0
vn 0 1 0
vn 0 1 0
vn 0 1 0
vn 0 1 0
vn 0 1 0
vn 0 1 0
vn 0 1 0
vn 0 1 0
vn 0 1 0
vn 0 1 0
vn 0 1 0
vn 0 1 0
vn 0 1 0
vn 0 1 0
vn 0 1 0
vn 0 1 0
vn 0 1 0
vn 0 1 0
vn 0 1 0
vn 0 1 0
vn 0 1 0
vn 0 1 0
vn 0 1 0
vn 0 1 0
vn 0 1 0
vn 0 1 0
vn 0 1 0
vn 0 1 0
vn 0 1 0
vn 0 1 0
vn 0 1 0
vn 0 1 0
vn 0 1 0
vn 0 1 0
vn 0 1 0
vn 0 1 0
vn 0 1 0
vn 0 1 0
vn 0 1 0
vn 0 1 0
vn 0 1 0
vn 0 1 0
vn 0 1 0
vn 0 1 0
vn 0 1 0
vn 0 1 0
vn 0 1 0
vn 0 1 0
vn 0 1 0
vn 0 1 0
vn 0 1 0
vn 0 1 0
vn 0 1 0
vn 0 1 0
vn 0 1 0
vn 0 1 0
vn 0 1 0
vn 0 1 0
vn 0 1 0
vn 0 1 0
vn 0 1 0
vn 0 1 0
vn 0 1 0
vn 0 1 0
vn 0 1 0
vn 0 1 0
vn 0 1 0
vn 0 1 0
vn 0 1 0
vn 0 1 0
vn 0 1 0
vn 0 1 0
vn 0 1 0
vn 0 1 0
vn 0 1 0
vn 0 1 0
vn 0 1 0
vn 0 1 0
vn 0 1 0
vn 0 1 0
vn 0 1 0
vn 0 1 0
vn 0 1 0
vn 0 1 0
vn 0 1 0
vn 0 1 0
vn 0 1 0
vn 0 1 0
vn 0 1 0
vn 0 1 0
vn 0 1 0
vn 0 1 0
vn 0 1 0
vn 0 1 0
vn 0 1 0
vn 0 1 0
vn 0 1 0
vn 0 1 0
vn 0 1 0
vn 0 1 0
vn 0 1 0
vn 0 1 0
vn 0 1 0
vn 0 1 0
vn 0 1 0
vn 0 1 0
vn 0 1 0
vn 0 1 0
vn 0 1 0
vn 0 1 0
vn 0 1 0
vn 0 1 0
vn 0 1 0
vn 0 1 0
vn 0 1 0
vn 0 1 0
vn 0 1 0
vn 0 1 0
vn 0 1 0
vn 0 1 0
vn 0 1 0
vn 0 1 0
vn 0 1 0
vn 0 1 0
vn 0 1 0
vn 0 1 0
vn 0 1 0
vn 0 1 0
vn 0 1 0
vn 0 1 0
vn 0 1 0
vn 0 1 0
vn 0 1 0
vn 0 1 0
vn 0 1 0
vn 0 1 0
vn 0 1 0
vn 0 1 0
vn 0 1 0
vn 0 1 0
vn 0 1 0
vn 0 1 0
vn 0 1 0
vn 0 1 0
vn 0 1 0
vn 0 1 0
vn 0 1 0
vn 0 1 0
vn 0 1 0
vn 0 1 0
vn 0 1 0
vn 0 1 0
vn 0 1 0
vn 0 1 0
vn 0 1 0
vn 0 1 0
vn 0 1 0
vn 0 1 0
vn 0 1 0
vn 0 1 0
vn 0 1 0
vn 0 1 0
vn 0 1 0
vn 0 1 0
vn 0 1 0
vn 0 1 0
vn 0 1 0
vn 0 1 0
vn 0 1 0
vn 0 1 0
vn 0 1 0
vn 0 1 0
vn 0 1 0
vn 0 1 0
vn 0 1 0
vn 0 1 0
vn 0 1 0
vn 0 1 0
vn 0 1 0
vn 0 1 0
vn 0 1 0
vn 0 1 0
vn 0 1 0
vn 0 1 0
vn 0 1 0
vn 0 1 0
vn 0 1 0
vn 0 1 0
vn 0 1 0
vn 0 1 0
vn 0 1 0
vn 0 1 0
vn 0 1 0
vn 0 1 0
vn 0 1 0
vn 0 1 0
vn 0 1 0
vn 0 1 0
vn 0 1 0
vn 0 1 0
vn 0 1 0
vn 0 1 0
vn 0 1 0
vn 0 1 0
vn 0 1 0
vn 0 1 0
vn 0 1 0
vn 0 1 0
vn 0 1 0
vn 0 1 0
vn 0 1 0
vn 0 1 0
vn 0 1 0
vn 0 1 0
vn 0 1 0
vn 0 1 0
vn 0 1 0
vn 0 1 0
vn 0 1 0
vn 0 1 0
vn 0 1 0
vn 0 1 0
vn 0 1 0
vn 0 1 0
vn 0 1 0
vn 0 1 0
vn 0 1 0
vn 0 1 0
vn 0 1 0
vn 0 1 0
vn 0 1 0
vn 0 1 0
vn 0 1 0
vn 0 1 0
vn 0 1 0
vn 0 1 0
vn 0 1 0
vn 0 1 0
vn 0 1 0
vn 0 1 0
vn 0 1 0
vn 0 1 0
vn 0 1 0
vn 0 1 0
vn 0 1 0
vn 0 1 0
vn 0 1 0
vn 0 1 0
vn 0 1 0
vn 0 1 0
vn 0 1 0
vn 0 1 0
vn 0 1 0
vn 0 1 0
vn 0 1 0
vn 0 1 0
vn 0 1 0
vn 0 1 0
vn 0 1 0
vn 0 1 0
vn 0 1 0
vn 0 1 0
vn 0 1 0
vn 0 1 0
vn 0 1 0
vn 0 1 0
vn 0 1 0
vn 0 1 0
vn 0 1 0
vn 0 1 0
vn 0 1 0
vn 0 1 0
vn 0 1 0
vn 0 1 0
vn 0 1 0
vn 0 1 0
vn 0 1 0
vn 0 1 0
vn 0 1 0
vn 0 1 0
vn 0 1 0
vn 0 1 0
vn 0 1 0
vn 0 1 0
vn 0 1 0
vn 0 1 0
vn 0 1 0
vn 0 1 0
vn 0 1 0
vn 0 1 0
vn 0 1 0
vn 0 1 0
vn 0 1 0
vn 0 1 0
vn 0 1 0
vn 0 1 0
vn 0 1 0
vn 0 1 0
vn 0 1 0
vn 0 1 0
vn 0 1 0
vn 0 1 0
vn 0 1 0
vn 0 1 0
vn 0 1 0
vn 0 1 0
vn 0 1 0
vn 0 1 0
vn 0 1 0
vn 0 1 0
vn 0 1 0
vn 0 1 0
vn 0 1 0
vn 0 1 0
vn 0 1 0
vn 0 1 0
vn 0 1 0
vn 0 1 0
vn 0 1 0
vn 0 1 0
vn 0 1 0
vn 0 1 0
vn 0 1 0
vn 0 1 0
vn 0 1 0
vn 0 1 0
vn 0 1 0
vn 0 1 0
vn 0 1 0
vn 0 1 0
vn 0 1 0
vn 0 1 0
vn 0 1 0
vn 0 1 0
vn 0 1 0
vn 0 1 0
vn 0 1 0
vn 0 1 0
vn 0 1 0
vn 0 1 0
vn 0 1 0
vn 0 1 0
vn 0 1 0
vn 0 1 0
vn 0 1 0
vn 0 1 0
vn 0 1 0
vn 0 1 0
vn 0 1 0
vn 0 1 0
vn 0 1 0
vn 0 1 0
vn 0 1 0
vn 0 1 0
vn 0 1 0
vn 0 1 0
vn 0 1 0
vn 0 1 0
vn 0 1 0
vn 0 1 0
vn 0 1 0
vn 0 1 0
vn 0 1 0
vn 0 1 0
vn 0 1 0
vn 0 1 0
vn 0 1 0
vn 0 1 0
vn 0 1 0
vn 0 1 0
vn 0 1 0
vn 0 1 0
vn 0 1 0
vn 0 1 0
vn 0 1 0
vn 0 1 0
vn 0 1 0
vn 0 1 0
vn 0 1 0
vn 0 1 0
vn 0 1 0
vn 0 1 0
vn 0 1 0
vn 0 1 0
vn 0 1 0
vn 0 1 0
vn 0 1 0
vn 0 1 0
vn 0 1 0
vn 0 1 0
vn 0 1 0
vn 0 1 0
vn 0 1 0
vn 0 1 0
vn 0 1 0
vn 0 1 0
vn 0 1 0
vn 0 1 0
vn 0 1 0
vn 0 1 0
vn 0 1 0
vn 0 1 0
vn 0 1 0
vn 0 1 0
vn 0 1 0
vn 0 1 0
vn 0 1 0
vn 0 1 0
vn 0 1 0
vn 0 1 0
vn 0 1 0
vn 0 1 0
vn 0 1 0
vn 0 1 0
vn 0 1 0
vn 0 1 0
vn 0 1 0
vn 0 1 0
vn 0 1 0
vn 0 1 0
vn 0 1 0
vn 0 1 0
vn 0 1 0
vn 0 1 0
vn 0 1 0
vn 0 1 0
vn 0 1 0
vn 0 1 0
vn 0 1 0
vn 0 1 0
vn 0 1 0
vn 0 1 0
vn 0 1 0
vn 0 1 0
vn 0 1 0
vn 0 1 0
vn 0 1 0
vn 0 1 0
vn 0 1 0
vn 0 1 0
vn 0 1 0
vn 0 1 0
vn 0 1 0
vn 0 1 0
vn 0 1 0
vn 0 1 0
vn 0 1 0
vn 0 1 0
vn 0 1 0
vn 0 1 0
vn 0 1 0
vn 0 1 0
vn 0 1 0
vn 0 1 0
vn 0 1 0
vn 0 1 0
vn 0 1 0
vn 0 1 0
vn 0 1 0
vn 0 1 0
vn 0 1 0
vn 0 1 0
vn 0 1 0
vn 0 1 0
vn 0 1 0
vn 0 1 0
vn 0 1 0
vn 0 1 0
vn 0 1 0
vn 0 1 0
vn 0 1 0
vn 0 1 0
vn 0 1 0
vn 0 1 0
vn 0 1 0
vn 0 1 0
vn 0 1 0
vn 0 1 0
vn 0 1 0
vn 0 1 0
vn 0 1 0
vn 0 1 0
vn 0 1 0
vn 0 1 0
vn 0 1 0
vn 0 1 0
vn 0 1 0
vn 0 1 0
vn 0 1 0
vn 0 1 0
vn 0 1 0
vn 0 1 0
vn 0 1 0
vn 0 1 0
vn 0 1 0
vn 0 1 0
vn 0 1 0
vn 0 1 0
vn 0 1 0
vn 0 1 0
vn 0 1 0
vn 0 1 0
vn 0 1 0
vn 0 1 0
vn 0 1 0
vn 0 1 0
vn 0 1 0
vn 0 1 0
vn 0 1 0
vn 0 1 0
vn 0 1 0
vn 0 1 0
vn 0 1 0
vn 0 1 0
vn 0 1 0
vn 0 1 0
vn 0 1 0
vn 0 1 0
vn 0 1 0
vn 0 1 0
vn 0 1 0
vn 0 1 0
vn 0 1 0
vn 0 1 0
vn 0 1 0
vn 0 1 0
vn 0 1 0
vn 0 1 0
vn 0 1 0
vn 0 1 0
vn 0 1 0
vn 0 1 0
vn 0 1 0
vn 0 1 0
vn 0 1 0
vn 0 1 0
vn 0 1 0
vn 0 1 0
vn 0 1 0
vn 0 1 0
vn 0 1 0
vn 0 1 0
vn 0 1 0
vn 0 1 0
vn 0 1 0
vn 0 1 0
vn 0 1 0
vn 0 1 0
vn 0 1 0
vn 0 1 0
vn 0 1 0
vn 0 1 0
vn 0 1 0
vn 0 1 0
vn 0 1 0
vn 0 1 0
vn 0 1 0
vn 0 1 0
vn 0 1 0
vn 0 1 0
vn 0 1 0
vn 0 1 0
vn 0 1 0
vn 0 1 0
vn 0 1 0
vn 0 1 0
vn 0 1 0
vn 0 1 0
vn 0 1 0
vn 0 1 0
vn 0 1 0
vn 0 1 0
vn 0 1 0
vn 0 1 0
vn 0 1 0
vn 0 1 0
vn 0 1 0
vn 0 1 0
vn 0 1 0
vn 0 1 0
vn 0 1 0
vn 0 1 0
vn 0 1 0
vn 0 1 0
vn 0 1 0
vn 0 1 0
vn 0 1 0
vn 0 1 0
vn 0 1 0
vn 0 1 0
vn 0 1 0
vn 0 1 0
vn 0 1 0
vn 0 1 0
vn 0 1 0
vn 0 1 0
vn 0 1 0
vn 0 1 0
vn 0 1 0
vn 0 1 0
vn 0 1 0
vn 0 1 0
vn 0 1 0
vn 0 1 0
vn 0 1 0
vn 0 1 0
vn 0 1 0
vn 0 1 0
vn 0 1 0
vn 0 1 0
vn 0 1 0
vn 0 1 0
vn 0 1 0
vn 0 1 0
vn 0 1 0
vn 0 1 0
vn 0 1 0
vn 0 1 0
vn 0 1 0
vn 0 1 0
vn 0 1 0
vn 0 1 0
vn 0 1 0
vn 0 1 0
vn 0 1 0
vn 0 1 0
vn 0 1 0
vn 0 1 0
vn 0 1 0
vn 0 1 0
vn 0 1 0
vn 0 1 0
vn 0 1 0
vn 0 1 0
vn 0 1 0
vn 0 1 0
vn 0 1 0
vn 0 1 0
vn 0 1 0
vn 0 1 0
vn 0 1 0
vn 0 1 0
vn 0 1 0
vn 0 1 0
vn 0 1 0
vn 0 1 0
vn 0 1 0
vn 0 1 0
vn 0 1 0
vn 0 1 0
vn 0 1 0
vn 0 1 0
vn 0 1 0
vn 0 1 0
vn 0 1 0
vn 0 1 0
vn 0 1 0
vn 0 1 0
vn 0 1 0
vn 0 1 0
vn 0 1 0
vn 0 1 0
vn 0 1 0
vn 0 1 0
vn 0 1 0
vn 0 1 0
vn 0 1 0
vn 0 1 0
vn 0 1 0
vn 0 1 0
vn 0 1 0
vn 0 1 0
vn 0 1 0
vn 0 1 0
vn 0 1 0
vn 0 1 0
vn 0 1 0
vn 0 1 0
vn 0 1 0
vn 0 1 0
vn 0 1 0
vn 0 1 0
vn 0 1 0
vn 0 1 0
vn 0 1 0
vn 0 1 0
vn 0 1 0
vn 0 1 0
vn 0 1 0
vn 0 1 0
vn 0 1 0
vn 0 1 0
vn 0 1 0
vn 0 1 0
vn 0 1 0
vn 0 1 0
vn 0 1 0
vn 0 1 0
vn 0 1 0
vn 0 1 0
vn 0 1 0
vn 0 1 0
vn 0 1 0
vn 0 1 0
vn 0 1 0
vn 0 1 0
vn 0 1 0
vn 0 1 0
vn 0 1 0
vn 0 1 0
vn 0 1 0
vn 0 1 0
vn 0 1 0
vn 0 1 0
vn 0 1 0
vn 0 1 0
vn 0 1 0
vn 0 1 0
vn 0 1 0
vn 0 1 0
vn 0 1 0
vn 0 1 0
vn 0 1 0
vn 0 1 0
vn 0 1 0
vn 0 1 0
vn 0 1 0
vn 0 1 0
vn 0 1 0
vn 0 1 0
vn 0 1 0
vn 0 1 0
vn 0 1 0
vn 0 1 0
vn 0 1 0
vn 0 1 0
vn 0 1 0
vn 0 1 0
vn 0 1 0
vn 0 1 0
vn 0 1 0
vn 0 1 0
vn 0 1 0
vn 0 1 0
vn 0 1 0
vn 0 1 0
vn 0 1 0
vn 0 1 0
vn 0 1 0
vn 0 1 0
vn 0 1 0
vn 0 1 0
vn 0 1 0
vn 0 1 0
vn 0 1 0
vn 0 1 0
vn 0 1 0
vn 0 1 0
vn 0 1 0
vn 0 1 0
vn 0 1 0
vn 0 1 0
vn 0 1 0
vn 0 1 0
vn 0 1 0
vn 0 1 0
vn 0 1 0
vn 0 1 0
vn 0 1 0
vn 0 1 0
vn 0 1 0
vn 0 1 0
vn 0 1 0
vn 0 1 0
vn 0 1 0
vn 0 1 0
vn 0 1 0
vn 0 1 0
vn 0 1 0
vn 0 1 0
vn 0 1 0
vn 0 1 0
vn 0 1 0
vn 0 1 0
vn 0 1 0
vn 0 1 0
vn 0 1 0
vn 0 1 0
vn 0 1 0
vn 0 1 0
vn 0 1 0
vn 0 1 0
vn 0 1 0
vn 0 1 0
vn 0 1 0
vn 0 1 0
vn 0 1 0
vn 0 1 0
vn 0 1 0
vn 0 1 0
vn 0 1 0
vn 0 1 0
vn 0 1 0
vn 0 1 0
vn 0 1 0
vn 0 1 0
vn 0 1 0
vn 0 1 0
vn 0 1 0
vn 0 1 0
vn 0 1 0
vn 0 1 0
vn 0 1 0
vn 0 1 0
vn 0 1 0
vn 0 1 0
vn 0 1 0
vn 0 1 0
vn 0 1 0
vn 0 1 0
vn 0 1 0
vn 0 1 0
vn 0 1 0
vn 0 1 0
vn 0 1 0
vn 0 1 0
vn 0 1 0
vn 0 1 0
vn 0 1 0
vn 0 1 0
vn 0 1 0
vn 0 1 0
vn 0 1 0
vn 0 1 0
vn 0 1 0
vn 0 1 0
vn 0 1 0
vn 0 1 0
vn 0 1 0
vn 0 1 0
vn 0 1 0
vn 0 1 0
vn 0 1 0
vn 0 1 0
vn 0 1 0
vn 0 1 0
vn 0 1 0
vn 0 1 0
vn 0 1 0
vn 0 1 0
vn 0 1 0
vn 0 1 0
vn 0 1 0
vn 0 1 0
vn 0 1 0
vn 0 1 0
vn 0 1 0
vn 0 1 0
vn 0 1 0
vn 0 1 0
vn 0 1 0
vn 0 1 0
vn 0 1 0
vn 0 1 0
vn 0 1 0
vn 0 1 0
vn 0 1 0
vn 0 1 0
vn 0 1 0
vn 0 1 0
vn 0 1 0
vn 0 1 0
vn 0 1 0
vn 0 1 0
vn 0 1 0
vn 0 1 0
vn 0 1 0
vn 0 1 0
vn 0 1 0
vn 0 1 0
vn 0 1 0
vn 0 1 0
vn 0 1 0
vn 0 1 0
vn 0 1 0
vn 0 1 0
vn 0 1 0
vn 0 1 0
vn 0 1 0
vn 0 1 0
vn 0 1 0
vn 0 1 0
vn 0 1 0
vn 0 1 0
vn 0 1 0
vn 0 1 0
vn 0 1 0
vn 0 1 0
vn 0 1 0
vn 0 1 0
vn 0 1 0
vn 0 1 0
vn 0 1 0
vn 0 1 0
vn 0 1 0
vn 0 1 0
vn 0 1 0
vn 0 1 0
vn 0 1 0
vn 0 1 0
vn 0 1 0
vn 0 1 0
vn 0 1 0
vn 0 1 0
vn 0 1 0
vn 0 1 0
vn 0 1 0
vn 0 1 0
vn 0 1 0
vn 0 1 0
vn 0 1 0
vn 0 1 0
vn 0 1 0
vn 0 1 0
vn 0 1 0
vn 0 1 0
vn 0 1 0
vn 0 1 0
vn 0 1 0
vn 0 1 0
vn 0 1 0
vn 0 1 0
vn 0 1 0
vn 0 1 0
vn 0 1 0
vn 0 1 0
vn 0 1 0
vn 0 1 0
vn 0 1 0
vn 0 1 0
vn 0 1 0
vn 0 1 0
vn 0 1 0
vn 0 1 0
vn 0 1 0
vn 0 1 0
vn 0 1 0
vn 0 1 0
vn 0 1 0
vn 0 1 0
vn 0 1 0
vn 0 1 0
vn 0 1 0
vn 0 1 0
vn 0 1 0
vn 0 1 0
vn 0 1 0
vn 0 1 0
vn 0 1 0
vn 0 1 0
vn 0 1 0
vn 0 1 0
vn 0 1 0
vn 0 1 0
vn 0 1 0
vn 0 1 0
vn 0 1 0
vn 0 1 0
vn 0 1 0
vn 0 1 0
vn 0 1 0
vn 0 1 0
vn 0 1 0
vn 0 1 0
vn 0 1 0
vn 0 1 0
vn 0 1 0
vn 0 1 0
vn 0 1 0
vn 0 1 0
vn 0 1 0
vn 0 1 0
vn 0 1 0
vn 0 1 0
vn 0 1 0
vn 0 1 0
vn 0 1 0
vn 0 1 0
vn 0 1 0
vn 0 1 0
vn 0 1 0
vn 0 1 0
vn 0 1 0
vn 0 1 0
vn 0 1 0
vn 0 1 0
vn 0 1 0
vn 0 1 0
vn 0 1 0
vn 0 1 0
vn 0 1 0
vn 0 1 0
vn 0 1 0
vn 0 1 0
vn 0 1 0
vn 0 1 0
vn 0 1 0
vn 0 1 0
vn 0 1 0
vn 0 1 0
vn 0 1 0
vn 0 1 0
vn 0 1 0
vn 0 1 0
vn 0 1 0
vn 0 1 0
vn 0 1 0
vn 0 1 0
vn 0 1 0
vn 0 1 0
vn 0 1 0
vn 0 1 0
vn 0 1 0
vn 0 1 0
vn 0 1 0
vn 0 1 0
vn 0 1 0
vn 0 1 0
vn 0 1 0
vn 0 1 0
vn 0 1 0
vn 0 1 0
vn 0 1 0
vn 0 1 0
vn 0 1 0
vn 0 1 0
vn 0 1 0
usemtl m_3c6f5da4-6fcf-9a5f-0c14-1e23803bcf93
f 49/1/1 705/2/1 721/3/1 5/4/1
f 353/5/2 2432/6/2 2448/7/2 6/8/2
f 848/9/3 2144/10/3 2160/11/3 10/12/3
f 65/13/4 1280/14/4 1296/15/4 13/16/4
f 48/17/5 1327/18/5 1584/19/5 4/20/5
f 113/21/6 369/22/6 353/23/6 6/24/6
f 129/25/7 864/26/7 848/27/7 10/28/7
f 112/29/8 1856/30/8 1872/31/8 7/32/8
f 2/33/9 337/34/9 321/35/9 19/36/9
f 19/37/10 321/38/10 305/39/10 21/40/10
f 21/41/11 305/42/11 289/43/11 23/44/11
f 23/45/12 289/46/12 273/47/12 25/48/12
f 25/49/13 273/50/13 257/51/13 27/52/13
f 27/53/14 257/54/14 241/55/14 29/56/14
f 29/57/15 241/58/15 225/59/15 31/60/15
f 31/61/16 225/62/16 209/63/16 33/64/16
f 33/65/17 209/66/17 193/67/17 35/68/17
f 35/69/18 193/70/18 177/71/18 37/72/18
f 37/73/19 177/74/19 176/75/19 39/76/19
f 39/77/20 176/78/20 641/79/20 41/80/20
f 41/81/21 641/82/21 657/83/21 43/84/21
f 43/85/22 657/86/22 673/87/22 45/88/22
f 45/89/23 673/90/23 689/91/23 47/92/23
f 47/93/24 689/94/24 705/95/24 49/96/24
f 3/97/25 1568/98/25 1552/99/25 18/100/25
f 18/101/26 1552/102/26 1536/103/26 20/104/26
f 20/105/27 1536/106/27 1520/107/27 22/108/27
f 22/109/28 1520/110/28 1504/111/28 24/112/28
f 24/113/29 1504/114/29 1488/115/29 26/116/29
f 26/117/30 1488/118/30 1472/119/30 28/120/30
f 28/121/31 1472/122/31 1456/123/31 30/124/31
f 30/125/32 1456/126/32 1440/127/32 32/128/32
f 32/129/33 1440/130/33 1424/131/33 34/132/33
f 34/133/34 1424/134/34 1408/135/34 36/136/34
f 36/137/35 1408/138/35 1392/139/35 38/140/35
f 38/141/36 1392/142/36 1376/143/36 40/144/36
f 40/145/37 1376/146/37 1360/147/37 42/148/37
f 42/149/38 1360/150/38 1344/151/38 44/152/38
f 44/153/39 1344/154/39 1328/155/39 46/156/39
f 46/157/40 1328/158/40 1327/159/40 48/160/40
f 9/161/41 832/162/41 816/163/41 50/164/41
f 50/165/42 816/166/42 800/167/42 51/168/42
f 51/169/43 800/170/43 784/171/43 52/172/43
f 52/173/44 784/174/44 769/175/44 53/176/44
f 53/177/45 769/178/45 753/179/45 54/180/45
f 54/181/46 753/182/46 752/183/46 55/184/46
f 55/185/47 752/186/47 1136/187/47 56/188/47
f 56/189/48 1136/190/48 1152/191/48 57/192/48
f 57/193/49 1152/194/49 1168/195/49 58/196/49
f 58/197/50 1168/198/50 1184/199/50 59/200/50
f 59/201/51 1184/202/51 1200/203/51 60/204/51
f 60/205/52 1200/206/52 1216/207/52 61/208/52
f 61/209/53 1216/210/53 1232/211/53 62/212/53
f 62/213/54 1232/214/54 1248/215/54 63/216/54
f 63/217/55 1248/218/55 1264/219/55 64/220/55
f 64/221/56 1264/222/56 1280/223/56 65/224/56
f 15/225/57 625/226/57 609/227/57 83/228/57
f 83/229/58 609/230/58 593/231/58 85/232/58
f 85/233/59 593/234/59 577/235/59 87/236/59
f 87/237/60 577/238/60 561/239/60 89/240/60
f 89/241/61 561/242/61 545/243/61 91/244/61
f 91/245/62 545/246/62 529/247/62 93/248/62
f 93/249/63 529/250/63 513/251/63 95/252/63
f 95/253/64 513/254/64 497/255/64 97/256/64
f 97/257/65 497/258/65 481/259/65 99/260/65
f 99/261/66 481/262/66 465/263/66 101/264/66
f 101/265/67 465/266/67 449/267/67 103/268/67
f 103/269/68 449/270/68 433/271/68 105/272/68
f 105/273/69 433/274/69 417/275/69 107/276/69
f 107/277/70 417/278/70 401/279/70 109/280/70
f 109/281/71 401/282/71 385/283/71 111/284/71
f 111/285/72 385/286/72 369/287/72 113/288/72
f 14/289/73 1776/290/73 1760/291/73 82/292/73
f 82/293/74 1760/294/74 1744/295/74 84/296/74
f 84/297/75 1744/298/75 1728/299/75 86/300/75
f 86/301/76 1728/302/76 1712/303/76 88/304/76
f 88/305/77 1712/306/77 1696/307/77 90/308/77
f 90/309/78 1696/310/78 1680/311/78 92/312/78
f 92/313/79 1680/314/79 1664/315/79 94/316/79
f 94/317/80 1664/318/80 1648/319/80 96/320/80
f 96/321/81 1648/322/81 1632/323/81 98/324/81
f 98/325/82 1632/326/82 1616/327/82 100/328/82
f 100/329/83 1616/330/83 1615/331/83 102/332/83
f 102/333/84 1615/334/84 1792/335/84 104/336/84
f 104/337/85 1792/338/85 1808/339/85 106/340/85
f 106/341/86 1808/342/86 1824/343/86 108/344/86
f 108/345/87 1824/346/87 1840/347/87 110/348/87
f 110/349/88 1840/350/88 1856/351/88 112/352/88
f 16/353/89 1120/354/89 1104/355/89 114/356/89
f 114/357/90 1104/358/90 1088/359/90 115/360/90
f 115/361/91 1088/362/91 1072/363/91 116/364/91
f 116/365/92 1072/366/92 1056/367/92 117/368/92
f 117/369/93 1056/370/93 1040/371/93 118/372/93
f 118/373/94 1040/374/94 1024/375/94 119/376/94
f 119/377/95 1024/378/95 1008/379/95 120/380/95
f 120/381/96 1008/382/96 992/383/96 121/384/96
f 121/385/97 992/386/97 976/387/97 122/388/97
f 122/389/98 976/390/98 960/391/98 123/392/98
f 123/393/99 960/394/99 944/395/99 124/396/99
f 124/397/100 944/398/100 928/399/100 125/400/100
f 125/401/101 928/402/101 912/403/101 126/404/101
f 126/405/102 912/406/102 896/407/102 127/408/102
f 127/409/103 896/410/103 880/411/103 128/412/103
f 128/413/104 880/414/104 864/415/104 129/416/104
f 38/417/105 146/418/105 147/419/105 36/420/105
f 146/421/106 148/422/106 149/423/106 147/424/106
f 148/425/107 150/426/107 151/427/107 149/428/107
f 150/429/108 152/430/108 153/431/108 151/432/108
f 152/433/109 154/434/109 155/435/109 153/436/109
f 154/437/110 156/438/110 157/439/110 155/440/110
f 156/441/111 158/442/111 159/443/111 157/444/111
f 158/445/112 160/446/112 161/447/112 159/448/112
f 160/449/113 162/450/113 163/451/113 161/452/113
f 162/453/114 164/454/114 165/455/114 163/456/114
f 164/457/115 166/458/115 167/459/115 165/460/115
f 166/461/116 168/462/116 169/463/116 167/464/116
f 168/465/117 170/466/117 171/467/117 169/468/117
f 170/469/118 172/470/118 173/471/118 171/472/118
f 172/473/119 174/474/119 175/475/119 173/476/119
f 174/477/120 176/478/120 177/479/120 175/480/120
f 36/481/121 147/482/121 178/483/121 34/484/121
f 147/485/122 149/486/122 179/487/122 178/488/122
f 149/489/123 151/490/123 180/491/123 179/492/123
f 151/493/124 153/494/124 181/495/124 180/496/124
f 153/497/125 155/498/125 182/499/125 181/500/125
f 155/501/126 157/502/126 183/503/126 182/504/126
f 157/505/127 159/506/127 184/507/127 183/508/127
f 159/509/128 161/510/128 185/511/128 184/512/128
f 161/513/129 163/514/129 186/515/129 185/516/129
f 163/517/130 165/518/130 187/519/130 186/520/130
f 165/521/131 167/522/131 188/523/131 187/524/131
f 167/525/132 169/526/132 189/527/132 188/528/132
f 169/529/133 171/530/133 190/531/133 189/532/133
f 171/533/134 173/534/134 191/535/134 190/536/134
f 173/537/135 175/538/135 192/539/135 191/540/135
f 175/541/136 177/542/136 193/543/136 192/544/136
f 34/545/137 178/546/137 194/547/137 32/548/137
f 178/549/138 179/550/138 195/551/138 194/552/138
f 179/553/139 180/554/139 196/555/139 195/556/139
f 180/557/140 181/558/140 197/559/140 196/560/140
f 181/561/141 182/562/141 198/563/141 197/564/141
f 182/565/142 183/566/142 199/567/142 198/568/142
f 183/569/143 184/570/143 200/571/143 199/572/143
f 184/573/144 185/574/144 201/575/144 200/576/144
f 185/577/145 186/578/145 202/579/145 201/580/145
f 186/581/146 187/582/146 203/583/146 202/584/146
f 187/585/147 188/586/147 204/587/147 203/588/147
f 188/589/148 189/590/148 205/591/148 204/592/148
f 189/593/149 190/594/149 206/595/149 205/596/149
f 190/597/150 191/598/150 207/599/150 206/600/150
f 191/601/151 192/602/151 208/603/151 207/604/151
f 192/605/152 193/606/152 209/607/152 208/608/152
f 32/609/153 194/610/153 210/611/153 30/612/153
f 194/613/154 195/614/154 211/615/154 210/616/154
f 195/617/155 196/618/155 212/619/155 211/620/155
f 196/621/156 197/622/156 213/623/156 212/624/156
f 197/625/157 198/626/157 214/627/157 213/628/157
f 198/629/158 199/630/158 215/631/158 214/632/158
f 199/633/159 200/634/159 216/635/159 215/636/159
f 200/637/160 201/638/160 217/639/160 216/640/160
f 201/641/161 202/642/161 218/643/161 217/644/161
f 202/645/162 203/646/162 219/647/162 218/648/162
f 203/649/163 204/650/163 220/651/163 219/652/163
f 204/653/164 205/654/164 221/655/164 220/656/164
f 205/657/165 206/658/165 222/659/165 221/660/165
f 206/661/166 207/662/166 223/663/166 222/664/166
f 207/665/167 208/666/167 224/667/167 223/668/167
f 208/669/168 209/670/168 225/671/168 224/672/168
f 30/673/169 210/674/169 226/675/169 28/676/169
f 210/677/170 211/678/170 227/679/170 226/680/170
f 211/681/171 212/682/171 228/683/171 227/684/171
f 212/685/172 213/686/172 229/687/172 228/688/172
f 213/689/173 214/690/173 230/691/173 229/692/173
f 214/693/174 215/694/174 231/695/174 230/696/174
f 215/697/175 216/698/175 232/699/175 231/700/175
f 216/701/176 217/702/176 233/703/176 232/704/176
f 217/705/177 218/706/177 234/707/177 233/708/177
f 218/709/178 219/710/178 235/711/178 234/712/178
f 219/713/179 220/714/179 236/715/179 235/716/179
f 220/717/180 221/718/180 237/719/180 236/720/180
f 221/721/181 222/722/181 238/723/181 237/724/181
f 222/725/182 223/726/182 239/727/182 238/728/182
f 223/729/183 224/730/183 240/731/183 239/732/183
f 224/733/184 225/734/184 241/735/184 240/736/184
f 28/737/185 226/738/185 242/739/185 26/740/185
f 226/741/186 227/742/186 243/743/186 242/744/186
f 227/745/187 228/746/187 244/747/187 243/748/187
f 228/749/188 229/750/188 245/751/188 244/752/188
f 229/753/189 230/754/189 246/755/189 245/756/189
f 230/757/190 231/758/190 247/759/190 246/760/190
f 231/761/191 232/762/191 248/763/191 247/764/191
f 232/765/192 233/766/192 249/767/192 248/768/192
f 233/769/193 234/770/193 250/771/193 249/772/193
f 234/773/194 235/774/194 251/775/194 250/776/194
f 235/777/195 236/778/195 252/779/195 251/780/195
f 236/781/196 237/782/196 253/783/196 252/784/196
f 237/785/197 238/786/197 254/787/197 253/788/197
f 238/789/198 239/790/198 255/791/198 254/792/198
f 239/793/199 240/794/199 256/795/199 255/796/199
f 240/797/200 241/798/200 257/799/200 256/800/200
f 26/801/201 242/802/201 258/803/201 24/804/201
f 242/805/202 243/806/202 259/807/202 258/808/202
f 243/809/203 244/810/203 260/811/203 259/812/203
f 244/813/204 245/814/204 261/815/204 260/816/204
f 245/817/205 246/818/205 262/819/205 261/820/205
f 246/821/206 247/822/206 263/823/206 262/824/206
f 247/825/207 248/826/207 264/827/207 263/828/207
f 248/829/208 249/830/208 265/831/208 264/832/208
f 249/833/209 250/834/209 266/835/209 265/836/209
f 250/837/210 251/838/210 267/839/210 266/840/210
f 251/841/211 252/842/211 268/843/211 267/844/211
f 252/845/212 253/846/212 269/847/212 268/848/212
f 253/849/213 254/850/213 270/851/213 269/852/213
f 254/853/214 255/854/214 271/855/214 270/856/214
f 255/857/215 256/858/215 272/859/215 271/860/215
f 256/861/216 257/862/216 273/863/216 272/864/216
f 24/865/217 258/866/217 274/867/217 22/868/217
f 258/869/218 259/870/218 275/871/218 274/872/218
f 259/873/219 260/874/219 276/875/219 275/876/219
f 260/877/220 261/878/220 277/879/220 276/880/220
f 261/881/221 262/882/221 278/883/221 277/884/221
f 262/885/222 263/886/222 279/887/222 278/888/222
f 263/889/223 264/890/223 280/891/223 279/892/223
f 264/893/224 265/894/224 281/895/224 280/896/224
f 265/897/225 266/898/225 282/899/225 281/900/225
f 266/901/226 267/902/226 283/903/226 282/904/226
f 267/905/227 268/906/227 284/907/227 283/908/227
f 268/909/228 269/910/228 285/911/228 284/912/228
f 269/913/229 270/914/229 286/915/229 285/916/229
f 270/917/230 271/918/230 287/919/230 286/920/230
f 271/921/231 272/922/231 288/923/231 287/924/231
f 272/925/232 273/926/232 289/927/232 288/928/232
f 22/929/233 274/930/233 290/931/233 20/932/233
f 274/933/234 275/934/234 291/935/234 290/936/234
f 275/937/235 276/938/235 292/939/235 291/940/235
f 276/941/236 277/942/236 293/943/236 292/944/236
f 277/945/237 278/946/237 294/947/237 293/948/237
f 278/949/238 279/950/238 295/951/238 294/952/238
f 279/953/239 280/954/239 296/955/239 295/956/239
f 280/957/240 281/958/240 297/959/240 296/960/240
f 281/961/241 282/962/241 298/963/241 297/964/241
f 282/965/242 283/966/242 299/967/242 298/968/242
f 283/969/243 284/970/243 300/971/243 299/972/243
f 284/973/244 285/974/244 301/975/244 300/976/244
f 285/977/245 286/978/245 302/979/245 301/980/245
f 286/981/246 287/982/246 303/983/246 302/984/246
f 287/985/247 288/986/247 304/987/247 303/988/247
f 288/989/248 289/990/248 305/991/248 304/992/248
f 20/993/249 290/994/249 306/995/249 18/996/249
f 290/997/250 291/998/250 307/999/250 306/1000/250
f 291/1001/251 292/1002/251 308/1003/251 307/1004/251
f 292/1005/252 293/1006/252 309/1007/252 308/1008/252
f 293/1009/253 294/1010/253 310/1011/253 309/1012/253
f 294/1013/254 295/1014/254 311/1015/254 310/1016/254
f 295/1017/255 296/1018/255 312/1019/255 311/1020/255
f 296/1021/256 297/1022/256 313/1023/256 312/1024/256
f 297/1025/257 298/1026/257 314/1027/257 313/1028/257
f 298/1029/258 299/1030/258 315/1031/258 314/1032/258
f 299/1033/259 300/1034/259 316/1035/259 315/1036/259
f 300/1037/260 301/1038/260 317/1039/260 316/1040/260
f 301/1041/261 302/1042/261 318/1043/261 317/1044/261
f 302/1045/262 303/1046/262 319/1047/262 318/1048/262
f 303/1049/263 304/1050/263 320/1051/263 319/1052/263
f 304/1053/264 305/1054/264 321/1055/264 320/1056/264
f 18/1057/265 306/1058/265 322/1059/265 3/1060/265
f 306/1061/266 307/1062/266 323/1063/266 322/1064/266
f 307/1065/267 308/1066/267 324/1067/267 323/1068/267
f 308/1069/268 309/1070/268 325/1071/268 324/1072/268
f 309/1073/269 310/1074/269 326/1075/269 325/1076/269
f 310/1077/270 311/1078/270 327/1079/270 326/1080/270
f 311/1081/271 312/1082/271 328/1083/271 327/1084/271
f 312/1085/272 313/1086/272 329/1087/272 328/1088/272
f 313/1089/273 314/1090/273 330/1091/273 329/1092/273
f 314/1093/274 315/1094/274 331/1095/274 330/1096/274
f 315/1097/275 316/1098/275 332/1099/275 331/1100/275
f 316/1101/276 317/1102/276 333/1103/276 332/1104/276
f 317/1105/277 318/1106/277 334/1107/277 333/1108/277
f 318/1109/278 319/1110/278 335/1111/278 334/1112/278
f 319/1113/279 320/1114/279 336/1115/279 335/1116/279
f 320/1117/280 321/1118/280 337/1119/280 336/1120/280
f 7/1121/281 2352/1122/281 2336/1123/281 338/1124/281
f 338/1125/282 2336/1126/282 2320/1127/282 339/1128/282
f 339/1129/283 2320/1130/283 2304/1131/283 340/1132/283
f 340/1133/284 2304/1134/284 2288/1135/284 341/1136/284
f 341/1137/285 2288/1138/285 2272/1139/285 342/1140/285
f 342/1141/286 2272/1142/286 2256/1143/286 343/1144/286
f 343/1145/287 2256/1146/287 2240/1147/287 344/1148/287
f 344/1149/288 2240/1150/288 2224/1151/288 345/1152/288
f 345/1153/289 2224/1154/289 2208/1155/289 346/1156/289
f 346/1157/290 2208/1158/290 2192/1159/290 347/1160/290
f 347/1161/291 2192/1162/291 2191/1163/291 348/1164/291
f 348/1165/292 2191/1166/292 2368/1167/292 349/1168/292
f 349/1169/293 2368/1170/293 2384/1171/293 350/1172/293
f 350/1173/294 2384/1174/294 2400/1175/294 351/1176/294
f 351/1177/295 2400/1178/295 2416/1179/295 352/1180/295
f 352/1181/296 2416/1182/296 2432/1183/296 353/1184/296
f 7/1185/297 338/1186/297 354/1187/297 112/1188/297
f 338/1189/298 339/1190/298 355/1191/298 354/1192/298
f 339/1193/299 340/1194/299 356/1195/299 355/1196/299
f 340/1197/300 341/1198/300 357/1199/300 356/1200/300
f 341/1201/301 342/1202/301 358/1203/301 357/1204/301
f 342/1205/302 343/1206/302 359/1207/302 358/1208/302
f 343/1209/303 344/1210/303 360/1211/303 359/1212/303
f 344/1213/304 345/1214/304 361/1215/304 360/1216/304
f 345/1217/305 346/1218/305 362/1219/305 361/1220/305
f 346/1221/306 347/1222/306 363/1223/306 362/1224/306
f 347/1225/307 348/1226/307 364/1227/307 363/1228/307
f 348/1229/308 349/1230/308 365/1231/308 364/1232/308
f 349/1233/309 350/1234/309 366/1235/309 365/1236/309
f 350/1237/310 351/1238/310 367/1239/310 366/1240/310
f 351/1241/311 352/1242/311 368/1243/311 367/1244/311
f 352/1245/312 353/1246/312 369/1247/312 368/1248/312
f 112/1249/313 354/1250/313 370/1251/313 110/1252/313
f 354/1253/314 355/1254/314 371/1255/314 370/1256/314
f 355/1257/315 356/1258/315 372/1259/315 371/1260/315
f 356/1261/316 357/1262/316 373/1263/316 372/1264/316
f 357/1265/317 358/1266/317 374/1267/317 373/1268/317
f 358/1269/318 359/1270/318 375/1271/318 374/1272/318
f 359/1273/319 360/1274/319 376/1275/319 375/1276/319
f 360/1277/320 361/1278/320 377/1279/320 376/1280/320
f 361/1281/321 362/1282/321 378/1283/321 377/1284/321
f 362/1285/322 363/1286/322 379/1287/322 378/1288/322
f 363/1289/323 364/1290/323 380/1291/323 379/1292/323
f 364/1293/324 365/1294/324 381/1295/324 380/1296/324
f 365/1297/325 366/1298/325 382/1299/325 381/1300/325
f 366/1301/326 367/1302/326 383/1303/326 382/1304/326
f 367/1305/327 368/1306/327 384/1307/327 383/1308/327
f 368/1309/328 369/1310/328 385/1311/328 384/1312/328
f 110/1313/329 370/1314/329 386/1315/329 108/1316/329
f 370/1317/330 371/1318/330 387/1319/330 386/1320/330
f 371/1321/331 372/1322/331 388/1323/331 387/1324/331
f 372/1325/332 373/1326/332 389/1327/332 388/1328/332
f 373/1329/333 374/1330/333 390/1331/333 389/1332/333
f 374/1333/334 375/1334/334 391/1335/334 390/1336/334
f 375/1337/335 376/1338/335 392/1339/335 391/1340/335
f 376/1341/336 377/1342/336 393/1343/336 392/1344/336
f 377/1345/337 378/1346/337 394/1347/337 393/1348/337
f 378/1349/338 379/1350/338 395/1351/338 394/1352/338
f 379/1353/339 380/1354/339 396/1355/339 395/1356/339
f 380/1357/340 381/1358/340 397/1359/340 396/1360/340
f 381/1361/341 382/1362/341 398/1363/341 397/1364/341
f 382/1365/342 383/1366/342 399/1367/342 398/1368/342
f 383/1369/343 384/1370/343 400/1371/343 399/1372/343
f 384/1373/344 385/1374/344 401/1375/344 400/1376/344
f 108/1377/345 386/1378/345 402/1379/345 106/1380/345
f 386/1381/346 387/1382/346 403/1383/346 402/1384/346
f 387/1385/347 388/1386/347 404/1387/347 403/1388/347
f 388/1389/348 389/1390/348 405/1391/348 404/1392/348
f 389/1393/349 390/1394/349 406/1395/349 405/1396/349
f 390/1397/350 391/1398/350 407/1399/350 406/1400/350
f 391/1401/351 392/1402/351 408/1403/351 407/1404/351
f 392/1405/352 393/1406/352 409/1407/352 408/1408/352
f 393/1409/353 394/1410/353 410/1411/353 409/1412/353
f 394/1413/354 395/1414/354 411/1415/354 410/1416/354
f 395/1417/355 396/1418/355 412/1419/355 411/1420/355
f 396/1421/356 397/1422/356 413/1423/356 412/1424/356
f 397/1425/357 398/1426/357 414/1427/357 413/1428/357
f 398/1429/358 399/1430/358 415/1431/358 414/1432/358
f 399/1433/359 400/1434/359 416/1435/359 415/1436/359
f 400/1437/360 401/1438/360 417/1439/360 416/1440/360
f 106/1441/361 402/1442/361 418/1443/361 104/1444/361
f 402/1445/362 403/1446/362 419/1447/362 418/1448/362
f 403/1449/363 404/1450/363 420/1451/363 419/1452/363
f 404/1453/364 405/1454/364 421/1455/364 420/1456/364
f 405/1457/365 406/1458/365 422/1459/365 421/1460/365
f 406/1461/366 407/1462/366 423/1463/366 422/1464/366
f 407/1465/367 408/1466/367 424/1467/367 423/1468/367
f 408/1469/368 409/1470/368 425/1471/368 424/1472/368
f 409/1473/369 410/1474/369 426/1475/369 425/1476/369
f 410/1477/370 411/1478/370 427/1479/370 426/1480/370
f 411/1481/371 412/1482/371 428/1483/371 427/1484/371
f 412/1485/372 413/1486/372 429/1487/372 428/1488/372
f 413/1489/373 414/1490/373 430/1491/373 429/1492/373
f 414/1493/374 415/1494/374 431/1495/374 430/1496/374
f 415/1497/375 416/1498/375 432/1499/375 431/1500/375
f 416/1501/376 417/1502/376 433/1503/376 432/1504/376
f 104/1505/377 418/1506/377 434/1507/377 102/1508/377
f 418/1509/378 419/1510/378 435/1511/378 434/1512/378
f 419/1513/379 420/1514/379 436/1515/379 435/1516/379
f 420/1517/380 421/1518/380 437/1519/380 436/1520/380
f 421/1521/381 422/1522/381 438/1523/381 437/1524/381
f 422/1525/382 423/1526/382 439/1527/382 438/1528/382
f 423/1529/383 424/1530/383 440/1531/383 439/1532/383
f 424/1533/384 425/1534/384 441/1535/384 440/1536/384
f 425/1537/385 426/1538/385 442/1539/385 441/1540/385
f 426/1541/386 427/1542/386 443/1543/386 442/1544/386
f 427/1545/387 428/1546/387 444/1547/387 443/1548/387
f 428/1549/388 429/1550/388 445/1551/388 444/1552/388
f 429/1553/389 430/1554/389 446/1555/389 445/1556/389
f 430/1557/390 431/1558/390 447/1559/390 446/1560/390
f 431/1561/391 432/1562/391 448/1563/391 447/1564/391
f 432/1565/392 433/1566/392 449/1567/392 448/1568/392
f 102/1569/393 434/1570/393 450/1571/393 100/1572/393
f 434/1573/394 435/1574/394 451/1575/394 450/1576/394
f 435/1577/395 436/1578/395 452/1579/395 451/1580/395
f 436/1581/396 437/1582/396 453/1583/396 452/1584/396
f 437/1585/397 438/1586/397 454/1587/397 453/1588/397
f 438/1589/398 439/1590/398 455/1591/398 454/1592/398
f 439/1593/399 440/1594/399 456/1595/399 455/1596/399
f 440/1597/400 441/1598/400 457/1599/400 456/1600/400
f 441/1601/401 442/1602/401 458/1603/401 457/1604/401
f 442/1605/402 443/1606/402 459/1607/402 458/1608/402
f 443/1609/403 444/1610/403 460/1611/403 459/1612/403
f 444/1613/404 445/1614/404 461/1615/404 460/1616/404
f 445/1617/405 446/1618/405 462/1619/405 461/1620/405
f 446/1621/406 447/1622/406 463/1623/406 462/1624/406
f 447/1625/407 448/1626/407 464/1627/407 463/1628/407
f 448/1629/408 449/1630/408 465/1631/408 464/1632/408
f 100/1633/409 450/1634/409 466/1635/409 98/1636/409
f 450/1637/410 451/1638/410 467/1639/410 466/1640/410
f 451/1641/411 452/1642/411 468/1643/411 467/1644/411
f 452/1645/412 453/1646/412 469/1647/412 468/1648/412
f 453/1649/413 454/1650/413 470/1651/413 469/1652/413
f 454/1653/414 455/1654/414 471/1655/414 470/1656/414
f 455/1657/415 456/1658/415 472/1659/415 471/1660/415
f 456/1661/416 457/1662/416 473/1663/416 472/1664/416
f 457/1665/417 458/1666/417 474/1667/417 473/1668/417
f 458/1669/418 459/1670/418 475/1671/418 474/1672/418
f 459/1673/419 460/1674/419 476/1675/419 475/1676/419
f 460/1677/420 461/1678/420 477/1679/420 476/1680/420
f 461/1681/421 462/1682/421 478/1683/421 477/1684/421
f 462/1685/422 463/1686/422 479/1687/422 478/1688/422
f 463/1689/423 464/1690/423 480/1691/423 479/1692/423
f 464/1693/424 465/1694/424 481/1695/424 480/1696/424
f 98/1697/425 466/1698/425 482/1699/425 96/1700/425
f 466/1701/426 467/1702/426 483/1703/426 482/1704/426
f 467/1705/427 468/1706/427 484/1707/427 483/1708/427
f 468/1709/428 469/1710/428 485/1711/428 484/1712/428
f 469/1713/429 470/1714/429 486/1715/429 485/1716/429
f 470/1717/430 471/1718/430 487/1719/430 486/1720/430
f 471/1721/431 472/1722/431 488/1723/431 487/1724/431
f 472/1725/432 473/1726/432 489/1727/432 488/1728/432
f 473/1729/433 474/1730/433 490/1731/433 489/1732/433
f 474/1733/434 475/1734/434 491/1735/434 490/1736/434
f 475/1737/435 476/1738/435 492/1739/435 491/1740/435
f 476/1741/436 477/1742/436 493/1743/436 492/1744/436
f 477/1745/437 478/1746/437 494/1747/437 493/1748/437
f 478/1749/438 479/1750/438 495/1751/438 494/1752/438
f 479/1753/439 480/1754/439 496/1755/439 495/1756/439
f 480/1757/440 481/1758/440 497/1759/440 496/1760/440
f 96/1761/441 482/1762/441 498/1763/441 94/1764/441
f 482/1765/442 483/1766/442 499/1767/442 498/1768/442
f 483/1769/443 484/1770/443 500/1771/443 499/1772/443
f 484/1773/444 485/1774/444 501/1775/444 500/1776/444
f 485/1777/445 486/1778/445 502/1779/445 501/1780/445
f 486/1781/446 487/1782/446 503/1783/446 502/1784/446
f 487/1785/447 488/1786/447 504/1787/447 503/1788/447
f 488/1789/448 489/1790/448 505/1791/448 504/1792/448
f 489/1793/449 490/1794/449 506/1795/449 505/1796/449
f 490/1797/450 491/1798/450 507/1799/450 506/1800/450
f 491/1801/451 492/1802/451 508/1803/451 507/1804/451
f 492/1805/452 493/1806/452 509/1807/452 508/1808/452
f 493/1809/453 494/1810/453 510/1811/453 509/1812/453
f 494/1813/454 495/1814/454 511/1815/454 510/1816/454
f 495/1817/455 496/1818/455 512/1819/455 511/1820/455
f 496/1821/456 497/1822/456 513/1823/456 512/1824/456
f 94/1825/457 498/1826/457 514/1827/457 92/1828/457
f 498/1829/458 499/1830/458 515/1831/458 514/1832/458
f 499/1833/459 500/1834/459 516/1835/459 515/1836/459
f 500/1837/460 501/1838/460 517/1839/460 516/1840/460
f 501/1841/461 502/1842/461 518/1843/461 517/1844/461
f 502/1845/462 503/1846/462 519/1847/462 518/1848/462
f 503/1849/463 504/1850/463 520/1851/463 519/1852/463
f 504/1853/464 505/1854/464 521/1855/464 520/1856/464
f 505/1857/465 506/1858/465 522/1859/465 521/1860/465
f 506/1861/466 507/1862/466 523/1863/466 522/1864/466
f 507/1865/467 508/1866/467 524/1867/467 523/1868/467
f 508/1869/468 509/1870/468 525/1871/468 524/1872/468
f 509/1873/469 510/1874/469 526/1875/469 525/1876/469
f 510/1877/470 511/1878/470 527/1879/470 526/1880/470
f 511/1881/471 512/1882/471 528/1883/471 527/1884/471
f 512/1885/472 513/1886/472 529/1887/472 528/1888/472
f 92/1889/473 514/1890/473 530/1891/473 90/1892/473
f 514/1893/474 515/1894/474 531/1895/474 530/1896/474
f 515/1897/475 516/1898/475 532/1899/475 531/1900/475
f 516/1901/476 517/1902/476 533/1903/476 532/1904/476
f 517/1905/477 518/1906/477 534/1907/477 533/1908/477
f 518/1909/478 519/1910/478 535/1911/478 534/1912/478
f 519/1913/479 520/1914/479 536/1915/479 535/1916/479
f 520/1917/480 521/1918/480 537/1919/480 536/1920/480
f 521/1921/481 522/1922/481 538/1923/481 537/1924/481
f 522/1925/482 523/1926/482 539/1927/482 538/1928/482
f 523/1929/483 524/1930/483 540/1931/483 539/1932/483
f 524/1933/484 525/1934/484 541/1935/484 540/1936/484
f 525/1937/485 526/1938/485 542/1939/485 541/1940/485
f 526/1941/486 527/1942/486 543/1943/486 542/1944/486
f 527/1945/487 528/1946/487 544/1947/487 543/1948/487
f 528/1949/488 529/1950/488 545/1951/488 544/1952/488
f 90/1953/489 530/1954/489 546/1955/489 88/1956/489
f 530/1957/490 531/1958/490 547/1959/490 546/1960/490
f 531/1961/491 532/1962/491 548/1963/491 547/1964/491
f 532/1965/492 533/1966/492 549/1967/492 548/1968/492
f 533/1969/493 534/1970/493 550/1971/493 549/1972/493
f 534/1973/494 535/1974/494 551/1975/494 550/1976/494
f 535/1977/495 536/1978/495 552/1979/495 551/1980/495
f 536/1981/496 537/1982/496 553/1983/496 552/1984/496
f 537/1985/497 538/1986/497 554/1987/497 553/1988/497
f 538/1989/498 539/1990/498 555/1991/498 554/1992/498
f 539/1993/499 540/1994/499 556/1995/499 555/1996/499
f 540/1997/500 541/1998/500 557/1999/500 556/2000/500
f 541/2001/501 542/2002/501 558/2003/501 557/2004/501
f 542/2005/502 543/2006/502 559/2007/502 558/2008/502
f 543/2009/503 544/2010/503 560/2011/503 559/2012/503
f 544/2013/504 545/2014/504 561/2015/504 560/2016/504
f 88/2017/505 546/2018/505 562/2019/505 86/2020/505
f 546/2021/506 547/2022/506 563/2023/506 562/2024/506
f 547/2025/507 548/2026/507 564/2027/507 563/2028/507
f 548/2029/508 549/2030/508 565/2031/508 564/2032/508
f 549/2033/509 550/2034/509 566/2035/509 565/2036/509
f 550/2037/510 551/2038/510 567/2039/510 566/2040/510
f 551/2041/511 552/2042/511 568/2043/511 567/2044/511
f 552/2045/512 553/2046/512 569/2047/512 568/2048/512
f 553/2049/513 554/2050/513 570/2051/513 569/2052/513
f 554/2053/514 555/2054/514 571/2055/514 570/2056/514
f 555/2057/515 556/2058/515 572/2059/515 571/2060/515
f 556/2061/516 557/2062/516 573/2063/516 572/2064/516
f 557/2065/517 558/2066/517 574/2067/517 573/2068/517
f 558/2069/518 559/2070/518 575/2071/518 574/2072/518
f 559/2073/519 560/2074/519 576/2075/519 575/2076/519
f 560/2077/520 561/2078/520 577/2079/520 576/2080/520
f 86/2081/521 562/2082/521 578/2083/521 84/2084/521
f 562/2085/522 563/2086/522 579/2087/522 578/2088/522
f 563/2089/523 564/2090/523 580/2091/523 579/2092/523
f 564/2093/524 565/2094/524 581/2095/524 580/2096/524
f 565/2097/525 566/2098/525 582/2099/525 581/2100/525
f 566/2101/526 567/2102/526 583/2103/526 582/2104/526
f 567/2105/527 568/2106/527 584/2107/527 583/2108/527
f 568/2109/528 569/2110/528 585/2111/528 584/2112/528
f 569/2113/529 570/2114/529 586/2115/529 585/2116/529
f 570/2117/530 571/2118/530 587/2119/530 586/2120/530
f 571/2121/531 572/2122/531 588/2123/531 587/2124/531
f 572/2125/532 573/2126/532 589/2127/532 588/2128/532
f 573/2129/533 574/2130/533 590/2131/533 589/2132/533
f 574/2133/534 575/2134/534 591/2135/534 590/2136/534
f 575/2137/535 576/2138/535 592/2139/535 591/2140/535
f 576/2141/536 577/2142/536 593/2143/536 592/2144/536
f 84/2145/537 578/2146/537 594/2147/537 82/2148/537
f 578/2149/538 579/2150/538 595/2151/538 594/2152/538
f 579/2153/539 580/2154/539 596/2155/539 595/2156/539
f 580/2157/540 581/2158/540 597/2159/540 596/2160/540
f 581/2161/541 582/2162/541 598/2163/541 597/2164/541
f 582/2165/542 583/2166/542 599/2167/542 598/2168/542
f 583/2169/543 584/2170/543 600/2171/543 599/2172/543
f 584/2173/544 585/2174/544 601/2175/544 600/2176/544
f 585/2177/545 586/2178/545 602/2179/545 601/2180/545
f 586/2181/546 587/2182/546 603/2183/546 602/2184/546
f 587/2185/547 588/2186/547 604/2187/547 603/2188/547
f 588/2189/548 589/2190/548 605/2191/548 604/2192/548
f 589/2193/549 590/2194/549 606/2195/549 605/2196/549
f 590/2197/550 591/2198/550 607/2199/550 606/2200/550
f 591/2201/551 592/2202/551 608/2203/551 607/2204/551
f 592/2205/552 593/2206/552 609/2207/552 608/2208/552
f 82/2209/553 594/2210/553 610/2211/553 14/2212/553
f 594/2213/554 595/2214/554 611/2215/554 610/2216/554
f 595/2217/555 596/2218/555 612/2219/555 611/2220/555
f 596/2221/556 597/2222/556 613/2223/556 612/2224/556
f 597/2225/557 598/2226/557 614/2227/557 613/2228/557
f 598/2229/558 599/2230/558 615/2231/558 614/2232/558
f 599/2233/559 600/2234/559 616/2235/559 615/2236/559
f 600/2237/560 601/2238/560 617/2239/560 616/2240/560
f 601/2241/561 602/2242/561 618/2243/561 617/2244/561
f 602/2245/562 603/2246/562 619/2247/562 618/2248/562
f 603/2249/563 604/2250/563 620/2251/563 619/2252/563
f 604/2253/564 605/2254/564 621/2255/564 620/2256/564
f 605/2257/565 606/2258/565 622/2259/565 621/2260/565
f 606/2261/566 607/2262/566 623/2263/566 622/2264/566
f 607/2265/567 608/2266/567 624/2267/567 623/2268/567
f 608/2269/568 609/2270/568 625/2271/568 624/2272/568
f 40/2273/569 626/2274/569 146/2275/569 38/2276/569
f 626/2277/570 627/2278/570 148/2279/570 146/2280/570
f 627/2281/571 628/2282/571 150/2283/571 148/2284/571
f 628/2285/572 629/2286/572 152/2287/572 150/2288/572
f 629/2289/573 630/2290/573 154/2291/573 152/2292/573
f 630/2293/574 631/2294/574 156/2295/574 154/2296/574
f 631/2297/575 632/2298/575 158/2299/575 156/2300/575
f 632/2301/576 633/2302/576 160/2303/576 158/2304/576
f 633/2305/577 634/2306/577 162/2307/577 160/2308/577
f 634/2309/578 635/2310/578 164/2311/578 162/2312/578
f 635/2313/579 636/2314/579 166/2315/579 164/2316/579
f 636/2317/580 637/2318/580 168/2319/580 166/2320/580
f 637/2321/581 638/2322/581 170/2323/581 168/2324/581
f 638/2325/582 639/2326/582 172/2327/582 170/2328/582
f 639/2329/583 640/2330/583 174/2331/583 172/2332/583
f 640/2333/584 641/2334/584 176/2335/584 174/2336/584
f 42/2337/585 642/2338/585 626/2339/585 40/2340/585
f 642/2341/586 643/2342/586 627/2343/586 626/2344/586
f 643/2345/587 644/2346/587 628/2347/587 627/2348/587
f 644/2349/588 645/2350/588 629/2351/588 628/2352/588
f 645/2353/589 646/2354/589 630/2355/589 629/2356/589
f 646/2357/590 647/2358/590 631/2359/590 630/2360/590
f 647/2361/591 648/2362/591 632/2363/591 631/2364/591
f 648/2365/592 649/2366/592 633/2367/592 632/2368/592
f 649/2369/593 650/2370/593 634/2371/593 633/2372/593
f 650/2373/594 651/2374/594 635/2375/594 634/2376/594
f 651/2377/595 652/2378/595 636/2379/595 635/2380/595
f 652/2381/596 653/2382/596 637/2383/596 636/2384/596
f 653/2385/597 654/2386/597 638/2387/597 637/2388/597
f 654/2389/598 655/2390/598 639/2391/598 638/2392/598
f 655/2393/599 656/2394/599 640/2395/599 639/2396/599
f 656/2397/600 657/2398/600 641/2399/600 640/2400/600
f 44/2401/601 658/2402/601 642/2403/601 42/2404/601
f 658/2405/602 659/2406/602 643/2407/602 642/2408/602
f 659/2409/603 660/2410/603 644/2411/603 643/2412/603
f 660/2413/604 661/2414/604 645/2415/604 644/2416/604
f 661/2417/605 662/2418/605 646/2419/605 645/2420/605
f 662/2421/606 663/2422/606 647/2423/606 646/2424/606
f 663/2425/607 664/2426/607 648/2427/607 647/2428/607
f 664/2429/608 665/2430/608 649/2431/608 648/2432/608
f 665/2433/609 666/2434/609 650/2435/609 649/2436/609
f 666/2437/610 667/2438/610 651/2439/610 650/2440/610
f 667/2441/611 668/2442/611 652/2443/611 651/2444/611
f 668/2445/612 669/2446/612 653/2447/612 652/2448/612
f 669/2449/613 670/2450/613 654/2451/613 653/2452/613
f 670/2453/614 671/2454/614 655/2455/614 654/2456/614
f 671/2457/615 672/2458/615 656/2459/615 655/2460/615
f 672/2461/616 673/2462/616 657/2463/616 656/2464/616
f 46/2465/617 674/2466/617 658/2467/617 44/2468/617
f 674/2469/618 675/2470/618 659/2471/618 658/2472/618
f 675/2473/619 676/2474/619 660/2475/619 659/2476/619
f 676/2477/620 677/2478/620 661/2479/620 660/2480/620
f 677/2481/621 678/2482/621 662/2483/621 661/2484/621
f 678/2485/622 679/2486/622 663/2487/622 662/2488/622
f 679/2489/623 680/2490/623 664/2491/623 663/2492/623
f 680/2493/624 681/2494/624 665/2495/624 664/2496/624
f 681/2497/625 682/2498/625 666/2499/625 665/2500/625
f 682/2501/626 683/2502/626 667/2503/626 666/2504/626
f 683/2505/627 684/2506/627 668/2507/627 667/2508/627
f 684/2509/628 685/2510/628 669/2511/628 668/2512/628
f 685/2513/629 686/2514/629 670/2515/629 669/2516/629
f 686/2517/630 687/2518/630 671/2519/630 670/2520/630
f 687/2521/631 688/2522/631 672/2523/631 671/2524/631
f 688/2525/632 689/2526/632 673/2527/632 672/2528/632
f 48/2529/633 690/2530/633 674/2531/633 46/2532/633
f 690/2533/634 691/2534/634 675/2535/634 674/2536/634
f 691/2537/635 692/2538/635 676/2539/635 675/2540/635
f 692/2541/636 693/2542/636 677/2543/636 676/2544/636
f 693/2545/637 694/2546/637 678/2547/637 677/2548/637
f 694/2549/638 695/2550/638 679/2551/638 678/2552/638
f 695/2553/639 696/2554/639 680/2555/639 679/2556/639
f 696/2557/640 697/2558/640 681/2559/640 680/2560/640
f 697/2561/641 698/2562/641 682/2563/641 681/2564/641
f 698/2565/642 699/2566/642 683/2567/642 682/2568/642
f 699/2569/643 700/2570/643 684/2571/643 683/2572/643
f 700/2573/644 701/2574/644 685/2575/644 684/2576/644
f 701/2577/645 702/2578/645 686/2579/645 685/2580/645
f 702/2581/646 703/2582/646 687/2583/646 686/2584/646
f 703/2585/647 704/2586/647 688/2587/647 687/2588/647
f 704/2589/648 705/2590/648 689/2591/648 688/2592/648
f 4/2593/649 706/2594/649 690/2595/649 48/2596/649
f 706/2597/650 707/2598/650 691/2599/650 690/2600/650
f 707/2601/651 708/2602/651 692/2603/651 691/2604/651
f 708/2605/652 709/2606/652 693/2607/652 692/2608/652
f 709/2609/653 710/2610/653 694/2611/653 693/2612/653
f 710/2613/654 711/2614/654 695/2615/654 694/2616/654
f 711/2617/655 712/2618/655 696/2619/655 695/2620/655
f 712/2621/656 713/2622/656 697/2623/656 696/2624/656
f 713/2625/657 714/2626/657 698/2627/657 697/2628/657
f 714/2629/658 715/2630/658 699/2631/658 698/2632/658
f 715/2633/659 716/2634/659 700/2635/659 699/2636/659
f 716/2637/660 717/2638/660 701/2639/660 700/2640/660
f 717/2641/661 718/2642/661 702/2643/661 701/2644/661
f 718/2645/662 719/2646/662 703/2647/662 702/2648/662
f 719/2649/663 720/2650/663 704/2651/663 703/2652/663
f 720/2653/664 721/2654/664 705/2655/664 704/2656/664
f 71/2657/665 722/2658/665 723/2659/665 70/2660/665
f 722/2661/666 724/2662/666 725/2663/666 723/2664/666
f 724/2665/667 726/2666/667 727/2667/667 725/2668/667
f 726/2669/668 728/2670/668 729/2671/668 727/2672/668
f 728/2673/669 730/2674/669 731/2675/669 729/2676/669
f 730/2677/670 732/2678/670 733/2679/670 731/2680/670
f 732/2681/671 734/2682/671 735/2683/671 733/2684/671
f 734/2685/672 736/2686/672 737/2687/672 735/2688/672
f 736/2689/673 738/2690/673 739/2691/673 737/2692/673
f 738/2693/674 740/2694/674 741/2695/674 739/2696/674
f 740/2697/675 742/2698/675 743/2699/675 741/2700/675
f 742/2701/676 744/2702/676 745/2703/676 743/2704/676
f 744/2705/677 746/2706/677 747/2707/677 745/2708/677
f 746/2709/678 748/2710/678 749/2711/678 747/2712/678
f 748/2713/679 750/2714/679 751/2715/679 749/2716/679
f 750/2717/680 752/2718/680 753/2719/680 751/2720/680
f 70/2721/681 723/2722/681 754/2723/681 69/2724/681
f 723/2725/682 725/2726/682 755/2727/682 754/2728/682
f 725/2729/683 727/2730/683 756/2731/683 755/2732/683
f 727/2733/684 729/2734/684 757/2735/684 756/2736/684
f 729/2737/685 731/2738/685 758/2739/685 757/2740/685
f 731/2741/686 733/2742/686 759/2743/686 758/2744/686
f 733/2745/687 735/2746/687 760/2747/687 759/2748/687
f 735/2749/688 737/2750/688 761/2751/688 760/2752/688
f 737/2753/689 739/2754/689 762/2755/689 761/2756/689
f 739/2757/690 741/2758/690 763/2759/690 762/2760/690
f 741/2761/691 743/2762/691 764/2763/691 763/2764/691
f 743/2765/692 745/2766/692 765/2767/692 764/2768/692
f 745/2769/693 747/2770/693 766/2771/693 765/2772/693
f 747/2773/694 749/2774/694 767/2775/694 766/2776/694
f 749/2777/695 751/2778/695 768/2779/695 767/2780/695
f 751/2781/696 753/2782/696 769/2783/696 768/2784/696
f 69/2785/697 754/2786/697 770/2787/697 68/2788/697
f 754/2789/698 755/2790/698 771/2791/698 770/2792/698
f 755/2793/699 756/2794/699 772/2795/699 771/2796/699
f 756/2797/700 757/2798/700 773/2799/700 772/2800/700
f 757/2801/701 758/2802/701 774/2803/701 773/2804/701
f 758/2805/702 759/2806/702 775/2807/702 774/2808/702
f 759/2809/703 760/2810/703 776/2811/703 775/2812/703
f 760/2813/704 761/2814/704 777/2815/704 776/2816/704
f 761/2817/705 762/2818/705 778/2819/705 777/2820/705
f 762/2821/706 763/2822/706 779/2823/706 778/2824/706
f 763/2825/707 764/2826/707 780/2827/707 779/2828/707
f 764/2829/708 765/2830/708 781/2831/708 780/2832/708
f 765/2833/709 766/2834/709 1/2835/709 781/2836/709
f 766/2837/710 767/2838/710 782/2839/710 1/2840/710
f 767/2841/711 768/2842/711 783/2843/711 782/2844/711
f 768/2845/712 769/2846/712 784/2847/712 783/2848/712
f 68/2849/713 770/2850/713 785/2851/713 67/2852/713
f 770/2853/714 771/2854/714 786/2855/714 785/2856/714
f 771/2857/715 772/2858/715 787/2859/715 786/2860/715
f 772/2861/716 773/2862/716 788/2863/716 787/2864/716
f 773/2865/717 774/2866/717 789/2867/717 788/2868/717
f 774/2869/718 775/2870/718 790/2871/718 789/2872/718
f 775/2873/719 776/2874/719 791/2875/719 790/2876/719
f 776/2877/720 777/2878/720 792/2879/720 791/2880/720
f 777/2881/721 778/2882/721 793/2883/721 792/2884/721
f 778/2885/722 779/2886/722 794/2887/722 793/2888/722
f 779/2889/723 780/2890/723 795/2891/723 794/2892/723
f 780/2893/724 781/2894/724 796/2895/724 795/2896/724
f 781/2897/725 1/2898/725 797/2899/725 796/2900/725
f 1/2901/726 782/2902/726 798/2903/726 797/2904/726
f 782/2905/727 783/2906/727 799/2907/727 798/2908/727
f 783/2909/728 784/2910/728 800/2911/728 799/2912/728
f 67/2913/729 785/2914/729 801/2915/729 66/2916/729
f 785/2917/730 786/2918/730 802/2919/730 801/2920/730
f 786/2921/731 787/2922/731 803/2923/731 802/2924/731
f 787/2925/732 788/2926/732 804/2927/732 803/2928/732
f 788/2929/733 789/2930/733 805/2931/733 804/2932/733
f 789/2933/734 790/2934/734 806/2935/734 805/2936/734
f 790/2937/735 791/2938/735 807/2939/735 806/2940/735
f 791/2941/736 792/2942/736 808/2943/736 807/2944/736
f 792/2945/737 793/2946/737 809/2947/737 808/2948/737
f 793/2949/738 794/2950/738 810/2951/738 809/2952/738
f 794/2953/739 795/2954/739 811/2955/739 810/2956/739
f 795/2957/740 796/2958/740 812/2959/740 811/2960/740
f 796/2961/741 797/2962/741 813/2963/741 812/2964/741
f 797/2965/742 798/2966/742 814/2967/742 813/2968/742
f 798/2969/743 799/2970/743 815/2971/743 814/2972/743
f 799/2973/744 800/2974/744 816/2975/744 815/2976/744
f 66/2977/745 801/2978/745 817/2979/745 8/2980/745
f 801/2981/746 802/2982/746 818/2983/746 817/2984/746
f 802/2985/747 803/2986/747 819/2987/747 818/2988/747
f 803/2989/748 804/2990/748 820/2991/748 819/2992/748
f 804/2993/749 805/2994/749 821/2995/749 820/2996/749
f 805/2997/750 806/2998/750 822/2999/750 821/3000/750
f 806/3001/751 807/3002/751 823/3003/751 822/3004/751
f 807/3005/752 808/3006/752 824/3007/752 823/3008/752
f 808/3009/753 809/3010/753 825/3011/753 824/3012/753
f 809/3013/754 810/3014/754 826/3015/754 825/3016/754
f 810/3017/755 811/3018/755 827/3019/755 826/3020/755
f 811/3021/756 812/3022/756 828/3023/756 827/3024/756
f 812/3025/757 813/3026/757 829/3027/757 828/3028/757
f 813/3029/758 814/3030/758 830/3031/758 829/3032/758
f 814/3033/759 815/3034/759 831/3035/759 830/3036/759
f 815/3037/760 816/3038/760 832/3039/760 831/3040/760
f 11/3041/761 1968/3042/761 1952/3043/761 833/3044/761
f 833/3045/762 1952/3046/762 1936/3047/762 834/3048/762
f 834/3049/763 1936/3050/763 1920/3051/763 835/3052/763
f 835/3053/764 1920/3054/764 1904/3055/764 836/3056/764
f 836/3057/765 1904/3058/765 1903/3059/765 837/3060/765
f 837/3061/766 1903/3062/766 1984/3063/766 838/3064/766
f 838/3065/767 1984/3066/767 2000/3067/767 839/3068/767
f 839/3069/768 2000/3070/768 2016/3071/768 840/3072/768
f 840/3073/769 2016/3074/769 2032/3075/769 841/3076/769
f 841/3077/770 2032/3078/770 2048/3079/770 842/3080/770
f 842/3081/771 2048/3082/771 2064/3083/771 843/3084/771
f 843/3085/772 2064/3086/772 2080/3087/772 844/3088/772
f 844/3089/773 2080/3090/773 2096/3091/773 845/3092/773
f 845/3093/774 2096/3094/774 2112/3095/774 846/3096/774
f 846/3097/775 2112/3098/775 2128/3099/775 847/3100/775
f 847/3101/776 2128/3102/776 2144/3103/776 848/3104/776
f 11/3105/777 833/3106/777 849/3107/777 145/3108/777
f 833/3109/778 834/3110/778 850/3111/778 849/3112/778
f 834/3113/779 835/3114/779 851/3115/779 850/3116/779
f 835/3117/780 836/3118/780 852/3119/780 851/3120/780
f 836/3121/781 837/3122/781 853/3123/781 852/3124/781
f 837/3125/782 838/3126/782 854/3127/782 853/3128/782
f 838/3129/783 839/3130/783 855/3131/783 854/3132/783
f 839/3133/784 840/3134/784 856/3135/784 855/3136/784
f 840/3137/785 841/3138/785 857/3139/785 856/3140/785
f 841/3141/786 842/3142/786 858/3143/786 857/3144/786
f 842/3145/787 843/3146/787 859/3147/787 858/3148/787
f 843/3149/788 844/3150/788 860/3151/788 859/3152/788
f 844/3153/789 845/3154/789 861/3155/789 860/3156/789
f 845/3157/790 846/3158/790 862/3159/790 861/3160/790
f 846/3161/791 847/3162/791 863/3163/791 862/3164/791
f 847/3165/792 848/3166/792 864/3167/792 863/3168/792
f 145/3169/793 849/3170/793 865/3171/793 144/3172/793
f 849/3173/794 850/3174/794 866/3175/794 865/3176/794
f 850/3177/795 851/3178/795 867/3179/795 866/3180/795
f 851/3181/796 852/3182/796 868/3183/796 867/3184/796
f 852/3185/797 853/3186/797 869/3187/797 868/3188/797
f 853/3189/798 854/3190/798 870/3191/798 869/3192/798
f 854/3193/799 855/3194/799 871/3195/799 870/3196/799
f 855/3197/800 856/3198/800 872/3199/800 871/3200/800
f 856/3201/801 857/3202/801 873/3203/801 872/3204/801
f 857/3205/802 858/3206/802 874/3207/802 873/3208/802
f 858/3209/803 859/3210/803 875/3211/803 874/3212/803
f 859/3213/804 860/3214/804 876/3215/804 875/3216/804
f 860/3217/805 861/3218/805 877/3219/805 876/3220/805
f 861/3221/806 862/3222/806 878/3223/806 877/3224/806
f 862/3225/807 863/3226/807 879/3227/807 878/3228/807
f 863/3229/808 864/3230/808 880/3231/808 879/3232/808
f 144/3233/809 865/3234/809 881/3235/809 143/3236/809
f 865/3237/810 866/3238/810 882/3239/810 881/3240/810
f 866/3241/811 867/3242/811 883/3243/811 882/3244/811
f 867/3245/812 868/3246/812 884/3247/812 883/3248/812
f 868/3249/813 869/3250/813 885/3251/813 884/3252/813
f 869/3253/814 870/3254/814 886/3255/814 885/3256/814
f 870/3257/815 871/3258/815 887/3259/815 886/3260/815
f 871/3261/816 872/3262/816 888/3263/816 887/3264/816
f 872/3265/817 873/3266/817 889/3267/817 888/3268/817
f 873/3269/818 874/3270/818 890/3271/818 889/3272/818
f 874/3273/819 875/3274/819 891/3275/819 890/3276/819
f 875/3277/820 876/3278/820 892/3279/820 891/3280/820
f 876/3281/821 877/3282/821 893/3283/821 892/3284/821
f 877/3285/822 878/3286/822 894/3287/822 893/3288/822
f 878/3289/823 879/3290/823 895/3291/823 894/3292/823
f 879/3293/824 880/3294/824 896/3295/824 895/3296/824
f 143/3297/825 881/3298/825 897/3299/825 142/3300/825
f 881/3301/826 882/3302/826 898/3303/826 897/3304/826
f 882/3305/827 883/3306/827 899/3307/827 898/3308/827
f 883/3309/828 884/3310/828 900/3311/828 899/3312/828
f 884/3313/829 885/3314/829 901/3315/829 900/3316/829
f 885/3317/830 886/3318/830 902/3319/830 901/3320/830
f 886/3321/831 887/3322/831 903/3323/831 902/3324/831
f 887/3325/832 888/3326/832 904/3327/832 903/3328/832
f 888/3329/833 889/3330/833 905/3331/833 904/3332/833
f 889/3333/834 890/3334/834 906/3335/834 905/3336/834
f 890/3337/835 891/3338/835 907/3339/835 906/3340/835
f 891/3341/836 892/3342/836 908/3343/836 907/3344/836
f 892/3345/837 893/3346/837 909/3347/837 908/3348/837
f 893/3349/838 894/3350/838 910/3351/838 909/3352/838
f 894/3353/839 895/3354/839 911/3355/839 910/3356/839
f 895/3357/840 896/3358/840 912/3359/840 911/3360/840
f 142/3361/841 897/3362/841 913/3363/841 141/3364/841
f 897/3365/842 898/3366/842 914/3367/842 913/3368/842
f 898/3369/843 899/3370/843 915/3371/843 914/3372/843
f 899/3373/844 900/3374/844 916/3375/844 915/3376/844
f 900/3377/845 901/3378/845 917/3379/845 916/3380/845
f 901/3381/846 902/3382/846 918/3383/846 917/3384/846
f 902/3385/847 903/3386/847 919/3387/847 918/3388/847
f 903/3389/848 904/3390/848 920/3391/848 919/3392/848
f 904/3393/849 905/3394/849 921/3395/849 920/3396/849
f 905/3397/850 906/3398/850 922/3399/850 921/3400/850
f 906/3401/851 907/3402/851 923/3403/851 922/3404/851
f 907/3405/852 908/3406/852 924/3407/852 923/3408/852
f 908/3409/853 909/3410/853 925/3411/853 924/3412/853
f 909/3413/854 910/3414/854 926/3415/854 925/3416/854
f 910/3417/855 911/3418/855 927/3419/855 926/3420/855
f 911/3421/856 912/3422/856 928/3423/856 927/3424/856
f 141/3425/857 913/3426/857 929/3427/857 140/3428/857
f 913/3429/858 914/3430/858 930/3431/858 929/3432/858
f 914/3433/859 915/3434/859 931/3435/859 930/3436/859
f 915/3437/860 916/3438/860 932/3439/860 931/3440/860
f 916/3441/861 917/3442/861 933/3443/861 932/3444/861
f 917/3445/862 918/3446/862 934/3447/862 933/3448/862
f 918/3449/863 919/3450/863 935/3451/863 934/3452/863
f 919/3453/864 920/3454/864 936/3455/864 935/3456/864
f 920/3457/865 921/3458/865 937/3459/865 936/3460/865
f 921/3461/866 922/3462/866 938/3463/866 937/3464/866
f 922/3465/867 923/3466/867 939/3467/867 938/3468/867
f 923/3469/868 924/3470/868 940/3471/868 939/3472/868
f 924/3473/869 925/3474/869 941/3475/869 940/3476/869
f 925/3477/870 926/3478/870 942/3479/870 941/3480/870
f 926/3481/871 927/3482/871 943/3483/871 942/3484/871
f 927/3485/872 928/3486/872 944/3487/872 943/3488/872
f 140/3489/873 929/3490/873 945/3491/873 139/3492/873
f 929/3493/874 930/3494/874 946/3495/874 945/3496/874
f 930/3497/875 931/3498/875 947/3499/875 946/3500/875
f 931/3501/876 932/3502/876 948/3503/876 947/3504/876
f 932/3505/877 933/3506/877 949/3507/877 948/3508/877
f 933/3509/878 934/3510/878 950/3511/878 949/3512/878
f 934/3513/879 935/3514/879 951/3515/879 950/3516/879
f 935/3517/880 936/3518/880 952/3519/880 951/3520/880
f 936/3521/881 937/3522/881 953/3523/881 952/3524/881
f 937/3525/882 938/3526/882 954/3527/882 953/3528/882
f 938/3529/883 939/3530/883 955/3531/883 954/3532/883
f 939/3533/884 940/3534/884 956/3535/884 955/3536/884
f 940/3537/885 941/3538/885 957/3539/885 956/3540/885
f 941/3541/886 942/3542/886 958/3543/886 957/3544/886
f 942/3545/887 943/3546/887 959/3547/887 958/3548/887
f 943/3549/888 944/3550/888 960/3551/888 959/3552/888
f 139/3553/889 945/3554/889 961/3555/889 138/3556/889
f 945/3557/890 946/3558/890 962/3559/890 961/3560/890
f 946/3561/891 947/3562/891 963/3563/891 962/3564/891
f 947/3565/892 948/3566/892 964/3567/892 963/3568/892
f 948/3569/893 949/3570/893 965/3571/893 964/3572/893
f 949/3573/894 950/3574/894 966/3575/894 965/3576/894
f 950/3577/895 951/3578/895 967/3579/895 966/3580/895
f 951/3581/896 952/3582/896 968/3583/896 967/3584/896
f 952/3585/897 953/3586/897 969/3587/897 968/3588/897
f 953/3589/898 954/3590/898 970/3591/898 969/3592/898
f 954/3593/899 955/3594/899 971/3595/899 970/3596/899
f 955/3597/900 956/3598/900 972/3599/900 971/3600/900
f 956/3601/901 957/3602/901 973/3603/901 972/3604/901
f 957/3605/902 958/3606/902 974/3607/902 973/3608/902
f 958/3609/903 959/3610/903 975/3611/903 974/3612/903
f 959/3613/904 960/3614/904 976/3615/904 975/3616/904
f 138/3617/905 961/3618/905 977/3619/905 137/3620/905
f 961/3621/906 962/3622/906 978/3623/906 977/3624/906
f 962/3625/907 963/3626/907 979/3627/907 978/3628/907
f 963/3629/908 964/3630/908 980/3631/908 979/3632/908
f 964/3633/909 965/3634/909 981/3635/909 980/3636/909
f 965/3637/910 966/3638/910 982/3639/910 981/3640/910
f 966/3641/911 967/3642/911 983/3643/911 982/3644/911
f 967/3645/912 968/3646/912 984/3647/912 983/3648/912
f 968/3649/913 969/3650/913 985/3651/913 984/3652/913
f 969/3653/914 970/3654/914 986/3655/914 985/3656/914
f 970/3657/915 971/3658/915 987/3659/915 986/3660/915
f 971/3661/916 972/3662/916 988/3663/916 987/3664/916
f 972/3665/917 973/3666/917 989/3667/917 988/3668/917
f 973/3669/918 974/3670/918 990/3671/918 989/3672/918
f 974/3673/919 975/3674/919 991/3675/919 990/3676/919
f 975/3677/920 976/3678/920 992/3679/920 991/3680/920
f 137/3681/921 977/3682/921 993/3683/921 136/3684/921
f 977/3685/922 978/3686/922 994/3687/922 993/3688/922
f 978/3689/923 979/3690/923 995/3691/923 994/3692/923
f 979/3693/924 980/3694/924 996/3695/924 995/3696/924
f 980/3697/925 981/3698/925 997/3699/925 996/3700/925
f 981/3701/926 982/3702/926 998/3703/926 997/3704/926
f 982/3705/927 983/3706/927 999/3707/927 998/3708/927
f 983/3709/928 984/3710/928 1000/3711/928 999/3712/928
f 984/3713/929 985/3714/929 1001/3715/929 1000/3716/929
f 985/3717/930 986/3718/930 1002/3719/930 1001/3720/930
f 986/3721/931 987/3722/931 1003/3723/931 1002/3724/931
f 987/3725/932 988/3726/932 1004/3727/932 1003/3728/932
f 988/3729/933 989/3730/933 1005/3731/933 1004/3732/933
f 989/3733/934 990/3734/934 1006/3735/934 1005/3736/934
f 990/3737/935 991/3738/935 1007/3739/935 1006/3740/935
f 991/3741/936 992/3742/936 1008/3743/936 1007/3744/936
f 136/3745/937 993/3746/937 1009/3747/937 135/3748/937
f 993/3749/938 994/3750/938 1010/3751/938 1009/3752/938
f 994/3753/939 995/3754/939 1011/3755/939 1010/3756/939
f 995/3757/940 996/3758/940 1012/3759/940 1011/3760/940
f 996/3761/941 997/3762/941 1013/3763/941 1012/3764/941
f 997/3765/942 998/3766/942 1014/3767/942 1013/3768/942
f 998/3769/943 999/3770/943 1015/3771/943 1014/3772/943
f 999/3773/944 1000/3774/944 1016/3775/944 1015/3776/944
f 1000/3777/945 1001/3778/945 1017/3779/945 1016/3780/945
f 1001/3781/946 1002/3782/946 1018/3783/946 1017/3784/946
f 1002/3785/947 1003/3786/947 1019/3787/947 1018/3788/947
f 1003/3789/948 1004/3790/948 1020/3791/948 1019/3792/948
f 1004/3793/949 1005/3794/949 1021/3795/949 1020/3796/949
f 1005/3797/950 1006/3798/950 1022/3799/950 1021/3800/950
f 1006/3801/951 1007/3802/951 1023/3803/951 1022/3804/951
f 1007/3805/952 1008/3806/952 1024/3807/952 1023/3808/952
f 135/3809/953 1009/3810/953 1025/3811/953 134/3812/953
f 1009/3813/954 1010/3814/954 1026/3815/954 1025/3816/954
f 1010/3817/955 1011/3818/955 1027/3819/955 1026/3820/955
f 1011/3821/956 1012/3822/956 1028/3823/956 1027/3824/956
f 1012/3825/957 1013/3826/957 1029/3827/957 1028/3828/957
f 1013/3829/958 1014/3830/958 1030/3831/958 1029/3832/958
f 1014/3833/959 1015/3834/959 1031/3835/959 1030/3836/959
f 1015/3837/960 1016/3838/960 1032/3839/960 1031/3840/960
f 1016/3841/961 1017/3842/961 1033/3843/961 1032/3844/961
f 1017/3845/962 1018/3846/962 1034/3847/962 1033/3848/962
f 1018/3849/963 1019/3850/963 1035/3851/963 1034/3852/963
f 1019/3853/964 1020/3854/964 1036/3855/964 1035/3856/964
f 1020/3857/965 1021/3858/965 1037/3859/965 1036/3860/965
f 1021/3861/966 1022/3862/966 1038/3863/966 1037/3864/966
f 1022/3865/967 1023/3866/967 1039/3867/967 1038/3868/967
f 1023/3869/968 1024/3870/968 1040/3871/968 1039/3872/968
f 134/3873/969 1025/3874/969 1041/3875/969 133/3876/969
f 1025/3877/970 1026/3878/970 1042/3879/970 1041/3880/970
f 1026/3881/971 1027/3882/971 1043/3883/971 1042/3884/971
f 1027/3885/972 1028/3886/972 1044/3887/972 1043/3888/972
f 1028/3889/973 1029/3890/973 1045/3891/973 1044/3892/973
f 1029/3893/974 1030/3894/974 1046/3895/974 1045/3896/974
f 1030/3897/975 1031/3898/975 1047/3899/975 1046/3900/975
f 1031/3901/976 1032/3902/976 1048/3903/976 1047/3904/976
f 1032/3905/977 1033/3906/977 1049/3907/977 1048/3908/977
f 1033/3909/978 1034/3910/978 1050/3911/978 1049/3912/978
f 1034/3913/979 1035/3914/979 1051/3915/979 1050/3916/979
f 1035/3917/980 1036/3918/980 1052/3919/980 1051/3920/980
f 1036/3921/981 1037/3922/981 1053/3923/981 1052/3924/981
f 1037/3925/982 1038/3926/982 1054/3927/982 1053/3928/982
f 1038/3929/983 1039/3930/983 1055/3931/983 1054/3932/983
f 1039/3933/984 1040/3934/984 1056/3935/984 1055/3936/984
f 133/3937/985 1041/3938/985 1057/3939/985 132/3940/985
f 1041/3941/986 1042/3942/986 1058/3943/986 1057/3944/986
f 1042/3945/987 1043/3946/987 1059/3947/987 1058/3948/987
f 1043/3949/988 1044/3950/988 1060/3951/988 1059/3952/988
f 1044/3953/989 1045/3954/989 1061/3955/989 1060/3956/989
f 1045/3957/990 1046/3958/990 1062/3959/990 1061/3960/990
f 1046/3961/991 1047/3962/991 1063/3963/991 1062/3964/991
f 1047/3965/992 1048/3966/992 1064/3967/992 1063/3968/992
f 1048/3969/993 1049/3970/993 1065/3971/993 1064/3972/993
f 1049/3973/994 1050/3974/994 1066/3975/994 1065/3976/994
f 1050/3977/995 1051/3978/995 1067/3979/995 1066/3980/995
f 1051/3981/996 1052/3982/996 1068/3983/996 1067/3984/996
f 1052/3985/997 1053/3986/997 1069/3987/997 1068/3988/997
f 1053/3989/998 1054/3990/998 1070/3991/998 1069/3992/998
f 1054/3993/999 1055/3994/999 1071/3995/999 1070/3996/999
f 1055/3997/1000 1056/3998/1000 1072/3999/1000 1071/4000/1000
f 132/4001/1001 1057/4002/1001 1073/4003/1001 131/4004/1001
f 1057/4005/1002 1058/4006/1002 1074/4007/1002 1073/4008/1002
f 1058/4009/1003 1059/4010/1003 1075/4011/1003 1074/4012/1003
f 1059/4013/1004 1060/4014/1004 1076/4015/1004 1075/4016/1004
f 1060/4017/1005 1061/4018/1005 1077/4019/1005 1076/4020/1005
f 1061/4021/1006 1062/4022/1006 1078/4023/1006 1077/4024/1006
f 1062/4025/1007 1063/4026/1007 1079/4027/1007 1078/4028/1007
f 1063/4029/1008 1064/4030/1008 1080/4031/1008 1079/4032/1008
f 1064/4033/1009 1065/4034/1009 1081/4035/1009 1080/4036/1009
f 1065/4037/1010 1066/4038/1010 1082/4039/1010 1081/4040/1010
f 1066/4041/1011 1067/4042/1011 1083/4043/1011 1082/4044/1011
f 1067/4045/1012 1068/4046/1012 1084/4047/1012 1083/4048/1012
f 1068/4049/1013 1069/4050/1013 1085/4051/1013 1084/4052/1013
f 1069/4053/1014 1070/4054/1014 1086/4055/1014 1085/4056/1014
f 1070/4057/1015 1071/4058/1015 1087/4059/1015 1086/4060/1015
f 1071/4061/1016 1072/4062/1016 1088/4063/1016 1087/4064/1016
f 131/4065/1017 1073/4066/1017 1089/4067/1017 130/4068/1017
f 1073/4069/1018 1074/4070/1018 1090/4071/1018 1089/4072/1018
f 1074/4073/1019 1075/4074/1019 1091/4075/1019 1090/4076/1019
f 1075/4077/1020 1076/4078/1020 1092/4079/1020 1091/4080/1020
f 1076/4081/1021 1077/4082/1021 1093/4083/1021 1092/4084/1021
f 1077/4085/1022 1078/4086/1022 1094/4087/1022 1093/4088/1022
f 1078/4089/1023 1079/4090/1023 1095/4091/1023 1094/4092/1023
f 1079/4093/1024 1080/4094/1024 1096/4095/1024 1095/4096/1024
f 1080/4097/1025 1081/4098/1025 1097/4099/1025 1096/4100/1025
f 1081/4101/1026 1082/4102/1026 1098/4103/1026 1097/4104/1026
f 1082/4105/1027 1083/4106/1027 1099/4107/1027 1098/4108/1027
f 1083/4109/1028 1084/4110/1028 1100/4111/1028 1099/4112/1028
f 1084/4113/1029 1085/4114/1029 1101/4115/1029 1100/4116/1029
f 1085/4117/1030 1086/4118/1030 1102/4119/1030 1101/4120/1030
f 1086/4121/1031 1087/4122/1031 1103/4123/1031 1102/4124/1031
f 1087/4125/1032 1088/4126/1032 1104/4127/1032 1103/4128/1032
f 130/4129/1033 1089/4130/1033 1105/4131/1033 17/4132/1033
f 1089/4133/1034 1090/4134/1034 1106/4135/1034 1105/4136/1034
f 1090/4137/1035 1091/4138/1035 1107/4139/1035 1106/4140/1035
f 1091/4141/1036 1092/4142/1036 1108/4143/1036 1107/4144/1036
f 1092/4145/1037 1093/4146/1037 1109/4147/1037 1108/4148/1037
f 1093/4149/1038 1094/4150/1038 1110/4151/1038 1109/4152/1038
f 1094/4153/1039 1095/4154/1039 1111/4155/1039 1110/4156/1039
f 1095/4157/1040 1096/4158/1040 1112/4159/1040 1111/4160/1040
f 1096/4161/1041 1097/4162/1041 1113/4163/1041 1112/4164/1041
f 1097/4165/1042 1098/4166/1042 1114/4167/1042 1113/4168/1042
f 1098/4169/1043 1099/4170/1043 1115/4171/1043 1114/4172/1043
f 1099/4173/1044 1100/4174/1044 1116/4175/1044 1115/4176/1044
f 1100/4177/1045 1101/4178/1045 1117/4179/1045 1116/4180/1045
f 1101/4181/1046 1102/4182/1046 1118/4183/1046 1117/4184/1046
f 1102/4185/1047 1103/4186/1047 1119/4187/1047 1118/4188/1047
f 1103/4189/1048 1104/4190/1048 1120/4191/1048 1119/4192/1048
f 72/4193/1049 1121/4194/1049 722/4195/1049 71/4196/1049
f 1121/4197/1050 1122/4198/1050 724/4199/1050 722/4200/1050
f 1122/4201/1051 1123/4202/1051 726/4203/1051 724/4204/1051
f 1123/4205/1052 1124/4206/1052 728/4207/1052 726/4208/1052
f 1124/4209/1053 1125/4210/1053 730/4211/1053 728/4212/1053
f 1125/4213/1054 1126/4214/1054 732/4215/1054 730/4216/1054
f 1126/4217/1055 1127/4218/1055 734/4219/1055 732/4220/1055
f 1127/4221/1056 1128/4222/1056 736/4223/1056 734/4224/1056
f 1128/4225/1057 1129/4226/1057 738/4227/1057 736/4228/1057
f 1129/4229/1058 1130/4230/1058 740/4231/1058 738/4232/1058
f 1130/4233/1059 1131/4234/1059 742/4235/1059 740/4236/1059
f 1131/4237/1060 1132/4238/1060 744/4239/1060 742/4240/1060
f 1132/4241/1061 1133/4242/1061 746/4243/1061 744/4244/1061
f 1133/4245/1062 1134/4246/1062 748/4247/1062 746/4248/1062
f 1134/4249/1063 1135/4250/1063 750/4251/1063 748/4252/1063
f 1135/4253/1064 1136/4254/1064 752/4255/1064 750/4256/1064
f 73/4257/1065 1137/4258/1065 1121/4259/1065 72/4260/1065
f 1137/4261/1066 1138/4262/1066 1122/4263/1066 1121/4264/1066
f 1138/4265/1067 1139/4266/1067 1123/4267/1067 1122/4268/1067
f 1139/4269/1068 1140/4270/1068 1124/4271/1068 1123/4272/1068
f 1140/4273/1069 1141/4274/1069 1125/4275/1069 1124/4276/1069
f 1141/4277/1070 1142/4278/1070 1126/4279/1070 1125/4280/1070
f 1142/4281/1071 1143/4282/1071 1127/4283/1071 1126/4284/1071
f 1143/4285/1072 1144/4286/1072 1128/4287/1072 1127/4288/1072
f 1144/4289/1073 1145/4290/1073 1129/4291/1073 1128/4292/1073
f 1145/4293/1074 1146/4294/1074 1130/4295/1074 1129/4296/1074
f 1146/4297/1075 1147/4298/1075 1131/4299/1075 1130/4300/1075
f 1147/4301/1076 1148/4302/1076 1132/4303/1076 1131/4304/1076
f 1148/4305/1077 1149/4306/1077 1133/4307/1077 1132/4308/1077
f 1149/4309/1078 1150/4310/1078 1134/4311/1078 1133/4312/1078
f 1150/4313/1079 1151/4314/1079 1135/4315/1079 1134/4316/1079
f 1151/4317/1080 1152/4318/1080 1136/4319/1080 1135/4320/1080
f 74/4321/1081 1153/4322/1081 1137/4323/1081 73/4324/1081
f 1153/4325/1082 1154/4326/1082 1138/4327/1082 1137/4328/1082
f 1154/4329/1083 1155/4330/1083 1139/4331/1083 1138/4332/1083
f 1155/4333/1084 1156/4334/1084 1140/4335/1084 1139/4336/1084
f 1156/4337/1085 1157/4338/1085 1141/4339/1085 1140/4340/1085
f 1157/4341/1086 1158/4342/1086 1142/4343/1086 1141/4344/1086
f 1158/4345/1087 1159/4346/1087 1143/4347/1087 1142/4348/1087
f 1159/4349/1088 1160/4350/1088 1144/4351/1088 1143/4352/1088
f 1160/4353/1089 1161/4354/1089 1145/4355/1089 1144/4356/1089
f 1161/4357/1090 1162/4358/1090 1146/4359/1090 1145/4360/1090
f 1162/4361/1091 1163/4362/1091 1147/4363/1091 1146/4364/1091
f 1163/4365/1092 1164/4366/1092 1148/4367/1092 1147/4368/1092
f 1164/4369/1093 1165/4370/1093 1149/4371/1093 1148/4372/1093
f 1165/4373/1094 1166/4374/1094 1150/4375/1094 1149/4376/1094
f 1166/4377/1095 1167/4378/1095 1151/4379/1095 1150/4380/1095
f 1167/4381/1096 1168/4382/1096 1152/4383/1096 1151/4384/1096
f 75/4385/1097 1169/4386/1097 1153/4387/1097 74/4388/1097
f 1169/4389/1098 1170/4390/1098 1154/4391/1098 1153/4392/1098
f 1170/4393/1099 1171/4394/1099 1155/4395/1099 1154/4396/1099
f 1171/4397/1100 1172/4398/1100 1156/4399/1100 1155/4400/1100
f 1172/4401/1101 1173/4402/1101 1157/4403/1101 1156/4404/1101
f 1173/4405/1102 1174/4406/1102 1158/4407/1102 1157/4408/1102
f 1174/4409/1103 1175/4410/1103 1159/4411/1103 1158/4412/1103
f 1175/4413/1104 1176/4414/1104 1160/4415/1104 1159/4416/1104
f 1176/4417/1105 1177/4418/1105 1161/4419/1105 1160/4420/1105
f 1177/4421/1106 1178/4422/1106 1162/4423/1106 1161/4424/1106
f 1178/4425/1107 1179/4426/1107 1163/4427/1107 1162/4428/1107
f 1179/4429/1108 1180/4430/1108 1164/4431/1108 1163/4432/1108
f 1180/4433/1109 1181/4434/1109 1165/4435/1109 1164/4436/1109
f 1181/4437/1110 1182/4438/1110 1166/4439/1110 1165/4440/1110
f 1182/4441/1111 1183/4442/1111 1167/4443/1111 1166/4444/1111
f 1183/4445/1112 1184/4446/1112 1168/4447/1112 1167/4448/1112
f 76/4449/1113 1185/4450/1113 1169/4451/1113 75/4452/1113
f 1185/4453/1114 1186/4454/1114 1170/4455/1114 1169/4456/1114
f 1186/4457/1115 1187/4458/1115 1171/4459/1115 1170/4460/1115
f 1187/4461/1116 1188/4462/1116 1172/4463/1116 1171/4464/1116
f 1188/4465/1117 1189/4466/1117 1173/4467/1117 1172/4468/1117
f 1189/4469/1118 1190/4470/1118 1174/4471/1118 1173/4472/1118
f 1190/4473/1119 1191/4474/1119 1175/4475/1119 1174/4476/1119
f 1191/4477/1120 1192/4478/1120 1176/4479/1120 1175/4480/1120
f 1192/4481/1121 1193/4482/1121 1177/4483/1121 1176/4484/1121
f 1193/4485/1122 1194/4486/1122 1178/4487/1122 1177/4488/1122
f 1194/4489/1123 1195/4490/1123 1179/4491/1123 1178/4492/1123
f 1195/4493/1124 1196/4494/1124 1180/4495/1124 1179/4496/1124
f 1196/4497/1125 1197/4498/1125 1181/4499/1125 1180/4500/1125
f 1197/4501/1126 1198/4502/1126 1182/4503/1126 1181/4504/1126
f 1198/4505/1127 1199/4506/1127 1183/4507/1127 1182/4508/1127
f 1199/4509/1128 1200/4510/1128 1184/4511/1128 1183/4512/1128
f 77/4513/1129 1201/4514/1129 1185/4515/1129 76/4516/1129
f 1201/4517/1130 1202/4518/1130 1186/4519/1130 1185/4520/1130
f 1202/4521/1131 1203/4522/1131 1187/4523/1131 1186/4524/1131
f 1203/4525/1132 1204/4526/1132 1188/4527/1132 1187/4528/1132
f 1204/4529/1133 1205/4530/1133 1189/4531/1133 1188/4532/1133
f 1205/4533/1134 1206/4534/1134 1190/4535/1134 1189/4536/1134
f 1206/4537/1135 1207/4538/1135 1191/4539/1135 1190/4540/1135
f 1207/4541/1136 1208/4542/1136 1192/4543/1136 1191/4544/1136
f 1208/4545/1137 1209/4546/1137 1193/4547/1137 1192/4548/1137
f 1209/4549/1138 1210/4550/1138 1194/4551/1138 1193/4552/1138
f 1210/4553/1139 1211/4554/1139 1195/4555/1139 1194/4556/1139
f 1211/4557/1140 1212/4558/1140 1196/4559/1140 1195/4560/1140
f 1212/4561/1141 1213/4562/1141 1197/4563/1141 1196/4564/1141
f 1213/4565/1142 1214/4566/1142 1198/4567/1142 1197/4568/1142
f 1214/4569/1143 1215/4570/1143 1199/4571/1143 1198/4572/1143
f 1215/4573/1144 1216/4574/1144 1200/4575/1144 1199/4576/1144
f 78/4577/1145 1217/4578/1145 1201/4579/1145 77/4580/1145
f 1217/4581/1146 1218/4582/1146 1202/4583/1146 1201/4584/1146
f 1218/4585/1147 1219/4586/1147 1203/4587/1147 1202/4588/1147
f 1219/4589/1148 1220/4590/1148 1204/4591/1148 1203/4592/1148
f 1220/4593/1149 1221/4594/1149 1205/4595/1149 1204/4596/1149
f 1221/4597/1150 1222/4598/1150 1206/4599/1150 1205/4600/1150
f 1222/4601/1151 1223/4602/1151 1207/4603/1151 1206/4604/1151
f 1223/4605/1152 1224/4606/1152 1208/4607/1152 1207/4608/1152
f 1224/4609/1153 1225/4610/1153 1209/4611/1153 1208/4612/1153
f 1225/4613/1154 1226/4614/1154 1210/4615/1154 1209/4616/1154
f 1226/4617/1155 1227/4618/1155 1211/4619/1155 1210/4620/1155
f 1227/4621/1156 1228/4622/1156 1212/4623/1156 1211/4624/1156
f 1228/4625/1157 1229/4626/1157 1213/4627/1157 1212/4628/1157
f 1229/4629/1158 1230/4630/1158 1214/4631/1158 1213/4632/1158
f 1230/4633/1159 1231/4634/1159 1215/4635/1159 1214/4636/1159
f 1231/4637/1160 1232/4638/1160 1216/4639/1160 1215/4640/1160
f 79/4641/1161 1233/4642/1161 1217/4643/1161 78/4644/1161
f 1233/4645/1162 1234/4646/1162 1218/4647/1162 1217/4648/1162
f 1234/4649/1163 1235/4650/1163 1219/4651/1163 1218/4652/1163
f 1235/4653/1164 1236/4654/1164 1220/4655/1164 1219/4656/1164
f 1236/4657/1165 1237/4658/1165 1221/4659/1165 1220/4660/1165
f 1237/4661/1166 1238/4662/1166 1222/4663/1166 1221/4664/1166
f 1238/4665/1167 1239/4666/1167 1223/4667/1167 1222/4668/1167
f 1239/4669/1168 1240/4670/1168 1224/4671/1168 1223/4672/1168
f 1240/4673/1169 1241/4674/1169 1225/4675/1169 1224/4676/1169
f 1241/4677/1170 1242/4678/1170 1226/4679/1170 1225/4680/1170
f 1242/4681/1171 1243/4682/1171 1227/4683/1171 1226/4684/1171
f 1243/4685/1172 1244/4686/1172 1228/4687/1172 1227/4688/1172
f 1244/4689/1173 1245/4690/1173 1229/4691/1173 1228/4692/1173
f 1245/4693/1174 1246/4694/1174 1230/4695/1174 1229/4696/1174
f 1246/4697/1175 1247/4698/1175 1231/4699/1175 1230/4700/1175
f 1247/4701/1176 1248/4702/1176 1232/4703/1176 1231/4704/1176
f 80/4705/1177 1249/4706/1177 1233/4707/1177 79/4708/1177
f 1249/4709/1178 1250/4710/1178 1234/4711/1178 1233/4712/1178
f 1250/4713/1179 1251/4714/1179 1235/4715/1179 1234/4716/1179
f 1251/4717/1180 1252/4718/1180 1236/4719/1180 1235/4720/1180
f 1252/4721/1181 1253/4722/1181 1237/4723/1181 1236/4724/1181
f 1253/4725/1182 1254/4726/1182 1238/4727/1182 1237/4728/1182
f 1254/4729/1183 1255/4730/1183 1239/4731/1183 1238/4732/1183
f 1255/4733/1184 1256/4734/1184 1240/4735/1184 1239/4736/1184
f 1256/4737/1185 1257/4738/1185 1241/4739/1185 1240/4740/1185
f 1257/4741/1186 1258/4742/1186 1242/4743/1186 1241/4744/1186
f 1258/4745/1187 1259/4746/1187 1243/4747/1187 1242/4748/1187
f 1259/4749/1188 1260/4750/1188 1244/4751/1188 1243/4752/1188
f 1260/4753/1189 1261/4754/1189 1245/4755/1189 1244/4756/1189
f 1261/4757/1190 1262/4758/1190 1246/4759/1190 1245/4760/1190
f 1262/4761/1191 1263/4762/1191 1247/4763/1191 1246/4764/1191
f 1263/4765/1192 1264/4766/1192 1248/4767/1192 1247/4768/1192
f 81/4769/1193 1265/4770/1193 1249/4771/1193 80/4772/1193
f 1265/4773/1194 1266/4774/1194 1250/4775/1194 1249/4776/1194
f 1266/4777/1195 1267/4778/1195 1251/4779/1195 1250/4780/1195
f 1267/4781/1196 1268/4782/1196 1252/4783/1196 1251/4784/1196
f 1268/4785/1197 1269/4786/1197 1253/4787/1197 1252/4788/1197
f 1269/4789/1198 1270/4790/1198 1254/4791/1198 1253/4792/1198
f 1270/4793/1199 1271/4794/1199 1255/4795/1199 1254/4796/1199
f 1271/4797/1200 1272/4798/1200 1256/4799/1200 1255/4800/1200
f 1272/4801/1201 1273/4802/1201 1257/4803/1201 1256/4804/1201
f 1273/4805/1202 1274/4806/1202 1258/4807/1202 1257/4808/1202
f 1274/4809/1203 1275/4810/1203 1259/4811/1203 1258/4812/1203
f 1275/4813/1204 1276/4814/1204 1260/4815/1204 1259/4816/1204
f 1276/4817/1205 1277/4818/1205 1261/4819/1205 1260/4820/1205
f 1277/4821/1206 1278/4822/1206 1262/4823/1206 1261/4824/1206
f 1278/4825/1207 1279/4826/1207 1263/4827/1207 1262/4828/1207
f 1279/4829/1208 1280/4830/1208 1264/4831/1208 1263/4832/1208
f 12/4833/1209 1281/4834/1209 1265/4835/1209 81/4836/1209
f 1281/4837/1210 1282/4838/1210 1266/4839/1210 1265/4840/1210
f 1282/4841/1211 1283/4842/1211 1267/4843/1211 1266/4844/1211
f 1283/4845/1212 1284/4846/1212 1268/4847/1212 1267/4848/1212
f 1284/4849/1213 1285/4850/1213 1269/4851/1213 1268/4852/1213
f 1285/4853/1214 1286/4854/1214 1270/4855/1214 1269/4856/1214
f 1286/4857/1215 1287/4858/1215 1271/4859/1215 1270/4860/1215
f 1287/4861/1216 1288/4862/1216 1272/4863/1216 1271/4864/1216
f 1288/4865/1217 1289/4866/1217 1273/4867/1217 1272/4868/1217
f 1289/4869/1218 1290/4870/1218 1274/4871/1218 1273/4872/1218
f 1290/4873/1219 1291/4874/1219 1275/4875/1219 1274/4876/1219
f 1291/4877/1220 1292/4878/1220 1276/4879/1220 1275/4880/1220
f 1292/4881/1221 1293/4882/1221 1277/4883/1221 1276/4884/1221
f 1293/4885/1222 1294/4886/1222 1278/4887/1222 1277/4888/1222
f 1294/4889/1223 1295/4890/1223 1279/4891/1223 1278/4892/1223
f 1295/4893/1224 1296/4894/1224 1280/4895/1224 1279/4896/1224
f 65/4897/1225 1297/4898/1225 1298/4899/1225 64/4900/1225
f 1297/4901/1226 1299/4902/1226 1300/4903/1226 1298/4904/1226
f 1299/4905/1227 1301/4906/1227 1302/4907/1227 1300/4908/1227
f 1301/4909/1228 1303/4910/1228 1304/4911/1228 1302/4912/1228
f 1303/4913/1229 1305/4914/1229 1306/4915/1229 1304/4916/1229
f 1305/4917/1230 1307/4918/1230 1308/4919/1230 1306/4920/1230
f 1307/4921/1231 1309/4922/1231 1310/4923/1231 1308/4924/1231
f 1309/4925/1232 1311/4926/1232 1312/4927/1232 1310/4928/1232
f 1311/4929/1233 1313/4930/1233 1314/4931/1233 1312/4932/1233
f 1313/4933/1234 1315/4934/1234 1316/4935/1234 1314/4936/1234
f 1315/4937/1235 1317/4938/1235 1318/4939/1235 1316/4940/1235
f 1317/4941/1236 1319/4942/1236 1320/4943/1236 1318/4944/1236
f 1319/4945/1237 1321/4946/1237 1322/4947/1237 1320/4948/1237
f 1321/4949/1238 1323/4950/1238 1324/4951/1238 1322/4952/1238
f 1323/4953/1239 1325/4954/1239 1326/4955/1239 1324/4956/1239
f 1325/4957/1240 1327/4958/1240 1328/4959/1240 1326/4960/1240
f 64/4961/1241 1298/4962/1241 1329/4963/1241 63/4964/1241
f 1298/4965/1242 1300/4966/1242 1330/4967/1242 1329/4968/1242
f 1300/4969/1243 1302/4970/1243 1331/4971/1243 1330/4972/1243
f 1302/4973/1244 1304/4974/1244 1332/4975/1244 1331/4976/1244
f 1304/4977/1245 1306/4978/1245 1333/4979/1245 1332/4980/1245
f 1306/4981/1246 1308/4982/1246 1334/4983/1246 1333/4984/1246
f 1308/4985/1247 1310/4986/1247 1335/4987/1247 1334/4988/1247
f 1310/4989/1248 1312/4990/1248 1336/4991/1248 1335/4992/1248
f 1312/4993/1249 1314/4994/1249 1337/4995/1249 1336/4996/1249
f 1314/4997/1250 1316/4998/1250 1338/4999/1250 1337/5000/1250
f 1316/5001/1251 1318/5002/1251 1339/5003/1251 1338/5004/1251
f 1318/5005/1252 1320/5006/1252 1340/5007/1252 1339/5008/1252
f 1320/5009/1253 1322/5010/1253 1341/5011/1253 1340/5012/1253
f 1322/5013/1254 1324/5014/1254 1342/5015/1254 1341/5016/1254
f 1324/5017/1255 1326/5018/1255 1343/5019/1255 1342/5020/1255
f 1326/5021/1256 1328/5022/1256 1344/5023/1256 1343/5024/1256
f 63/5025/1257 1329/5026/1257 1345/5027/1257 62/5028/1257
f 1329/5029/1258 1330/5030/1258 1346/5031/1258 1345/5032/1258
f 1330/5033/1259 1331/5034/1259 1347/5035/1259 1346/5036/1259
f 1331/5037/1260 1332/5038/1260 1348/5039/1260 1347/5040/1260
f 1332/5041/1261 1333/5042/1261 1349/5043/1261 1348/5044/1261
f 1333/5045/1262 1334/5046/1262 1350/5047/1262 1349/5048/1262
f 1334/5049/1263 1335/5050/1263 1351/5051/1263 1350/5052/1263
f 1335/5053/1264 1336/5054/1264 1352/5055/1264 1351/5056/1264
f 1336/5057/1265 1337/5058/1265 1353/5059/1265 1352/5060/1265
f 1337/5061/1266 1338/5062/1266 1354/5063/1266 1353/5064/1266
f 1338/5065/1267 1339/5066/1267 1355/5067/1267 1354/5068/1267
f 1339/5069/1268 1340/5070/1268 1356/5071/1268 1355/5072/1268
f 1340/5073/1269 1341/5074/1269 1357/5075/1269 1356/5076/1269
f 1341/5077/1270 1342/5078/1270 1358/5079/1270 1357/5080/1270
f 1342/5081/1271 1343/5082/1271 1359/5083/1271 1358/5084/1271
f 1343/5085/1272 1344/5086/1272 1360/5087/1272 1359/5088/1272
f 62/5089/1273 1345/5090/1273 1361/5091/1273 61/5092/1273
f 1345/5093/1274 1346/5094/1274 1362/5095/1274 1361/5096/1274
f 1346/5097/1275 1347/5098/1275 1363/5099/1275 1362/5100/1275
f 1347/5101/1276 1348/5102/1276 1364/5103/1276 1363/5104/1276
f 1348/5105/1277 1349/5106/1277 1365/5107/1277 1364/5108/1277
f 1349/5109/1278 1350/5110/1278 1366/5111/1278 1365/5112/1278
f 1350/5113/1279 1351/5114/1279 1367/5115/1279 1366/5116/1279
f 1351/5117/1280 1352/5118/1280 1368/5119/1280 1367/5120/1280
f 1352/5121/1281 1353/5122/1281 1369/5123/1281 1368/5124/1281
f 1353/5125/1282 1354/5126/1282 1370/5127/1282 1369/5128/1282
f 1354/5129/1283 1355/5130/1283 1371/5131/1283 1370/5132/1283
f 1355/5133/1284 1356/5134/1284 1372/5135/1284 1371/5136/1284
f 1356/5137/1285 1357/5138/1285 1373/5139/1285 1372/5140/1285
f 1357/5141/1286 1358/5142/1286 1374/5143/1286 1373/5144/1286
f 1358/5145/1287 1359/5146/1287 1375/5147/1287 1374/5148/1287
f 1359/5149/1288 1360/5150/1288 1376/5151/1288 1375/5152/1288
f 61/5153/1289 1361/5154/1289 1377/5155/1289 60/5156/1289
f 1361/5157/1290 1362/5158/1290 1378/5159/1290 1377/5160/1290
f 1362/5161/1291 1363/5162/1291 1379/5163/1291 1378/5164/1291
f 1363/5165/1292 1364/5166/1292 1380/5167/1292 1379/5168/1292
f 1364/5169/1293 1365/5170/1293 1381/5171/1293 1380/5172/1293
f 1365/5173/1294 1366/5174/1294 1382/5175/1294 1381/5176/1294
f 1366/5177/1295 1367/5178/1295 1383/5179/1295 1382/5180/1295
f 1367/5181/1296 1368/5182/1296 1384/5183/1296 1383/5184/1296
f 1368/5185/1297 1369/5186/1297 1385/5187/1297 1384/5188/1297
f 1369/5189/1298 1370/5190/1298 1386/5191/1298 1385/5192/1298
f 1370/5193/1299 1371/5194/1299 1387/5195/1299 1386/5196/1299
f 1371/5197/1300 1372/5198/1300 1388/5199/1300 1387/5200/1300
f 1372/5201/1301 1373/5202/1301 1389/5203/1301 1388/5204/1301
f 1373/5205/1302 1374/5206/1302 1390/5207/1302 1389/5208/1302
f 1374/5209/1303 1375/5210/1303 1391/5211/1303 1390/5212/1303
f 1375/5213/1304 1376/5214/1304 1392/5215/1304 1391/5216/1304
f 60/5217/1305 1377/5218/1305 1393/5219/1305 59/5220/1305
f 1377/5221/1306 1378/5222/1306 1394/5223/1306 1393/5224/1306
f 1378/5225/1307 1379/5226/1307 1395/5227/1307 1394/5228/1307
f 1379/5229/1308 1380/5230/1308 1396/5231/1308 1395/5232/1308
f 1380/5233/1309 1381/5234/1309 1397/5235/1309 1396/5236/1309
f 1381/5237/1310 1382/5238/1310 1398/5239/1310 1397/5240/1310
f 1382/5241/1311 1383/5242/1311 1399/5243/1311 1398/5244/1311
f 1383/5245/1312 1384/5246/1312 1400/5247/1312 1399/5248/1312
f 1384/5249/1313 1385/5250/1313 1401/5251/1313 1400/5252/1313
f 1385/5253/1314 1386/5254/1314 1402/5255/1314 1401/5256/1314
f 1386/5257/1315 1387/5258/1315 1403/5259/1315 1402/5260/1315
f 1387/5261/1316 1388/5262/1316 1404/5263/1316 1403/5264/1316
f 1388/5265/1317 1389/5266/1317 1405/5267/1317 1404/5268/1317
f 1389/5269/1318 1390/5270/1318 1406/5271/1318 1405/5272/1318
f 1390/5273/1319 1391/5274/1319 1407/5275/1319 1406/5276/1319
f 1391/5277/1320 1392/5278/1320 1408/5279/1320 1407/5280/1320
f 59/5281/1321 1393/5282/1321 1409/5283/1321 58/5284/1321
f 1393/5285/1322 1394/5286/1322 1410/5287/1322 1409/5288/1322
f 1394/5289/1323 1395/5290/1323 1411/5291/1323 1410/5292/1323
f 1395/5293/1324 1396/5294/1324 1412/5295/1324 1411/5296/1324
f 1396/5297/1325 1397/5298/1325 1413/5299/1325 1412/5300/1325
f 1397/5301/1326 1398/5302/1326 1414/5303/1326 1413/5304/1326
f 1398/5305/1327 1399/5306/1327 1415/5307/1327 1414/5308/1327
f 1399/5309/1328 1400/5310/1328 1416/5311/1328 1415/5312/1328
f 1400/5313/1329 1401/5314/1329 1417/5315/1329 1416/5316/1329
f 1401/5317/1330 1402/5318/1330 1418/5319/1330 1417/5320/1330
f 1402/5321/1331 1403/5322/1331 1419/5323/1331 1418/5324/1331
f 1403/5325/1332 1404/5326/1332 1420/5327/1332 1419/5328/1332
f 1404/5329/1333 1405/5330/1333 1421/5331/1333 1420/5332/1333
f 1405/5333/1334 1406/5334/1334 1422/5335/1334 1421/5336/1334
f 1406/5337/1335 1407/5338/1335 1423/5339/1335 1422/5340/1335
f 1407/5341/1336 1408/5342/1336 1424/5343/1336 1423/5344/1336
f 58/5345/1337 1409/5346/1337 1425/5347/1337 57/5348/1337
f 1409/5349/1338 1410/5350/1338 1426/5351/1338 1425/5352/1338
f 1410/5353/1339 1411/5354/1339 1427/5355/1339 1426/5356/1339
f 1411/5357/1340 1412/5358/1340 1428/5359/1340 1427/5360/1340
f 1412/5361/1341 1413/5362/1341 1429/5363/1341 1428/5364/1341
f 1413/5365/1342 1414/5366/1342 1430/5367/1342 1429/5368/1342
f 1414/5369/1343 1415/5370/1343 1431/5371/1343 1430/5372/1343
f 1415/5373/1344 1416/5374/1344 1432/5375/1344 1431/5376/1344
f 1416/5377/1345 1417/5378/1345 1433/5379/1345 1432/5380/1345
f 1417/5381/1346 1418/5382/1346 1434/5383/1346 1433/5384/1346
f 1418/5385/1347 1419/5386/1347 1435/5387/1347 1434/5388/1347
f 1419/5389/1348 1420/5390/1348 1436/5391/1348 1435/5392/1348
f 1420/5393/1349 1421/5394/1349 1437/5395/1349 1436/5396/1349
f 1421/5397/1350 1422/5398/1350 1438/5399/1350 1437/5400/1350
f 1422/5401/1351 1423/5402/1351 1439/5403/1351 1438/5404/1351
f 1423/5405/1352 1424/5406/1352 1440/5407/1352 1439/5408/1352
f 57/5409/1353 1425/5410/1353 1441/5411/1353 56/5412/1353
f 1425/5413/1354 1426/5414/1354 1442/5415/1354 1441/5416/1354
f 1426/5417/1355 1427/5418/1355 1443/5419/1355 1442/5420/1355
f 1427/5421/1356 1428/5422/1356 1444/5423/1356 1443/5424/1356
f 1428/5425/1357 1429/5426/1357 1445/5427/1357 1444/5428/1357
f 1429/5429/1358 1430/5430/1358 1446/5431/1358 1445/5432/1358
f 1430/5433/1359 1431/5434/1359 1447/5435/1359 1446/5436/1359
f 1431/5437/1360 1432/5438/1360 1448/5439/1360 1447/5440/1360
f 1432/5441/1361 1433/5442/1361 1449/5443/1361 1448/5444/1361
f 1433/5445/1362 1434/5446/1362 1450/5447/1362 1449/5448/1362
f 1434/5449/1363 1435/5450/1363 1451/5451/1363 1450/5452/1363
f 1435/5453/1364 1436/5454/1364 1452/5455/1364 1451/5456/1364
f 1436/5457/1365 1437/5458/1365 1453/5459/1365 1452/5460/1365
f 1437/5461/1366 1438/5462/1366 1454/5463/1366 1453/5464/1366
f 1438/5465/1367 1439/5466/1367 1455/5467/1367 1454/5468/1367
f 1439/5469/1368 1440/5470/1368 1456/5471/1368 1455/5472/1368
f 56/5473/1369 1441/5474/1369 1457/5475/1369 55/5476/1369
f 1441/5477/1370 1442/5478/1370 1458/5479/1370 1457/5480/1370
f 1442/5481/1371 1443/5482/1371 1459/5483/1371 1458/5484/1371
f 1443/5485/1372 1444/5486/1372 1460/5487/1372 1459/5488/1372
f 1444/5489/1373 1445/5490/1373 1461/5491/1373 1460/5492/1373
f 1445/5493/1374 1446/5494/1374 1462/5495/1374 1461/5496/1374
f 1446/5497/1375 1447/5498/1375 1463/5499/1375 1462/5500/1375
f 1447/5501/1376 1448/5502/1376 1464/5503/1376 1463/5504/1376
f 1448/5505/1377 1449/5506/1377 1465/5507/1377 1464/5508/1377
f 1449/5509/1378 1450/5510/1378 1466/5511/1378 1465/5512/1378
f 1450/5513/1379 1451/5514/1379 1467/5515/1379 1466/5516/1379
f 1451/5517/1380 1452/5518/1380 1468/5519/1380 1467/5520/1380
f 1452/5521/1381 1453/5522/1381 1469/5523/1381 1468/5524/1381
f 1453/5525/1382 1454/5526/1382 1470/5527/1382 1469/5528/1382
f 1454/5529/1383 1455/5530/1383 1471/5531/1383 1470/5532/1383
f 1455/5533/1384 1456/5534/1384 1472/5535/1384 1471/5536/1384
f 55/5537/1385 1457/5538/1385 1473/5539/1385 54/5540/1385
f 1457/5541/1386 1458/5542/1386 1474/5543/1386 1473/5544/1386
f 1458/5545/1387 1459/5546/1387 1475/5547/1387 1474/5548/1387
f 1459/5549/1388 1460/5550/1388 1476/5551/1388 1475/5552/1388
f 1460/5553/1389 1461/5554/1389 1477/5555/1389 1476/5556/1389
f 1461/5557/1390 1462/5558/1390 1478/5559/1390 1477/5560/1390
f 1462/5561/1391 1463/5562/1391 1479/5563/1391 1478/5564/1391
f 1463/5565/1392 1464/5566/1392 1480/5567/1392 1479/5568/1392
f 1464/5569/1393 1465/5570/1393 1481/5571/1393 1480/5572/1393
f 1465/5573/1394 1466/5574/1394 1482/5575/1394 1481/5576/1394
f 1466/5577/1395 1467/5578/1395 1483/5579/1395 1482/5580/1395
f 1467/5581/1396 1468/5582/1396 1484/5583/1396 1483/5584/1396
f 1468/5585/1397 1469/5586/1397 1485/5587/1397 1484/5588/1397
f 1469/5589/1398 1470/5590/1398 1486/5591/1398 1485/5592/1398
f 1470/5593/1399 1471/5594/1399 1487/5595/1399 1486/5596/1399
f 1471/5597/1400 1472/5598/1400 1488/5599/1400 1487/5600/1400
f 54/5601/1401 1473/5602/1401 1489/5603/1401 53/5604/1401
f 1473/5605/1402 1474/5606/1402 1490/5607/1402 1489/5608/1402
f 1474/5609/1403 1475/5610/1403 1491/5611/1403 1490/5612/1403
f 1475/5613/1404 1476/5614/1404 1492/5615/1404 1491/5616/1404
f 1476/5617/1405 1477/5618/1405 1493/5619/1405 1492/5620/1405
f 1477/5621/1406 1478/5622/1406 1494/5623/1406 1493/5624/1406
f 1478/5625/1407 1479/5626/1407 1495/5627/1407 1494/5628/1407
f 1479/5629/1408 1480/5630/1408 1496/5631/1408 1495/5632/1408
f 1480/5633/1409 1481/5634/1409 1497/5635/1409 1496/5636/1409
f 1481/5637/1410 1482/5638/1410 1498/5639/1410 1497/5640/1410
f 1482/5641/1411 1483/5642/1411 1499/5643/1411 1498/5644/1411
f 1483/5645/1412 1484/5646/1412 1500/5647/1412 1499/5648/1412
f 1484/5649/1413 1485/5650/1413 1501/5651/1413 1500/5652/1413
f 1485/5653/1414 1486/5654/1414 1502/5655/1414 1501/5656/1414
f 1486/5657/1415 1487/5658/1415 1503/5659/1415 1502/5660/1415
f 1487/5661/1416 1488/5662/1416 1504/5663/1416 1503/5664/1416
f 53/5665/1417 1489/5666/1417 1505/5667/1417 52/5668/1417
f 1489/5669/1418 1490/5670/1418 1506/5671/1418 1505/5672/1418
f 1490/5673/1419 1491/5674/1419 1507/5675/1419 1506/5676/1419
f 1491/5677/1420 1492/5678/1420 1508/5679/1420 1507/5680/1420
f 1492/5681/1421 1493/5682/1421 1509/5683/1421 1508/5684/1421
f 1493/5685/1422 1494/5686/1422 1510/5687/1422 1509/5688/1422
f 1494/5689/1423 1495/5690/1423 1511/5691/1423 1510/5692/1423
f 1495/5693/1424 1496/5694/1424 1512/5695/1424 1511/5696/1424
f 1496/5697/1425 1497/5698/1425 1513/5699/1425 1512/5700/1425
f 1497/5701/1426 1498/5702/1426 1514/5703/1426 1513/5704/1426
f 1498/5705/1427 1499/5706/1427 1515/5707/1427 1514/5708/1427
f 1499/5709/1428 1500/5710/1428 1516/5711/1428 1515/5712/1428
f 1500/5713/1429 1501/5714/1429 1517/5715/1429 1516/5716/1429
f 1501/5717/1430 1502/5718/1430 1518/5719/1430 1517/5720/1430
f 1502/5721/1431 1503/5722/1431 1519/5723/1431 1518/5724/1431
f 1503/5725/1432 1504/5726/1432 1520/5727/1432 1519/5728/1432
f 52/5729/1433 1505/5730/1433 1521/5731/1433 51/5732/1433
f 1505/5733/1434 1506/5734/1434 1522/5735/1434 1521/5736/1434
f 1506/5737/1435 1507/5738/1435 1523/5739/1435 1522/5740/1435
f 1507/5741/1436 1508/5742/1436 1524/5743/1436 1523/5744/1436
f 1508/5745/1437 1509/5746/1437 1525/5747/1437 1524/5748/1437
f 1509/5749/1438 1510/5750/1438 1526/5751/1438 1525/5752/1438
f 1510/5753/1439 1511/5754/1439 1527/5755/1439 1526/5756/1439
f 1511/5757/1440 1512/5758/1440 1528/5759/1440 1527/5760/1440
f 1512/5761/1441 1513/5762/1441 1529/5763/1441 1528/5764/1441
f 1513/5765/1442 1514/5766/1442 1530/5767/1442 1529/5768/1442
f 1514/5769/1443 1515/5770/1443 1531/5771/1443 1530/5772/1443
f 1515/5773/1444 1516/5774/1444 1532/5775/1444 1531/5776/1444
f 1516/5777/1445 1517/5778/1445 1533/5779/1445 1532/5780/1445
f 1517/5781/1446 1518/5782/1446 1534/5783/1446 1533/5784/1446
f 1518/5785/1447 1519/5786/1447 1535/5787/1447 1534/5788/1447
f 1519/5789/1448 1520/5790/1448 1536/5791/1448 1535/5792/1448
f 51/5793/1449 1521/5794/1449 1537/5795/1449 50/5796/1449
f 1521/5797/1450 1522/5798/1450 1538/5799/1450 1537/5800/1450
f 1522/5801/1451 1523/5802/1451 1539/5803/1451 1538/5804/1451
f 1523/5805/1452 1524/5806/1452 1540/5807/1452 1539/5808/1452
f 1524/5809/1453 1525/5810/1453 1541/5811/1453 1540/5812/1453
f 1525/5813/1454 1526/5814/1454 1542/5815/1454 1541/5816/1454
f 1526/5817/1455 1527/5818/1455 1543/5819/1455 1542/5820/1455
f 1527/5821/1456 1528/5822/1456 1544/5823/1456 1543/5824/1456
f 1528/5825/1457 1529/5826/1457 1545/5827/1457 1544/5828/1457
f 1529/5829/1458 1530/5830/1458 1546/5831/1458 1545/5832/1458
f 1530/5833/1459 1531/5834/1459 1547/5835/1459 1546/5836/1459
f 1531/5837/1460 1532/5838/1460 1548/5839/1460 1547/5840/1460
f 1532/5841/1461 1533/5842/1461 1549/5843/1461 1548/5844/1461
f 1533/5845/1462 1534/5846/1462 1550/5847/1462 1549/5848/1462
f 1534/5849/1463 1535/5850/1463 1551/5851/1463 1550/5852/1463
f 1535/5853/1464 1536/5854/1464 1552/5855/1464 1551/5856/1464
f 50/5857/1465 1537/5858/1465 1553/5859/1465 9/5860/1465
f 1537/5861/1466 1538/5862/1466 1554/5863/1466 1553/5864/1466
f 1538/5865/1467 1539/5866/1467 1555/5867/1467 1554/5868/1467
f 1539/5869/1468 1540/5870/1468 1556/5871/1468 1555/5872/1468
f 1540/5873/1469 1541/5874/1469 1557/5875/1469 1556/5876/1469
f 1541/5877/1470 1542/5878/1470 1558/5879/1470 1557/5880/1470
f 1542/5881/1471 1543/5882/1471 1559/5883/1471 1558/5884/1471
f 1543/5885/1472 1544/5886/1472 1560/5887/1472 1559/5888/1472
f 1544/5889/1473 1545/5890/1473 1561/5891/1473 1560/5892/1473
f 1545/5893/1474 1546/5894/1474 1562/5895/1474 1561/5896/1474
f 1546/5897/1475 1547/5898/1475 1563/5899/1475 1562/5900/1475
f 1547/5901/1476 1548/5902/1476 1564/5903/1476 1563/5904/1476
f 1548/5905/1477 1549/5906/1477 1565/5907/1477 1564/5908/1477
f 1549/5909/1478 1550/5910/1478 1566/5911/1478 1565/5912/1478
f 1550/5913/1479 1551/5914/1479 1567/5915/1479 1566/5916/1479
f 1551/5917/1480 1552/5918/1480 1568/5919/1480 1567/5920/1480
f 13/5921/1481 1569/5922/1481 1297/5923/1481 65/5924/1481
f 1569/5925/1482 1570/5926/1482 1299/5927/1482 1297/5928/1482
f 1570/5929/1483 1571/5930/1483 1301/5931/1483 1299/5932/1483
f 1571/5933/1484 1572/5934/1484 1303/5935/1484 1301/5936/1484
f 1572/5937/1485 1573/5938/1485 1305/5939/1485 1303/5940/1485
f 1573/5941/1486 1574/5942/1486 1307/5943/1486 1305/5944/1486
f 1574/5945/1487 1575/5946/1487 1309/5947/1487 1307/5948/1487
f 1575/5949/1488 1576/5950/1488 1311/5951/1488 1309/5952/1488
f 1576/5953/1489 1577/5954/1489 1313/5955/1489 1311/5956/1489
f 1577/5957/1490 1578/5958/1490 1315/5959/1490 1313/5960/1490
f 1578/5961/1491 1579/5962/1491 1317/5963/1491 1315/5964/1491
f 1579/5965/1492 1580/5966/1492 1319/5967/1492 1317/5968/1492
f 1580/5969/1493 1581/5970/1493 1321/5971/1493 1319/5972/1493
f 1581/5973/1494 1582/5974/1494 1323/5975/1494 1321/5976/1494
f 1582/5977/1495 1583/5978/1495 1325/5979/1495 1323/5980/1495
f 1583/5981/1496 1584/5982/1496 1327/5983/1496 1325/5984/1496
f 124/5985/1497 1585/5986/1497 1586/5987/1497 123/5988/1497
f 1585/5989/1498 1587/5990/1498 1588/5991/1498 1586/5992/1498
f 1587/5993/1499 1589/5994/1499 1590/5995/1499 1588/5996/1499
f 1589/5997/1500 1591/5998/1500 1592/5999/1500 1590/6000/1500
f 1591/6001/1501 1593/6002/1501 1594/6003/1501 1592/6004/1501
f 1593/6005/1502 1595/6006/1502 1596/6007/1502 1594/6008/1502
f 1595/6009/1503 1597/6010/1503 1598/6011/1503 1596/6012/1503
f 1597/6013/1504 1599/6014/1504 1600/6015/1504 1598/6016/1504
f 1599/6017/1505 1601/6018/1505 1602/6019/1505 1600/6020/1505
f 1601/6021/1506 1603/6022/1506 1604/6023/1506 1602/6024/1506
f 1603/6025/1507 1605/6026/1507 1606/6027/1507 1604/6028/1507
f 1605/6029/1508 1607/6030/1508 1608/6031/1508 1606/6032/1508
f 1607/6033/1509 1609/6034/1509 1610/6035/1509 1608/6036/1509
f 1609/6037/1510 1611/6038/1510 1612/6039/1510 1610/6040/1510
f 1611/6041/1511 1613/6042/1511 1614/6043/1511 1612/6044/1511
f 1613/6045/1512 1615/6046/1512 1616/6047/1512 1614/6048/1512
f 123/6049/1513 1586/6050/1513 1617/6051/1513 122/6052/1513
f 1586/6053/1514 1588/6054/1514 1618/6055/1514 1617/6056/1514
f 1588/6057/1515 1590/6058/1515 1619/6059/1515 1618/6060/1515
f 1590/6061/1516 1592/6062/1516 1620/6063/1516 1619/6064/1516
f 1592/6065/1517 1594/6066/1517 1621/6067/1517 1620/6068/1517
f 1594/6069/1518 1596/6070/1518 1622/6071/1518 1621/6072/1518
f 1596/6073/1519 1598/6074/1519 1623/6075/1519 1622/6076/1519
f 1598/6077/1520 1600/6078/1520 1624/6079/1520 1623/6080/1520
f 1600/6081/1521 1602/6082/1521 1625/6083/1521 1624/6084/1521
f 1602/6085/1522 1604/6086/1522 1626/6087/1522 1625/6088/1522
f 1604/6089/1523 1606/6090/1523 1627/6091/1523 1626/6092/1523
f 1606/6093/1524 1608/6094/1524 1628/6095/1524 1627/6096/1524
f 1608/6097/1525 1610/6098/1525 1629/6099/1525 1628/6100/1525
f 1610/6101/1526 1612/6102/1526 1630/6103/1526 1629/6104/1526
f 1612/6105/1527 1614/6106/1527 1631/6107/1527 1630/6108/1527
f 1614/6109/1528 1616/6110/1528 1632/6111/1528 1631/6112/1528
f 122/6113/1529 1617/6114/1529 1633/6115/1529 121/6116/1529
f 1617/6117/1530 1618/6118/1530 1634/6119/1530 1633/6120/1530
f 1618/6121/1531 1619/6122/1531 1635/6123/1531 1634/6124/1531
f 1619/6125/1532 1620/6126/1532 1636/6127/1532 1635/6128/1532
f 1620/6129/1533 1621/6130/1533 1637/6131/1533 1636/6132/1533
f 1621/6133/1534 1622/6134/1534 1638/6135/1534 1637/6136/1534
f 1622/6137/1535 1623/6138/1535 1639/6139/1535 1638/6140/1535
f 1623/6141/1536 1624/6142/1536 1640/6143/1536 1639/6144/1536
f 1624/6145/1537 1625/6146/1537 1641/6147/1537 1640/6148/1537
f 1625/6149/1538 1626/6150/1538 1642/6151/1538 1641/6152/1538
f 1626/6153/1539 1627/6154/1539 1643/6155/1539 1642/6156/1539
f 1627/6157/1540 1628/6158/1540 1644/6159/1540 1643/6160/1540
f 1628/6161/1541 1629/6162/1541 1645/6163/1541 1644/6164/1541
f 1629/6165/1542 1630/6166/1542 1646/6167/1542 1645/6168/1542
f 1630/6169/1543 1631/6170/1543 1647/6171/1543 1646/6172/1543
f 1631/6173/1544 1632/6174/1544 1648/6175/1544 1647/6176/1544
f 121/6177/1545 1633/6178/1545 1649/6179/1545 120/6180/1545
f 1633/6181/1546 1634/6182/1546 1650/6183/1546 1649/6184/1546
f 1634/6185/1547 1635/6186/1547 1651/6187/1547 1650/6188/1547
f 1635/6189/1548 1636/6190/1548 1652/6191/1548 1651/6192/1548
f 1636/6193/1549 1637/6194/1549 1653/6195/1549 1652/6196/1549
f 1637/6197/1550 1638/6198/1550 1654/6199/1550 1653/6200/1550
f 1638/6201/1551 1639/6202/1551 1655/6203/1551 1654/6204/1551
f 1639/6205/1552 1640/6206/1552 1656/6207/1552 1655/6208/1552
f 1640/6209/1553 1641/6210/1553 1657/6211/1553 1656/6212/1553
f 1641/6213/1554 1642/6214/1554 1658/6215/1554 1657/6216/1554
f 1642/6217/1555 1643/6218/1555 1659/6219/1555 1658/6220/1555
f 1643/6221/1556 1644/6222/1556 1660/6223/1556 1659/6224/1556
f 1644/6225/1557 1645/6226/1557 1661/6227/1557 1660/6228/1557
f 1645/6229/1558 1646/6230/1558 1662/6231/1558 1661/6232/1558
f 1646/6233/1559 1647/6234/1559 1663/6235/1559 1662/6236/1559
f 1647/6237/1560 1648/6238/1560 1664/6239/1560 1663/6240/1560
f 120/6241/1561 1649/6242/1561 1665/6243/1561 119/6244/1561
f 1649/6245/1562 1650/6246/1562 1666/6247/1562 1665/6248/1562
f 1650/6249/1563 1651/6250/1563 1667/6251/1563 1666/6252/1563
f 1651/6253/1564 1652/6254/1564 1668/6255/1564 1667/6256/1564
f 1652/6257/1565 1653/6258/1565 1669/6259/1565 1668/6260/1565
f 1653/6261/1566 1654/6262/1566 1670/6263/1566 1669/6264/1566
f 1654/6265/1567 1655/6266/1567 1671/6267/1567 1670/6268/1567
f 1655/6269/1568 1656/6270/1568 1672/6271/1568 1671/6272/1568
f 1656/6273/1569 1657/6274/1569 1673/6275/1569 1672/6276/1569
f 1657/6277/1570 1658/6278/1570 1674/6279/1570 1673/6280/1570
f 1658/6281/1571 1659/6282/1571 1675/6283/1571 1674/6284/1571
f 1659/6285/1572 1660/6286/1572 1676/6287/1572 1675/6288/1572
f 1660/6289/1573 1661/6290/1573 1677/6291/1573 1676/6292/1573
f 1661/6293/1574 1662/6294/1574 1678/6295/1574 1677/6296/1574
f 1662/6297/1575 1663/6298/1575 1679/6299/1575 1678/6300/1575
f 1663/6301/1576 1664/6302/1576 1680/6303/1576 1679/6304/1576
f 119/6305/1577 1665/6306/1577 1681/6307/1577 118/6308/1577
f 1665/6309/1578 1666/6310/1578 1682/6311/1578 1681/6312/1578
f 1666/6313/1579 1667/6314/1579 1683/6315/1579 1682/6316/1579
f 1667/6317/1580 1668/6318/1580 1684/6319/1580 1683/6320/1580
f 1668/6321/1581 1669/6322/1581 1685/6323/1581 1684/6324/1581
f 1669/6325/1582 1670/6326/1582 1686/6327/1582 1685/6328/1582
f 1670/6329/1583 1671/6330/1583 1687/6331/1583 1686/6332/1583
f 1671/6333/1584 1672/6334/1584 1688/6335/1584 1687/6336/1584
f 1672/6337/1585 1673/6338/1585 1689/6339/1585 1688/6340/1585
f 1673/6341/1586 1674/6342/1586 1690/6343/1586 1689/6344/1586
f 1674/6345/1587 1675/6346/1587 1691/6347/1587 1690/6348/1587
f 1675/6349/1588 1676/6350/1588 1692/6351/1588 1691/6352/1588
f 1676/6353/1589 1677/6354/1589 1693/6355/1589 1692/6356/1589
f 1677/6357/1590 1678/6358/1590 1694/6359/1590 1693/6360/1590
f 1678/6361/1591 1679/6362/1591 1695/6363/1591 1694/6364/1591
f 1679/6365/1592 1680/6366/1592 1696/6367/1592 1695/6368/1592
f 118/6369/1593 1681/6370/1593 1697/6371/1593 117/6372/1593
f 1681/6373/1594 1682/6374/1594 1698/6375/1594 1697/6376/1594
f 1682/6377/1595 1683/6378/1595 1699/6379/1595 1698/6380/1595
f 1683/6381/1596 1684/6382/1596 1700/6383/1596 1699/6384/1596
f 1684/6385/1597 1685/6386/1597 1701/6387/1597 1700/6388/1597
f 1685/6389/1598 1686/6390/1598 1702/6391/1598 1701/6392/1598
f 1686/6393/1599 1687/6394/1599 1703/6395/1599 1702/6396/1599
f 1687/6397/1600 1688/6398/1600 1704/6399/1600 1703/6400/1600
f 1688/6401/1601 1689/6402/1601 1705/6403/1601 1704/6404/1601
f 1689/6405/1602 1690/6406/1602 1706/6407/1602 1705/6408/1602
f 1690/6409/1603 1691/6410/1603 1707/6411/1603 1706/6412/1603
f 1691/6413/1604 1692/6414/1604 1708/6415/1604 1707/6416/1604
f 1692/6417/1605 1693/6418/1605 1709/6419/1605 1708/6420/1605
f 1693/6421/1606 1694/6422/1606 1710/6423/1606 1709/6424/1606
f 1694/6425/1607 1695/6426/1607 1711/6427/1607 1710/6428/1607
f 1695/6429/1608 1696/6430/1608 1712/6431/1608 1711/6432/1608
f 117/6433/1609 1697/6434/1609 1713/6435/1609 116/6436/1609
f 1697/6437/1610 1698/6438/1610 1714/6439/1610 1713/6440/1610
f 1698/6441/1611 1699/6442/1611 1715/6443/1611 1714/6444/1611
f 1699/6445/1612 1700/6446/1612 1716/6447/1612 1715/6448/1612
f 1700/6449/1613 1701/6450/1613 1717/6451/1613 1716/6452/1613
f 1701/6453/1614 1702/6454/1614 1718/6455/1614 1717/6456/1614
f 1702/6457/1615 1703/6458/1615 1719/6459/1615 1718/6460/1615
f 1703/6461/1616 1704/6462/1616 1720/6463/1616 1719/6464/1616
f 1704/6465/1617 1705/6466/1617 1721/6467/1617 1720/6468/1617
f 1705/6469/1618 1706/6470/1618 1722/6471/1618 1721/6472/1618
f 1706/6473/1619 1707/6474/1619 1723/6475/1619 1722/6476/1619
f 1707/6477/1620 1708/6478/1620 1724/6479/1620 1723/6480/1620
f 1708/6481/1621 1709/6482/1621 1725/6483/1621 1724/6484/1621
f 1709/6485/1622 1710/6486/1622 1726/6487/1622 1725/6488/1622
f 1710/6489/1623 1711/6490/1623 1727/6491/1623 1726/6492/1623
f 1711/6493/1624 1712/6494/1624 1728/6495/1624 1727/6496/1624
f 116/6497/1625 1713/6498/1625 1729/6499/1625 115/6500/1625
f 1713/6501/1626 1714/6502/1626 1730/6503/1626 1729/6504/1626
f 1714/6505/1627 1715/6506/1627 1731/6507/1627 1730/6508/1627
f 1715/6509/1628 1716/6510/1628 1732/6511/1628 1731/6512/1628
f 1716/6513/1629 1717/6514/1629 1733/6515/1629 1732/6516/1629
f 1717/6517/1630 1718/6518/1630 1734/6519/1630 1733/6520/1630
f 1718/6521/1631 1719/6522/1631 1735/6523/1631 1734/6524/1631
f 1719/6525/1632 1720/6526/1632 1736/6527/1632 1735/6528/1632
f 1720/6529/1633 1721/6530/1633 1737/6531/1633 1736/6532/1633
f 1721/6533/1634 1722/6534/1634 1738/6535/1634 1737/6536/1634
f 1722/6537/1635 1723/6538/1635 1739/6539/1635 1738/6540/1635
f 1723/6541/1636 1724/6542/1636 1740/6543/1636 1739/6544/1636
f 1724/6545/1637 1725/6546/1637 1741/6547/1637 1740/6548/1637
f 1725/6549/1638 1726/6550/1638 1742/6551/1638 1741/6552/1638
f 1726/6553/1639 1727/6554/1639 1743/6555/1639 1742/6556/1639
f 1727/6557/1640 1728/6558/1640 1744/6559/1640 1743/6560/1640
f 115/6561/1641 1729/6562/1641 1745/6563/1641 114/6564/1641
f 1729/6565/1642 1730/6566/1642 1746/6567/1642 1745/6568/1642
f 1730/6569/1643 1731/6570/1643 1747/6571/1643 1746/6572/1643
f 1731/6573/1644 1732/6574/1644 1748/6575/1644 1747/6576/1644
f 1732/6577/1645 1733/6578/1645 1749/6579/1645 1748/6580/1645
f 1733/6581/1646 1734/6582/1646 1750/6583/1646 1749/6584/1646
f 1734/6585/1647 1735/6586/1647 1751/6587/1647 1750/6588/1647
f 1735/6589/1648 1736/6590/1648 1752/6591/1648 1751/6592/1648
f 1736/6593/1649 1737/6594/1649 1753/6595/1649 1752/6596/1649
f 1737/6597/1650 1738/6598/1650 1754/6599/1650 1753/6600/1650
f 1738/6601/1651 1739/6602/1651 1755/6603/1651 1754/6604/1651
f 1739/6605/1652 1740/6606/1652 1756/6607/1652 1755/6608/1652
f 1740/6609/1653 1741/6610/1653 1757/6611/1653 1756/6612/1653
f 1741/6613/1654 1742/6614/1654 1758/6615/1654 1757/6616/1654
f 1742/6617/1655 1743/6618/1655 1759/6619/1655 1758/6620/1655
f 1743/6621/1656 1744/6622/1656 1760/6623/1656 1759/6624/1656
f 114/6625/1657 1745/6626/1657 1761/6627/1657 16/6628/1657
f 1745/6629/1658 1746/6630/1658 1762/6631/1658 1761/6632/1658
f 1746/6633/1659 1747/6634/1659 1763/6635/1659 1762/6636/1659
f 1747/6637/1660 1748/6638/1660 1764/6639/1660 1763/6640/1660
f 1748/6641/1661 1749/6642/1661 1765/6643/1661 1764/6644/1661
f 1749/6645/1662 1750/6646/1662 1766/6647/1662 1765/6648/1662
f 1750/6649/1663 1751/6650/1663 1767/6651/1663 1766/6652/1663
f 1751/6653/1664 1752/6654/1664 1768/6655/1664 1767/6656/1664
f 1752/6657/1665 1753/6658/1665 1769/6659/1665 1768/6660/1665
f 1753/6661/1666 1754/6662/1666 1770/6663/1666 1769/6664/1666
f 1754/6665/1667 1755/6666/1667 1771/6667/1667 1770/6668/1667
f 1755/6669/1668 1756/6670/1668 1772/6671/1668 1771/6672/1668
f 1756/6673/1669 1757/6674/1669 1773/6675/1669 1772/6676/1669
f 1757/6677/1670 1758/6678/1670 1774/6679/1670 1773/6680/1670
f 1758/6681/1671 1759/6682/1671 1775/6683/1671 1774/6684/1671
f 1759/6685/1672 1760/6686/1672 1776/6687/1672 1775/6688/1672
f 125/6689/1673 1777/6690/1673 1585/6691/1673 124/6692/1673
f 1777/6693/1674 1778/6694/1674 1587/6695/1674 1585/6696/1674
f 1778/6697/1675 1779/6698/1675 1589/6699/1675 1587/6700/1675
f 1779/6701/1676 1780/6702/1676 1591/6703/1676 1589/6704/1676
f 1780/6705/1677 1781/6706/1677 1593/6707/1677 1591/6708/1677
f 1781/6709/1678 1782/6710/1678 1595/6711/1678 1593/6712/1678
f 1782/6713/1679 1783/6714/1679 1597/6715/1679 1595/6716/1679
f 1783/6717/1680 1784/6718/1680 1599/6719/1680 1597/6720/1680
f 1784/6721/1681 1785/6722/1681 1601/6723/1681 1599/6724/1681
f 1785/6725/1682 1786/6726/1682 1603/6727/1682 1601/6728/1682
f 1786/6729/1683 1787/6730/1683 1605/6731/1683 1603/6732/1683
f 1787/6733/1684 1788/6734/1684 1607/6735/1684 1605/6736/1684
f 1788/6737/1685 1789/6738/1685 1609/6739/1685 1607/6740/1685
f 1789/6741/1686 1790/6742/1686 1611/6743/1686 1609/6744/1686
f 1790/6745/1687 1791/6746/1687 1613/6747/1687 1611/6748/1687
f 1791/6749/1688 1792/6750/1688 1615/6751/1688 1613/6752/1688
f 126/6753/1689 1793/6754/1689 1777/6755/1689 125/6756/1689
f 1793/6757/1690 1794/6758/1690 1778/6759/1690 1777/6760/1690
f 1794/6761/1691 1795/6762/1691 1779/6763/1691 1778/6764/1691
f 1795/6765/1692 1796/6766/1692 1780/6767/1692 1779/6768/1692
f 1796/6769/1693 1797/6770/1693 1781/6771/1693 1780/6772/1693
f 1797/6773/1694 1798/6774/1694 1782/6775/1694 1781/6776/1694
f 1798/6777/1695 1799/6778/1695 1783/6779/1695 1782/6780/1695
f 1799/6781/1696 1800/6782/1696 1784/6783/1696 1783/6784/1696
f 1800/6785/1697 1801/6786/1697 1785/6787/1697 1784/6788/1697
f 1801/6789/1698 1802/6790/1698 1786/6791/1698 1785/6792/1698
f 1802/6793/1699 1803/6794/1699 1787/6795/1699 1786/6796/1699
f 1803/6797/1700 1804/6798/1700 1788/6799/1700 1787/6800/1700
f 1804/6801/1701 1805/6802/1701 1789/6803/1701 1788/6804/1701
f 1805/6805/1702 1806/6806/1702 1790/6807/1702 1789/6808/1702
f 1806/6809/1703 1807/6810/1703 1791/6811/1703 1790/6812/1703
f 1807/6813/1704 1808/6814/1704 1792/6815/1704 1791/6816/1704
f 127/6817/1705 1809/6818/1705 1793/6819/1705 126/6820/1705
f 1809/6821/1706 1810/6822/1706 1794/6823/1706 1793/6824/1706
f 1810/6825/1707 1811/6826/1707 1795/6827/1707 1794/6828/1707
f 1811/6829/1708 1812/6830/1708 1796/6831/1708 1795/6832/1708
f 1812/6833/1709 1813/6834/1709 1797/6835/1709 1796/6836/1709
f 1813/6837/1710 1814/6838/1710 1798/6839/1710 1797/6840/1710
f 1814/6841/1711 1815/6842/1711 1799/6843/1711 1798/6844/1711
f 1815/6845/1712 1816/6846/1712 1800/6847/1712 1799/6848/1712
f 1816/6849/1713 1817/6850/1713 1801/6851/1713 1800/6852/1713
f 1817/6853/1714 1818/6854/1714 1802/6855/1714 1801/6856/1714
f 1818/6857/1715 1819/6858/1715 1803/6859/1715 1802/6860/1715
f 1819/6861/1716 1820/6862/1716 1804/6863/1716 1803/6864/1716
f 1820/6865/1717 1821/6866/1717 1805/6867/1717 1804/6868/1717
f 1821/6869/1718 1822/6870/1718 1806/6871/1718 1805/6872/1718
f 1822/6873/1719 1823/6874/1719 1807/6875/1719 1806/6876/1719
f 1823/6877/1720 1824/6878/1720 1808/6879/1720 1807/6880/1720
f 128/6881/1721 1825/6882/1721 1809/6883/1721 127/6884/1721
f 1825/6885/1722 1826/6886/1722 1810/6887/1722 1809/6888/1722
f 1826/6889/1723 1827/6890/1723 1811/6891/1723 1810/6892/1723
f 1827/6893/1724 1828/6894/1724 1812/6895/1724 1811/6896/1724
f 1828/6897/1725 1829/6898/1725 1813/6899/1725 1812/6900/1725
f 1829/6901/1726 1830/6902/1726 1814/6903/1726 1813/6904/1726
f 1830/6905/1727 1831/6906/1727 1815/6907/1727 1814/6908/1727
f 1831/6909/1728 1832/6910/1728 1816/6911/1728 1815/6912/1728
f 1832/6913/1729 1833/6914/1729 1817/6915/1729 1816/6916/1729
f 1833/6917/1730 1834/6918/1730 1818/6919/1730 1817/6920/1730
f 1834/6921/1731 1835/6922/1731 1819/6923/1731 1818/6924/1731
f 1835/6925/1732 1836/6926/1732 1820/6927/1732 1819/6928/1732
f 1836/6929/1733 1837/6930/1733 1821/6931/1733 1820/6932/1733
f 1837/6933/1734 1838/6934/1734 1822/6935/1734 1821/6936/1734
f 1838/6937/1735 1839/6938/1735 1823/6939/1735 1822/6940/1735
f 1839/6941/1736 1840/6942/1736 1824/6943/1736 1823/6944/1736
f 129/6945/1737 1841/6946/1737 1825/6947/1737 128/6948/1737
f 1841/6949/1738 1842/6950/1738 1826/6951/1738 1825/6952/1738
f 1842/6953/1739 1843/6954/1739 1827/6955/1739 1826/6956/1739
f 1843/6957/1740 1844/6958/1740 1828/6959/1740 1827/6960/1740
f 1844/6961/1741 1845/6962/1741 1829/6963/1741 1828/6964/1741
f 1845/6965/1742 1846/6966/1742 1830/6967/1742 1829/6968/1742
f 1846/6969/1743 1847/6970/1743 1831/6971/1743 1830/6972/1743
f 1847/6973/1744 1848/6974/1744 1832/6975/1744 1831/6976/1744
f 1848/6977/1745 1849/6978/1745 1833/6979/1745 1832/6980/1745
f 1849/6981/1746 1850/6982/1746 1834/6983/1746 1833/6984/1746
f 1850/6985/1747 1851/6986/1747 1835/6987/1747 1834/6988/1747
f 1851/6989/1748 1852/6990/1748 1836/6991/1748 1835/6992/1748
f 1852/6993/1749 1853/6994/1749 1837/6995/1749 1836/6996/1749
f 1853/6997/1750 1854/6998/1750 1838/6999/1750 1837/7000/1750
f 1854/7001/1751 1855/7002/1751 1839/7003/1751 1838/7004/1751
f 1855/7005/1752 1856/7006/1752 1840/7007/1752 1839/7008/1752
f 10/7009/1753 1857/7010/1753 1841/7011/1753 129/7012/1753
f 1857/7013/1754 1858/7014/1754 1842/7015/1754 1841/7016/1754
f 1858/7017/1755 1859/7018/1755 1843/7019/1755 1842/7020/1755
f 1859/7021/1756 1860/7022/1756 1844/7023/1756 1843/7024/1756
f 1860/7025/1757 1861/7026/1757 1845/7027/1757 1844/7028/1757
f 1861/7029/1758 1862/7030/1758 1846/7031/1758 1845/7032/1758
f 1862/7033/1759 1863/7034/1759 1847/7035/1759 1846/7036/1759
f 1863/7037/1760 1864/7038/1760 1848/7039/1760 1847/7040/1760
f 1864/7041/1761 1865/7042/1761 1849/7043/1761 1848/7044/1761
f 1865/7045/1762 1866/7046/1762 1850/7047/1762 1849/7048/1762
f 1866/7049/1763 1867/7050/1763 1851/7051/1763 1850/7052/1763
f 1867/7053/1764 1868/7054/1764 1852/7055/1764 1851/7056/1764
f 1868/7057/1765 1869/7058/1765 1853/7059/1765 1852/7060/1765
f 1869/7061/1766 1870/7062/1766 1854/7063/1766 1853/7064/1766
f 1870/7065/1767 1871/7066/1767 1855/7067/1767 1854/7068/1767
f 1871/7069/1768 1872/7070/1768 1856/7071/1768 1855/7072/1768
f 821/7073/1769 1873/7074/1769 1874/7075/1769 820/7076/1769
f 1873/7077/1770 1875/7078/1770 1876/7079/1770 1874/7080/1770
f 1875/7081/1771 1877/7082/1771 1878/7083/1771 1876/7084/1771
f 1877/7085/1772 1879/7086/1772 1880/7087/1772 1878/7088/1772
f 1879/7089/1773 1881/7090/1773 1882/7091/1773 1880/7092/1773
f 1881/7093/1774 1883/7094/1774 1884/7095/1774 1882/7096/1774
f 1883/7097/1775 1885/7098/1775 1886/7099/1775 1884/7100/1775
f 1885/7101/1776 1887/7102/1776 1888/7103/1776 1886/7104/1776
f 1887/7105/1777 1889/7106/1777 1890/7107/1777 1888/7108/1777
f 1889/7109/1778 1891/7110/1778 1892/7111/1778 1890/7112/1778
f 1891/7113/1779 1893/7114/1779 1894/7115/1779 1892/7116/1779
f 1893/7117/1780 1895/7118/1780 1896/7119/1780 1894/7120/1780
f 1895/7121/1781 1897/7122/1781 1898/7123/1781 1896/7124/1781
f 1897/7125/1782 1899/7126/1782 1900/7127/1782 1898/7128/1782
f 1899/7129/1783 1901/7130/1783 1902/7131/1783 1900/7132/1783
f 1901/7133/1784 1903/7134/1784 1904/7135/1784 1902/7136/1784
f 820/7137/1785 1874/7138/1785 1905/7139/1785 819/7140/1785
f 1874/7141/1786 1876/7142/1786 1906/7143/1786 1905/7144/1786
f 1876/7145/1787 1878/7146/1787 1907/7147/1787 1906/7148/1787
f 1878/7149/1788 1880/7150/1788 1908/7151/1788 1907/7152/1788
f 1880/7153/1789 1882/7154/1789 1909/7155/1789 1908/7156/1789
f 1882/7157/1790 1884/7158/1790 1910/7159/1790 1909/7160/1790
f 1884/7161/1791 1886/7162/1791 1911/7163/1791 1910/7164/1791
f 1886/7165/1792 1888/7166/1792 1912/7167/1792 1911/7168/1792
f 1888/7169/1793 1890/7170/1793 1913/7171/1793 1912/7172/1793
f 1890/7173/1794 1892/7174/1794 1914/7175/1794 1913/7176/1794
f 1892/7177/1795 1894/7178/1795 1915/7179/1795 1914/7180/1795
f 1894/7181/1796 1896/7182/1796 1916/7183/1796 1915/7184/1796
f 1896/7185/1797 1898/7186/1797 1917/7187/1797 1916/7188/1797
f 1898/7189/1798 1900/7190/1798 1918/7191/1798 1917/7192/1798
f 1900/7193/1799 1902/7194/1799 1919/7195/1799 1918/7196/1799
f 1902/7197/1800 1904/7198/1800 1920/7199/1800 1919/7200/1800
f 819/7201/1801 1905/7202/1801 1921/7203/1801 818/7204/1801
f 1905/7205/1802 1906/7206/1802 1922/7207/1802 1921/7208/1802
f 1906/7209/1803 1907/7210/1803 1923/7211/1803 1922/7212/1803
f 1907/7213/1804 1908/7214/1804 1924/7215/1804 1923/7216/1804
f 1908/7217/1805 1909/7218/1805 1925/7219/1805 1924/7220/1805
f 1909/7221/1806 1910/7222/1806 1926/7223/1806 1925/7224/1806
f 1910/7225/1807 1911/7226/1807 1927/7227/1807 1926/7228/1807
f 1911/7229/1808 1912/7230/1808 1928/7231/1808 1927/7232/1808
f 1912/7233/1809 1913/7234/1809 1929/7235/1809 1928/7236/1809
f 1913/7237/1810 1914/7238/1810 1930/7239/1810 1929/7240/1810
f 1914/7241/1811 1915/7242/1811 1931/7243/1811 1930/7244/1811
f 1915/7245/1812 1916/7246/1812 1932/7247/1812 1931/7248/1812
f 1916/7249/1813 1917/7250/1813 1933/7251/1813 1932/7252/1813
f 1917/7253/1814 1918/7254/1814 1934/7255/1814 1933/7256/1814
f 1918/7257/1815 1919/7258/1815 1935/7259/1815 1934/7260/1815
f 1919/7261/1816 1920/7262/1816 1936/7263/1816 1935/7264/1816
f 818/7265/1817 1921/7266/1817 1937/7267/1817 817/7268/1817
f 1921/7269/1818 1922/7270/1818 1938/7271/1818 1937/7272/1818
f 1922/7273/1819 1923/7274/1819 1939/7275/1819 1938/7276/1819
f 1923/7277/1820 1924/7278/1820 1940/7279/1820 1939/7280/1820
f 1924/7281/1821 1925/7282/1821 1941/7283/1821 1940/7284/1821
f 1925/7285/1822 1926/7286/1822 1942/7287/1822 1941/7288/1822
f 1926/7289/1823 1927/7290/1823 1943/7291/1823 1942/7292/1823
f 1927/7293/1824 1928/7294/1824 1944/7295/1824 1943/7296/1824
f 1928/7297/1825 1929/7298/1825 1945/7299/1825 1944/7300/1825
f 1929/7301/1826 1930/7302/1826 1946/7303/1826 1945/7304/1826
f 1930/7305/1827 1931/7306/1827 1947/7307/1827 1946/7308/1827
f 1931/7309/1828 1932/7310/1828 1948/7311/1828 1947/7312/1828
f 1932/7313/1829 1933/7314/1829 1949/7315/1829 1948/7316/1829
f 1933/7317/1830 1934/7318/1830 1950/7319/1830 1949/7320/1830
f 1934/7321/1831 1935/7322/1831 1951/7323/1831 1950/7324/1831
f 1935/7325/1832 1936/7326/1832 1952/7327/1832 1951/7328/1832
f 817/7329/1833 1937/7330/1833 1953/7331/1833 8/7332/1833
f 1937/7333/1834 1938/7334/1834 1954/7335/1834 1953/7336/1834
f 1938/7337/1835 1939/7338/1835 1955/7339/1835 1954/7340/1835
f 1939/7341/1836 1940/7342/1836 1956/7343/1836 1955/7344/1836
f 1940/7345/1837 1941/7346/1837 1957/7347/1837 1956/7348/1837
f 1941/7349/1838 1942/7350/1838 1958/7351/1838 1957/7352/1838
f 1942/7353/1839 1943/7354/1839 1959/7355/1839 1958/7356/1839
f 1943/7357/1840 1944/7358/1840 1960/7359/1840 1959/7360/1840
f 1944/7361/1841 1945/7362/1841 1961/7363/1841 1960/7364/1841
f 1945/7365/1842 1946/7366/1842 1962/7367/1842 1961/7368/1842
f 1946/7369/1843 1947/7370/1843 1963/7371/1843 1962/7372/1843
f 1947/7373/1844 1948/7374/1844 1964/7375/1844 1963/7376/1844
f 1948/7377/1845 1949/7378/1845 1965/7379/1845 1964/7380/1845
f 1949/7381/1846 1950/7382/1846 1966/7383/1846 1965/7384/1846
f 1950/7385/1847 1951/7386/1847 1967/7387/1847 1966/7388/1847
f 1951/7389/1848 1952/7390/1848 1968/7391/1848 1967/7392/1848
f 822/7393/1849 1969/7394/1849 1873/7395/1849 821/7396/1849
f 1969/7397/1850 1970/7398/1850 1875/7399/1850 1873/7400/1850
f 1970/7401/1851 1971/7402/1851 1877/7403/1851 1875/7404/1851
f 1971/7405/1852 1972/7406/1852 1879/7407/1852 1877/7408/1852
f 1972/7409/1853 1973/7410/1853 1881/7411/1853 1879/7412/1853
f 1973/7413/1854 1974/7414/1854 1883/7415/1854 1881/7416/1854
f 1974/7417/1855 1975/7418/1855 1885/7419/1855 1883/7420/1855
f 1975/7421/1856 1976/7422/1856 1887/7423/1856 1885/7424/1856
f 1976/7425/1857 1977/7426/1857 1889/7427/1857 1887/7428/1857
f 1977/7429/1858 1978/7430/1858 1891/7431/1858 1889/7432/1858
f 1978/7433/1859 1979/7434/1859 1893/7435/1859 1891/7436/1859
f 1979/7437/1860 1980/7438/1860 1895/7439/1860 1893/7440/1860
f 1980/7441/1861 1981/7442/1861 1897/7443/1861 1895/7444/1861
f 1981/7445/1862 1982/7446/1862 1899/7447/1862 1897/7448/1862
f 1982/7449/1863 1983/7450/1863 1901/7451/1863 1899/7452/1863
f 1983/7453/1864 1984/7454/1864 1903/7455/1864 1901/7456/1864
f 823/7457/1865 1985/7458/1865 1969/7459/1865 822/7460/1865
f 1985/7461/1866 1986/7462/1866 1970/7463/1866 1969/7464/1866
f 1986/7465/1867 1987/7466/1867 1971/7467/1867 1970/7468/1867
f 1987/7469/1868 1988/7470/1868 1972/7471/1868 1971/7472/1868
f 1988/7473/1869 1989/7474/1869 1973/7475/1869 1972/7476/1869
f 1989/7477/1870 1990/7478/1870 1974/7479/1870 1973/7480/1870
f 1990/7481/1871 1991/7482/1871 1975/7483/1871 1974/7484/1871
f 1991/7485/1872 1992/7486/1872 1976/7487/1872 1975/7488/1872
f 1992/7489/1873 1993/7490/1873 1977/7491/1873 1976/7492/1873
f 1993/7493/1874 1994/7494/1874 1978/7495/1874 1977/7496/1874
f 1994/7497/1875 1995/7498/1875 1979/7499/1875 1978/7500/1875
f 1995/7501/1876 1996/7502/1876 1980/7503/1876 1979/7504/1876
f 1996/7505/1877 1997/7506/1877 1981/7507/1877 1980/7508/1877
f 1997/7509/1878 1998/7510/1878 1982/7511/1878 1981/7512/1878
f 1998/7513/1879 1999/7514/1879 1983/7515/1879 1982/7516/1879
f 1999/7517/1880 2000/7518/1880 1984/7519/1880 1983/7520/1880
f 824/7521/1881 2001/7522/1881 1985/7523/1881 823/7524/1881
f 2001/7525/1882 2002/7526/1882 1986/7527/1882 1985/7528/1882
f 2002/7529/1883 2003/7530/1883 1987/7531/1883 1986/7532/1883
f 2003/7533/1884 2004/7534/1884 1988/7535/1884 1987/7536/1884
f 2004/7537/1885 2005/7538/1885 1989/7539/1885 1988/7540/1885
f 2005/7541/1886 2006/7542/1886 1990/7543/1886 1989/7544/1886
f 2006/7545/1887 2007/7546/1887 1991/7547/1887 1990/7548/1887
f 2007/7549/1888 2008/7550/1888 1992/7551/1888 1991/7552/1888
f 2008/7553/1889 2009/7554/1889 1993/7555/1889 1992/7556/1889
f 2009/7557/1890 2010/7558/1890 1994/7559/1890 1993/7560/1890
f 2010/7561/1891 2011/7562/1891 1995/7563/1891 1994/7564/1891
f 2011/7565/1892 2012/7566/1892 1996/7567/1892 1995/7568/1892
f 2012/7569/1893 2013/7570/1893 1997/7571/1893 1996/7572/1893
f 2013/7573/1894 2014/7574/1894 1998/7575/1894 1997/7576/1894
f 2014/7577/1895 2015/7578/1895 1999/7579/1895 1998/7580/1895
f 2015/7581/1896 2016/7582/1896 2000/7583/1896 1999/7584/1896
f 825/7585/1897 2017/7586/1897 2001/7587/1897 824/7588/1897
f 2017/7589/1898 2018/7590/1898 2002/7591/1898 2001/7592/1898
f 2018/7593/1899 2019/7594/1899 2003/7595/1899 2002/7596/1899
f 2019/7597/1900 2020/7598/1900 2004/7599/1900 2003/7600/1900
f 2020/7601/1901 2021/7602/1901 2005/7603/1901 2004/7604/1901
f 2021/7605/1902 2022/7606/1902 2006/7607/1902 2005/7608/1902
f 2022/7609/1903 2023/7610/1903 2007/7611/1903 2006/7612/1903
f 2023/7613/1904 2024/7614/1904 2008/7615/1904 2007/7616/1904
f 2024/7617/1905 2025/7618/1905 2009/7619/1905 2008/7620/1905
f 2025/7621/1906 2026/7622/1906 2010/7623/1906 2009/7624/1906
f 2026/7625/1907 2027/7626/1907 2011/7627/1907 2010/7628/1907
f 2027/7629/1908 2028/7630/1908 2012/7631/1908 2011/7632/1908
f 2028/7633/1909 2029/7634/1909 2013/7635/1909 2012/7636/1909
f 2029/7637/1910 2030/7638/1910 2014/7639/1910 2013/7640/1910
f 2030/7641/1911 2031/7642/1911 2015/7643/1911 2014/7644/1911
f 2031/7645/1912 2032/7646/1912 2016/7647/1912 2015/7648/1912
f 826/7649/1913 2033/7650/1913 2017/7651/1913 825/7652/1913
f 2033/7653/1914 2034/7654/1914 2018/7655/1914 2017/7656/1914
f 2034/7657/1915 2035/7658/1915 2019/7659/1915 2018/7660/1915
f 2035/7661/1916 2036/7662/1916 2020/7663/1916 2019/7664/1916
f 2036/7665/1917 2037/7666/1917 2021/7667/1917 2020/7668/1917
f 2037/7669/1918 2038/7670/1918 2022/7671/1918 2021/7672/1918
f 2038/7673/1919 2039/7674/1919 2023/7675/1919 2022/7676/1919
f 2039/7677/1920 2040/7678/1920 2024/7679/1920 2023/7680/1920
f 2040/7681/1921 2041/7682/1921 2025/7683/1921 2024/7684/1921
f 2041/7685/1922 2042/7686/1922 2026/7687/1922 2025/7688/1922
f 2042/7689/1923 2043/7690/1923 2027/7691/1923 2026/7692/1923
f 2043/7693/1924 2044/7694/1924 2028/7695/1924 2027/7696/1924
f 2044/7697/1925 2045/7698/1925 2029/7699/1925 2028/7700/1925
f 2045/7701/1926 2046/7702/1926 2030/7703/1926 2029/7704/1926
f 2046/7705/1927 2047/7706/1927 2031/7707/1927 2030/7708/1927
f 2047/7709/1928 2048/7710/1928 2032/7711/1928 2031/7712/1928
f 827/7713/1929 2049/7714/1929 2033/7715/1929 826/7716/1929
f 2049/7717/1930 2050/7718/1930 2034/7719/1930 2033/7720/1930
f 2050/7721/1931 2051/7722/1931 2035/7723/1931 2034/7724/1931
f 2051/7725/1932 2052/7726/1932 2036/7727/1932 2035/7728/1932
f 2052/7729/1933 2053/7730/1933 2037/7731/1933 2036/7732/1933
f 2053/7733/1934 2054/7734/1934 2038/7735/1934 2037/7736/1934
f 2054/7737/1935 2055/7738/1935 2039/7739/1935 2038/7740/1935
f 2055/7741/1936 2056/7742/1936 2040/7743/1936 2039/7744/1936
f 2056/7745/1937 2057/7746/1937 2041/7747/1937 2040/7748/1937
f 2057/7749/1938 2058/7750/1938 2042/7751/1938 2041/7752/1938
f 2058/7753/1939 2059/7754/1939 2043/7755/1939 2042/7756/1939
f 2059/7757/1940 2060/7758/1940 2044/7759/1940 2043/7760/1940
f 2060/7761/1941 2061/7762/1941 2045/7763/1941 2044/7764/1941
f 2061/7765/1942 2062/7766/1942 2046/7767/1942 2045/7768/1942
f 2062/7769/1943 2063/7770/1943 2047/7771/1943 2046/7772/1943
f 2063/7773/1944 2064/7774/1944 2048/7775/1944 2047/7776/1944
f 828/7777/1945 2065/7778/1945 2049/7779/1945 827/7780/1945
f 2065/7781/1946 2066/7782/1946 2050/7783/1946 2049/7784/1946
f 2066/7785/1947 2067/7786/1947 2051/7787/1947 2050/7788/1947
f 2067/7789/1948 2068/7790/1948 2052/7791/1948 2051/7792/1948
f 2068/7793/1949 2069/7794/1949 2053/7795/1949 2052/7796/1949
f 2069/7797/1950 2070/7798/1950 2054/7799/1950 2053/7800/1950
f 2070/7801/1951 2071/7802/1951 2055/7803/1951 2054/7804/1951
f 2071/7805/1952 2072/7806/1952 2056/7807/1952 2055/7808/1952
f 2072/7809/1953 2073/7810/1953 2057/7811/1953 2056/7812/1953
f 2073/7813/1954 2074/7814/1954 2058/7815/1954 2057/7816/1954
f 2074/7817/1955 2075/7818/1955 2059/7819/1955 2058/7820/1955
f 2075/7821/1956 2076/7822/1956 2060/7823/1956 2059/7824/1956
f 2076/7825/1957 2077/7826/1957 2061/7827/1957 2060/7828/1957
f 2077/7829/1958 2078/7830/1958 2062/7831/1958 2061/7832/1958
f 2078/7833/1959 2079/7834/1959 2063/7835/1959 2062/7836/1959
f 2079/7837/1960 2080/7838/1960 2064/7839/1960 2063/7840/1960
f 829/7841/1961 2081/7842/1961 2065/7843/1961 828/7844/1961
f 2081/7845/1962 2082/7846/1962 2066/7847/1962 2065/7848/1962
f 2082/7849/1963 2083/7850/1963 2067/7851/1963 2066/7852/1963
f 2083/7853/1964 2084/7854/1964 2068/7855/1964 2067/7856/1964
f 2084/7857/1965 2085/7858/1965 2069/7859/1965 2068/7860/1965
f 2085/7861/1966 2086/7862/1966 2070/7863/1966 2069/7864/1966
f 2086/7865/1967 2087/7866/1967 2071/7867/1967 2070/7868/1967
f 2087/7869/1968 2088/7870/1968 2072/7871/1968 2071/7872/1968
f 2088/7873/1969 2089/7874/1969 2073/7875/1969 2072/7876/1969
f 2089/7877/1970 2090/7878/1970 2074/7879/1970 2073/7880/1970
f 2090/7881/1971 2091/7882/1971 2075/7883/1971 2074/7884/1971
f 2091/7885/1972 2092/7886/1972 2076/7887/1972 2075/7888/1972
f 2092/7889/1973 2093/7890/1973 2077/7891/1973 2076/7892/1973
f 2093/7893/1974 2094/7894/1974 2078/7895/1974 2077/7896/1974
f 2094/7897/1975 2095/7898/1975 2079/7899/1975 2078/7900/1975
f 2095/7901/1976 2096/7902/1976 2080/7903/1976 2079/7904/1976
f 830/7905/1977 2097/7906/1977 2081/7907/1977 829/7908/1977
f 2097/7909/1978 2098/7910/1978 2082/7911/1978 2081/7912/1978
f 2098/7913/1979 2099/7914/1979 2083/7915/1979 2082/7916/1979
f 2099/7917/1980 2100/7918/1980 2084/7919/1980 2083/7920/1980
f 2100/7921/1981 2101/7922/1981 2085/7923/1981 2084/7924/1981
f 2101/7925/1982 2102/7926/1982 2086/7927/1982 2085/7928/1982
f 2102/7929/1983 2103/7930/1983 2087/7931/1983 2086/7932/1983
f 2103/7933/1984 2104/7934/1984 2088/7935/1984 2087/7936/1984
f 2104/7937/1985 2105/7938/1985 2089/7939/1985 2088/7940/1985
f 2105/7941/1986 2106/7942/1986 2090/7943/1986 2089/7944/1986
f 2106/7945/1987 2107/7946/1987 2091/7947/1987 2090/7948/1987
f 2107/7949/1988 2108/7950/1988 2092/7951/1988 2091/7952/1988
f 2108/7953/1989 2109/7954/1989 2093/7955/1989 2092/7956/1989
f 2109/7957/1990 2110/7958/1990 2094/7959/1990 2093/7960/1990
f 2110/7961/1991 2111/7962/1991 2095/7963/1991 2094/7964/1991
f 2111/7965/1992 2112/7966/1992 2096/7967/1992 2095/7968/1992
f 831/7969/1993 2113/7970/1993 2097/7971/1993 830/7972/1993
f 2113/7973/1994 2114/7974/1994 2098/7975/1994 2097/7976/1994
f 2114/7977/1995 2115/7978/1995 2099/7979/1995 2098/7980/1995
f 2115/7981/1996 2116/7982/1996 2100/7983/1996 2099/7984/1996
f 2116/7985/1997 2117/7986/1997 2101/7987/1997 2100/7988/1997
f 2117/7989/1998 2118/7990/1998 2102/7991/1998 2101/7992/1998
f 2118/7993/1999 2119/7994/1999 2103/7995/1999 2102/7996/1999
f 2119/7997/2000 2120/7998/2000 2104/7999/2000 2103/8000/2000
f 2120/8001/2001 2121/8002/2001 2105/8003/2001 2104/8004/2001
f 2121/8005/2002 2122/8006/2002 2106/8007/2002 2105/8008/2002
f 2122/8009/2003 2123/8010/2003 2107/8011/2003 2106/8012/2003
f 2123/8013/2004 2124/8014/2004 2108/8015/2004 2107/8016/2004
f 2124/8017/2005 2125/8018/2005 2109/8019/2005 2108/8020/2005
f 2125/8021/2006 2126/8022/2006 2110/8023/2006 2109/8024/2006
f 2126/8025/2007 2127/8026/2007 2111/8027/2007 2110/8028/2007
f 2127/8029/2008 2128/8030/2008 2112/8031/2008 2111/8032/2008
f 832/8033/2009 2129/8034/2009 2113/8035/2009 831/8036/2009
f 2129/8037/2010 2130/8038/2010 2114/8039/2010 2113/8040/2010
f 2130/8041/2011 2131/8042/2011 2115/8043/2011 2114/8044/2011
f 2131/8045/2012 2132/8046/2012 2116/8047/2012 2115/8048/2012
f 2132/8049/2013 2133/8050/2013 2117/8051/2013 2116/8052/2013
f 2133/8053/2014 2134/8054/2014 2118/8055/2014 2117/8056/2014
f 2134/8057/2015 2135/8058/2015 2119/8059/2015 2118/8060/2015
f 2135/8061/2016 2136/8062/2016 2120/8063/2016 2119/8064/2016
f 2136/8065/2017 2137/8066/2017 2121/8067/2017 2120/8068/2017
f 2137/8069/2018 2138/8070/2018 2122/8071/2018 2121/8072/2018
f 2138/8073/2019 2139/8074/2019 2123/8075/2019 2122/8076/2019
f 2139/8077/2020 2140/8078/2020 2124/8079/2020 2123/8080/2020
f 2140/8081/2021 2141/8082/2021 2125/8083/2021 2124/8084/2021
f 2141/8085/2022 2142/8086/2022 2126/8087/2022 2125/8088/2022
f 2142/8089/2023 2143/8090/2023 2127/8091/2023 2126/8092/2023
f 2143/8093/2024 2144/8094/2024 2128/8095/2024 2127/8096/2024
f 9/8097/2025 2145/8098/2025 2129/8099/2025 832/8100/2025
f 2145/8101/2026 2146/8102/2026 2130/8103/2026 2129/8104/2026
f 2146/8105/2027 2147/8106/2027 2131/8107/2027 2130/8108/2027
f 2147/8109/2028 2148/8110/2028 2132/8111/2028 2131/8112/2028
f 2148/8113/2029 2149/8114/2029 2133/8115/2029 2132/8116/2029
f 2149/8117/2030 2150/8118/2030 2134/8119/2030 2133/8120/2030
f 2150/8121/2031 2151/8122/2031 2135/8123/2031 2134/8124/2031
f 2151/8125/2032 2152/8126/2032 2136/8127/2032 2135/8128/2032
f 2152/8129/2033 2153/8130/2033 2137/8131/2033 2136/8132/2033
f 2153/8133/2034 2154/8134/2034 2138/8135/2034 2137/8136/2034
f 2154/8137/2035 2155/8138/2035 2139/8139/2035 2138/8140/2035
f 2155/8141/2036 2156/8142/2036 2140/8143/2036 2139/8144/2036
f 2156/8145/2037 2157/8146/2037 2141/8147/2037 2140/8148/2037
f 2157/8149/2038 2158/8150/2038 2142/8151/2038 2141/8152/2038
f 2158/8153/2039 2159/8154/2039 2143/8155/2039 2142/8156/2039
f 2159/8157/2040 2160/8158/2040 2144/8159/2040 2143/8160/2040
f 332/8161/2041 2161/8162/2041 2162/8163/2041 331/8164/2041
f 2161/8165/2042 2163/8166/2042 2164/8167/2042 2162/8168/2042
f 2163/8169/2043 2165/8170/2043 2166/8171/2043 2164/8172/2043
f 2165/8173/2044 2167/8174/2044 2168/8175/2044 2166/8176/2044
f 2167/8177/2045 2169/8178/2045 2170/8179/2045 2168/8180/2045
f 2169/8181/2046 2171/8182/2046 2172/8183/2046 2170/8184/2046
f 2171/8185/2047 2173/8186/2047 2174/8187/2047 2172/8188/2047
f 2173/8189/2048 2175/8190/2048 2176/8191/2048 2174/8192/2048
f 2175/8193/2049 2177/8194/2049 2178/8195/2049 2176/8196/2049
f 2177/8197/2050 2179/8198/2050 2180/8199/2050 2178/8200/2050
f 2179/8201/2051 2181/8202/2051 2182/8203/2051 2180/8204/2051
f 2181/8205/2052 2183/8206/2052 2184/8207/2052 2182/8208/2052
f 2183/8209/2053 2185/8210/2053 2186/8211/2053 2184/8212/2053
f 2185/8213/2054 2187/8214/2054 2188/8215/2054 2186/8216/2054
f 2187/8217/2055 2189/8218/2055 2190/8219/2055 2188/8220/2055
f 2189/8221/2056 2191/8222/2056 2192/8223/2056 2190/8224/2056
f 331/8225/2057 2162/8226/2057 2193/8227/2057 330/8228/2057
f 2162/8229/2058 2164/8230/2058 2194/8231/2058 2193/8232/2058
f 2164/8233/2059 2166/8234/2059 2195/8235/2059 2194/8236/2059
f 2166/8237/2060 2168/8238/2060 2196/8239/2060 2195/8240/2060
f 2168/8241/2061 2170/8242/2061 2197/8243/2061 2196/8244/2061
f 2170/8245/2062 2172/8246/2062 2198/8247/2062 2197/8248/2062
f 2172/8249/2063 2174/8250/2063 2199/8251/2063 2198/8252/2063
f 2174/8253/2064 2176/8254/2064 2200/8255/2064 2199/8256/2064
f 2176/8257/2065 2178/8258/2065 2201/8259/2065 2200/8260/2065
f 2178/8261/2066 2180/8262/2066 2202/8263/2066 2201/8264/2066
f 2180/8265/2067 2182/8266/2067 2203/8267/2067 2202/8268/2067
f 2182/8269/2068 2184/8270/2068 2204/8271/2068 2203/8272/2068
f 2184/8273/2069 2186/8274/2069 2205/8275/2069 2204/8276/2069
f 2186/8277/2070 2188/8278/2070 2206/8279/2070 2205/8280/2070
f 2188/8281/2071 2190/8282/2071 2207/8283/2071 2206/8284/2071
f 2190/8285/2072 2192/8286/2072 2208/8287/2072 2207/8288/2072
f 330/8289/2073 2193/8290/2073 2209/8291/2073 329/8292/2073
f 2193/8293/2074 2194/8294/2074 2210/8295/2074 2209/8296/2074
f 2194/8297/2075 2195/8298/2075 2211/8299/2075 2210/8300/2075
f 2195/8301/2076 2196/8302/2076 2212/8303/2076 2211/8304/2076
f 2196/8305/2077 2197/8306/2077 2213/8307/2077 2212/8308/2077
f 2197/8309/2078 2198/8310/2078 2214/8311/2078 2213/8312/2078
f 2198/8313/2079 2199/8314/2079 2215/8315/2079 2214/8316/2079
f 2199/8317/2080 2200/8318/2080 2216/8319/2080 2215/8320/2080
f 2200/8321/2081 2201/8322/2081 2217/8323/2081 2216/8324/2081
f 2201/8325/2082 2202/8326/2082 2218/8327/2082 2217/8328/2082
f 2202/8329/2083 2203/8330/2083 2219/8331/2083 2218/8332/2083
f 2203/8333/2084 2204/8334/2084 2220/8335/2084 2219/8336/2084
f 2204/8337/2085 2205/8338/2085 2221/8339/2085 2220/8340/2085
f 2205/8341/2086 2206/8342/2086 2222/8343/2086 2221/8344/2086
f 2206/8345/2087 2207/8346/2087 2223/8347/2087 2222/8348/2087
f 2207/8349/2088 2208/8350/2088 2224/8351/2088 2223/8352/2088
f 329/8353/2089 2209/8354/2089 2225/8355/2089 328/8356/2089
f 2209/8357/2090 2210/8358/2090 2226/8359/2090 2225/8360/2090
f 2210/8361/2091 2211/8362/2091 2227/8363/2091 2226/8364/2091
f 2211/8365/2092 2212/8366/2092 2228/8367/2092 2227/8368/2092
f 2212/8369/2093 2213/8370/2093 2229/8371/2093 2228/8372/2093
f 2213/8373/2094 2214/8374/2094 2230/8375/2094 2229/8376/2094
f 2214/8377/2095 2215/8378/2095 2231/8379/2095 2230/8380/2095
f 2215/8381/2096 2216/8382/2096 2232/8383/2096 2231/8384/2096
f 2216/8385/2097 2217/8386/2097 2233/8387/2097 2232/8388/2097
f 2217/8389/2098 2218/8390/2098 2234/8391/2098 2233/8392/2098
f 2218/8393/2099 2219/8394/2099 2235/8395/2099 2234/8396/2099
f 2219/8397/2100 2220/8398/2100 2236/8399/2100 2235/8400/2100
f 2220/8401/2101 2221/8402/2101 2237/8403/2101 2236/8404/2101
f 2221/8405/2102 2222/8406/2102 2238/8407/2102 2237/8408/2102
f 2222/8409/2103 2223/8410/2103 2239/8411/2103 2238/8412/2103
f 2223/8413/2104 2224/8414/2104 2240/8415/2104 2239/8416/2104
f 328/8417/2105 2225/8418/2105 2241/8419/2105 327/8420/2105
f 2225/8421/2106 2226/8422/2106 2242/8423/2106 2241/8424/2106
f 2226/8425/2107 2227/8426/2107 2243/8427/2107 2242/8428/2107
f 2227/8429/2108 2228/8430/2108 2244/8431/2108 2243/8432/2108
f 2228/8433/2109 2229/8434/2109 2245/8435/2109 2244/8436/2109
f 2229/8437/2110 2230/8438/2110 2246/8439/2110 2245/8440/2110
f 2230/8441/2111 2231/8442/2111 2247/8443/2111 2246/8444/2111
f 2231/8445/2112 2232/8446/2112 2248/8447/2112 2247/8448/2112
f 2232/8449/2113 2233/8450/2113 2249/8451/2113 2248/8452/2113
f 2233/8453/2114 2234/8454/2114 2250/8455/2114 2249/8456/2114
f 2234/8457/2115 2235/8458/2115 2251/8459/2115 2250/8460/2115
f 2235/8461/2116 2236/8462/2116 2252/8463/2116 2251/8464/2116
f 2236/8465/2117 2237/8466/2117 2253/8467/2117 2252/8468/2117
f 2237/8469/2118 2238/8470/2118 2254/8471/2118 2253/8472/2118
f 2238/8473/2119 2239/8474/2119 2255/8475/2119 2254/8476/2119
f 2239/8477/2120 2240/8478/2120 2256/8479/2120 2255/8480/2120
f 327/8481/2121 2241/8482/2121 2257/8483/2121 326/8484/2121
f 2241/8485/2122 2242/8486/2122 2258/8487/2122 2257/8488/2122
f 2242/8489/2123 2243/8490/2123 2259/8491/2123 2258/8492/2123
f 2243/8493/2124 2244/8494/2124 2260/8495/2124 2259/8496/2124
f 2244/8497/2125 2245/8498/2125 2261/8499/2125 2260/8500/2125
f 2245/8501/2126 2246/8502/2126 2262/8503/2126 2261/8504/2126
f 2246/8505/2127 2247/8506/2127 2263/8507/2127 2262/8508/2127
f 2247/8509/2128 2248/8510/2128 2264/8511/2128 2263/8512/2128
f 2248/8513/2129 2249/8514/2129 2265/8515/2129 2264/8516/2129
f 2249/8517/2130 2250/8518/2130 2266/8519/2130 2265/8520/2130
f 2250/8521/2131 2251/8522/2131 2267/8523/2131 2266/8524/2131
f 2251/8525/2132 2252/8526/2132 2268/8527/2132 2267/8528/2132
f 2252/8529/2133 2253/8530/2133 2269/8531/2133 2268/8532/2133
f 2253/8533/2134 2254/8534/2134 2270/8535/2134 2269/8536/2134
f 2254/8537/2135 2255/8538/2135 2271/8539/2135 2270/8540/2135
f 2255/8541/2136 2256/8542/2136 2272/8543/2136 2271/8544/2136
f 326/8545/2137 2257/8546/2137 2273/8547/2137 325/8548/2137
f 2257/8549/2138 2258/8550/2138 2274/8551/2138 2273/8552/2138
f 2258/8553/2139 2259/8554/2139 2275/8555/2139 2274/8556/2139
f 2259/8557/2140 2260/8558/2140 2276/8559/2140 2275/8560/2140
f 2260/8561/2141 2261/8562/2141 2277/8563/2141 2276/8564/2141
f 2261/8565/2142 2262/8566/2142 2278/8567/2142 2277/8568/2142
f 2262/8569/2143 2263/8570/2143 2279/8571/2143 2278/8572/2143
f 2263/8573/2144 2264/8574/2144 2280/8575/2144 2279/8576/2144
f 2264/8577/2145 2265/8578/2145 2281/8579/2145 2280/8580/2145
f 2265/8581/2146 2266/8582/2146 2282/8583/2146 2281/8584/2146
f 2266/8585/2147 2267/8586/2147 2283/8587/2147 2282/8588/2147
f 2267/8589/2148 2268/8590/2148 2284/8591/2148 2283/8592/2148
f 2268/8593/2149 2269/8594/2149 2285/8595/2149 2284/8596/2149
f 2269/8597/2150 2270/8598/2150 2286/8599/2150 2285/8600/2150
f 2270/8601/2151 2271/8602/2151 2287/8603/2151 2286/8604/2151
f 2271/8605/2152 2272/8606/2152 2288/8607/2152 2287/8608/2152
f 325/8609/2153 2273/8610/2153 2289/8611/2153 324/8612/2153
f 2273/8613/2154 2274/8614/2154 2290/8615/2154 2289/8616/2154
f 2274/8617/2155 2275/8618/2155 2291/8619/2155 2290/8620/2155
f 2275/8621/2156 2276/8622/2156 2292/8623/2156 2291/8624/2156
f 2276/8625/2157 2277/8626/2157 2293/8627/2157 2292/8628/2157
f 2277/8629/2158 2278/8630/2158 2294/8631/2158 2293/8632/2158
f 2278/8633/2159 2279/8634/2159 2295/8635/2159 2294/8636/2159
f 2279/8637/2160 2280/8638/2160 2296/8639/2160 2295/8640/2160
f 2280/8641/2161 2281/8642/2161 2297/8643/2161 2296/8644/2161
f 2281/8645/2162 2282/8646/2162 2298/8647/2162 2297/8648/2162
f 2282/8649/2163 2283/8650/2163 2299/8651/2163 2298/8652/2163
f 2283/8653/2164 2284/8654/2164 2300/8655/2164 2299/8656/2164
f 2284/8657/2165 2285/8658/2165 2301/8659/2165 2300/8660/2165
f 2285/8661/2166 2286/8662/2166 2302/8663/2166 2301/8664/2166
f 2286/8665/2167 2287/8666/2167 2303/8667/2167 2302/8668/2167
f 2287/8669/2168 2288/8670/2168 2304/8671/2168 2303/8672/2168
f 324/8673/2169 2289/8674/2169 2305/8675/2169 323/8676/2169
f 2289/8677/2170 2290/8678/2170 2306/8679/2170 2305/8680/2170
f 2290/8681/2171 2291/8682/2171 2307/8683/2171 2306/8684/2171
f 2291/8685/2172 2292/8686/2172 2308/8687/2172 2307/8688/2172
f 2292/8689/2173 2293/8690/2173 2309/8691/2173 2308/8692/2173
f 2293/8693/2174 2294/8694/2174 2310/8695/2174 2309/8696/2174
f 2294/8697/2175 2295/8698/2175 2311/8699/2175 2310/8700/2175
f 2295/8701/2176 2296/8702/2176 2312/8703/2176 2311/8704/2176
f 2296/8705/2177 2297/8706/2177 2313/8707/2177 2312/8708/2177
f 2297/8709/2178 2298/8710/2178 2314/8711/2178 2313/8712/2178
f 2298/8713/2179 2299/8714/2179 2315/8715/2179 2314/8716/2179
f 2299/8717/2180 2300/8718/2180 2316/8719/2180 2315/8720/2180
f 2300/8721/2181 2301/8722/2181 2317/8723/2181 2316/8724/2181
f 2301/8725/2182 2302/8726/2182 2318/8727/2182 2317/8728/2182
f 2302/8729/2183 2303/8730/2183 2319/8731/2183 2318/8732/2183
f 2303/8733/2184 2304/8734/2184 2320/8735/2184 2319/8736/2184
f 323/8737/2185 2305/8738/2185 2321/8739/2185 322/8740/2185
f 2305/8741/2186 2306/8742/2186 2322/8743/2186 2321/8744/2186
f 2306/8745/2187 2307/8746/2187 2323/8747/2187 2322/8748/2187
f 2307/8749/2188 2308/8750/2188 2324/8751/2188 2323/8752/2188
f 2308/8753/2189 2309/8754/2189 2325/8755/2189 2324/8756/2189
f 2309/8757/2190 2310/8758/2190 2326/8759/2190 2325/8760/2190
f 2310/8761/2191 2311/8762/2191 2327/8763/2191 2326/8764/2191
f 2311/8765/2192 2312/8766/2192 2328/8767/2192 2327/8768/2192
f 2312/8769/2193 2313/8770/2193 2329/8771/2193 2328/8772/2193
f 2313/8773/2194 2314/8774/2194 2330/8775/2194 2329/8776/2194
f 2314/8777/2195 2315/8778/2195 2331/8779/2195 2330/8780/2195
f 2315/8781/2196 2316/8782/2196 2332/8783/2196 2331/8784/2196
f 2316/8785/2197 2317/8786/2197 2333/8787/2197 2332/8788/2197
f 2317/8789/2198 2318/8790/2198 2334/8791/2198 2333/8792/2198
f 2318/8793/2199 2319/8794/2199 2335/8795/2199 2334/8796/2199
f 2319/8797/2200 2320/8798/2200 2336/8799/2200 2335/8800/2200
f 322/8801/2201 2321/8802/2201 2337/8803/2201 3/8804/2201
f 2321/8805/2202 2322/8806/2202 2338/8807/2202 2337/8808/2202
f 2322/8809/2203 2323/8810/2203 2339/8811/2203 2338/8812/2203
f 2323/8813/2204 2324/8814/2204 2340/8815/2204 2339/8816/2204
f 2324/8817/2205 2325/8818/2205 2341/8819/2205 2340/8820/2205
f 2325/8821/2206 2326/8822/2206 2342/8823/2206 2341/8824/2206
f 2326/8825/2207 2327/8826/2207 2343/8827/2207 2342/8828/2207
f 2327/8829/2208 2328/8830/2208 2344/8831/2208 2343/8832/2208
f 2328/8833/2209 2329/8834/2209 2345/8835/2209 2344/8836/2209
f 2329/8837/2210 2330/8838/2210 2346/8839/2210 2345/8840/2210
f 2330/8841/2211 2331/8842/2211 2347/8843/2211 2346/8844/2211
f 2331/8845/2212 2332/8846/2212 2348/8847/2212 2347/8848/2212
f 2332/8849/2213 2333/8850/2213 2349/8851/2213 2348/8852/2213
f 2333/8853/2214 2334/8854/2214 2350/8855/2214 2349/8856/2214
f 2334/8857/2215 2335/8858/2215 2351/8859/2215 2350/8860/2215
f 2335/8861/2216 2336/8862/2216 2352/8863/2216 2351/8864/2216
f 333/8865/2217 2353/8866/2217 2161/8867/2217 332/8868/2217
f 2353/8869/2218 2354/8870/2218 2163/8871/2218 2161/8872/2218
f 2354/8873/2219 2355/8874/2219 2165/8875/2219 2163/8876/2219
f 2355/8877/2220 2356/8878/2220 2167/8879/2220 2165/8880/2220
f 2356/8881/2221 2357/8882/2221 2169/8883/2221 2167/8884/2221
f 2357/8885/2222 2358/8886/2222 2171/8887/2222 2169/8888/2222
f 2358/8889/2223 2359/8890/2223 2173/8891/2223 2171/8892/2223
f 2359/8893/2224 2360/8894/2224 2175/8895/2224 2173/8896/2224
f 2360/8897/2225 2361/8898/2225 2177/8899/2225 2175/8900/2225
f 2361/8901/2226 2362/8902/2226 2179/8903/2226 2177/8904/2226
f 2362/8905/2227 2363/8906/2227 2181/8907/2227 2179/8908/2227
f 2363/8909/2228 2364/8910/2228 2183/8911/2228 2181/8912/2228
f 2364/8913/2229 2365/8914/2229 2185/8915/2229 2183/8916/2229
f 2365/8917/2230 2366/8918/2230 2187/8919/2230 2185/8920/2230
f 2366/8921/2231 2367/8922/2231 2189/8923/2231 2187/8924/2231
f 2367/8925/2232 2368/8926/2232 2191/8927/2232 2189/8928/2232
f 334/8929/2233 2369/8930/2233 2353/8931/2233 333/8932/2233
f 2369/8933/2234 2370/8934/2234 2354/8935/2234 2353/8936/2234
f 2370/8937/2235 2371/8938/2235 2355/8939/2235 2354/8940/2235
f 2371/8941/2236 2372/8942/2236 2356/8943/2236 2355/8944/2236
f 2372/8945/2237 2373/8946/2237 2357/8947/2237 2356/8948/2237
f 2373/8949/2238 2374/8950/2238 2358/8951/2238 2357/8952/2238
f 2374/8953/2239 2375/8954/2239 2359/8955/2239 2358/8956/2239
f 2375/8957/2240 2376/8958/2240 2360/8959/2240 2359/8960/2240
f 2376/8961/2241 2377/8962/2241 2361/8963/2241 2360/8964/2241
f 2377/8965/2242 2378/8966/2242 2362/8967/2242 2361/8968/2242
f 2378/8969/2243 2379/8970/2243 2363/8971/2243 2362/8972/2243
f 2379/8973/2244 2380/8974/2244 2364/8975/2244 2363/8976/2244
f 2380/8977/2245 2381/8978/2245 2365/8979/2245 2364/8980/2245
f 2381/8981/2246 2382/8982/2246 2366/8983/2246 2365/8984/2246
f 2382/8985/2247 2383/8986/2247 2367/8987/2247 2366/8988/2247
f 2383/8989/2248 2384/8990/2248 2368/8991/2248 2367/8992/2248
f 335/8993/2249 2385/8994/2249 2369/8995/2249 334/8996/2249
f 2385/8997/2250 2386/8998/2250 2370/8999/2250 2369/9000/2250
f 2386/9001/2251 2387/9002/2251 2371/9003/2251 2370/9004/2251
f 2387/9005/2252 2388/9006/2252 2372/9007/2252 2371/9008/2252
f 2388/9009/2253 2389/9010/2253 2373/9011/2253 2372/9012/2253
f 2389/9013/2254 2390/9014/2254 2374/9015/2254 2373/9016/2254
f 2390/9017/2255 2391/9018/2255 2375/9019/2255 2374/9020/2255
f 2391/9021/2256 2392/9022/2256 2376/9023/2256 2375/9024/2256
f 2392/9025/2257 2393/9026/2257 2377/9027/2257 2376/9028/2257
f 2393/9029/2258 2394/9030/2258 2378/9031/2258 2377/9032/2258
f 2394/9033/2259 2395/9034/2259 2379/9035/2259 2378/9036/2259
f 2395/9037/2260 2396/9038/2260 2380/9039/2260 2379/9040/2260
f 2396/9041/2261 2397/9042/2261 2381/9043/2261 2380/9044/2261
f 2397/9045/2262 2398/9046/2262 2382/9047/2262 2381/9048/2262
f 2398/9049/2263 2399/9050/2263 2383/9051/2263 2382/9052/2263
f 2399/9053/2264 2400/9054/2264 2384/9055/2264 2383/9056/2264
f 336/9057/2265 2401/9058/2265 2385/9059/2265 335/9060/2265
f 2401/9061/2266 2402/9062/2266 2386/9063/2266 2385/9064/2266
f 2402/9065/2267 2403/9066/2267 2387/9067/2267 2386/9068/2267
f 2403/9069/2268 2404/9070/2268 2388/9071/2268 2387/9072/2268
f 2404/9073/2269 2405/9074/2269 2389/9075/2269 2388/9076/2269
f 2405/9077/2270 2406/9078/2270 2390/9079/2270 2389/9080/2270
f 2406/9081/2271 2407/9082/2271 2391/9083/2271 2390/9084/2271
f 2407/9085/2272 2408/9086/2272 2392/9087/2272 2391/9088/2272
f 2408/9089/2273 2409/9090/2273 2393/9091/2273 2392/9092/2273
f 2409/9093/2274 2410/9094/2274 2394/9095/2274 2393/9096/2274
f 2410/9097/2275 2411/9098/2275 2395/9099/2275 2394/9100/2275
f 2411/9101/2276 2412/9102/2276 2396/9103/2276 2395/9104/2276
f 2412/9105/2277 2413/9106/2277 2397/9107/2277 2396/9108/2277
f 2413/9109/2278 2414/9110/2278 2398/9111/2278 2397/9112/2278
f 2414/9113/2279 2415/9114/2279 2399/9115/2279 2398/9116/2279
f 2415/9117/2280 2416/9118/2280 2400/9119/2280 2399/9120/2280
f 337/9121/2281 2417/9122/2281 2401/9123/2281 336/9124/2281
f 2417/9125/2282 2418/9126/2282 2402/9127/2282 2401/9128/2282
f 2418/9129/2283 2419/9130/2283 2403/9131/2283 2402/9132/2283
f 2419/9133/2284 2420/9134/2284 2404/9135/2284 2403/9136/2284
f 2420/9137/2285 2421/9138/2285 2405/9139/2285 2404/9140/2285
f 2421/9141/2286 2422/9142/2286 2406/9143/2286 2405/9144/2286
f 2422/9145/2287 2423/9146/2287 2407/9147/2287 2406/9148/2287
f 2423/9149/2288 2424/9150/2288 2408/9151/2288 2407/9152/2288
f 2424/9153/2289 2425/9154/2289 2409/9155/2289 2408/9156/2289
f 2425/9157/2290 2426/9158/2290 2410/9159/2290 2409/9160/2290
f 2426/9161/2291 2427/9162/2291 2411/9163/2291 2410/9164/2291
f 2427/9165/2292 2428/9166/2292 2412/9167/2292 2411/9168/2292
f 2428/9169/2293 2429/9170/2293 2413/9171/2293 2412/9172/2293
f 2429/9173/2294 2430/9174/2294 2414/9175/2294 2413/9176/2294
f 2430/9177/2295 2431/9178/2295 2415/9179/2295 2414/9180/2295
f 2431/9181/2296 2432/9182/2296 2416/9183/2296 2415/9184/2296
f 2/9185/2297 2433/9186/2297 2417/9187/2297 337/9188/2297
f 2433/9189/2298 2434/9190/2298 2418/9191/2298 2417/9192/2298
f 2434/9193/2299 2435/9194/2299 2419/9195/2299 2418/9196/2299
f 2435/9197/2300 2436/9198/2300 2420/9199/2300 2419/9200/2300
f 2436/9201/2301 2437/9202/2301 2421/9203/2301 2420/9204/2301
f 2437/9205/2302 2438/9206/2302 2422/9207/2302 2421/9208/2302
f 2438/9209/2303 2439/9210/2303 2423/9211/2303 2422/9212/2303
f 2439/9213/2304 2440/9214/2304 2424/9215/2304 2423/9216/2304
f 2440/9217/2305 2441/9218/2305 2425/9219/2305 2424/9220/2305
f 2441/9221/2306 2442/9222/2306 2426/9223/2306 2425/9224/2306
f 2442/9225/2307 2443/9226/2307 2427/9227/2307 2426/9228/2307
f 2443/9229/2308 2444/9230/2308 2428/9231/2308 2427/9232/2308
f 2444/9233/2309 2445/9234/2309 2429/9235/2309 2428/9236/2309
f 2445/9237/2310 2446/9238/2310 2430/9239/2310 2429/9240/2310
f 2446/9241/2311 2447/9242/2311 2431/9243/2311 2430/9244/2311
f 2447/9245/2312 2448/9246/2312 2432/9247/2312 2431/9248/2312